observation_date,asof_date,vintage_available_utc,value,response_sha256_16
2019-12-02,2019-12-16,2019-12-17T22:00:00+00:00,117.0067,967032801546afec
2019-12-03,2019-12-16,2019-12-17T22:00:00+00:00,116.9448,967032801546afec
2019-12-04,2019-12-16,2019-12-17T22:00:00+00:00,116.7419,967032801546afec
2019-12-05,2019-12-16,2019-12-17T22:00:00+00:00,116.4383,967032801546afec
2019-12-06,2019-12-16,2019-12-17T22:00:00+00:00,116.5803,967032801546afec
2019-12-09,2019-12-16,2019-12-17T22:00:00+00:00,116.3758,967032801546afec
2019-12-10,2019-12-16,2019-12-17T22:00:00+00:00,116.3039,967032801546afec
2019-12-11,2019-12-16,2019-12-17T22:00:00+00:00,116.1994,967032801546afec
2019-12-12,2019-12-16,2019-12-17T22:00:00+00:00,115.9127,967032801546afec
2019-12-13,2019-12-16,2019-12-17T22:00:00+00:00,115.7393,967032801546afec
2019-12-16,2019-12-23,2019-12-24T22:00:00+00:00,115.5991,571d951b931b57f6
2019-12-17,2019-12-23,2019-12-24T22:00:00+00:00,115.6004,571d951b931b57f6
2019-12-18,2019-12-23,2019-12-24T22:00:00+00:00,115.7037,571d951b931b57f6
2019-12-19,2019-12-23,2019-12-24T22:00:00+00:00,115.6457,571d951b931b57f6
2019-12-20,2019-12-23,2019-12-24T22:00:00+00:00,115.7975,571d951b931b57f6
2019-12-23,2019-12-30,2019-12-31T22:00:00+00:00,115.8460,494a46a84d4c9034
2019-12-24,2019-12-30,2019-12-31T22:00:00+00:00,115.8267,494a46a84d4c9034
2019-12-26,2019-12-30,2019-12-31T22:00:00+00:00,115.6713,494a46a84d4c9034
2019-12-27,2019-12-30,2019-12-31T22:00:00+00:00,115.2705,494a46a84d4c9034
2019-12-30,2020-01-06,2020-01-07T22:00:00+00:00,115.0184,4bbefc103085aef0
2019-12-31,2020-01-06,2020-01-07T22:00:00+00:00,114.7189,4bbefc103085aef0
2020-01-02,2020-01-06,2020-01-07T22:00:00+00:00,115.0172,4bbefc103085aef0
2020-01-03,2020-01-06,2020-01-07T22:00:00+00:00,115.0302,4bbefc103085aef0
2020-01-06,2020-01-13,2020-01-14T22:00:00+00:00,115.0017,2edfb4a0a050648d
2020-01-07,2020-01-13,2020-01-14T22:00:00+00:00,115.1884,2edfb4a0a050648d
2020-01-08,2020-01-13,2020-01-14T22:00:00+00:00,115.1644,2edfb4a0a050648d
2020-01-09,2020-01-13,2020-01-14T22:00:00+00:00,115.2741,2edfb4a0a050648d
2020-01-10,2020-01-13,2020-01-14T22:00:00+00:00,115.1065,2edfb4a0a050648d
2020-01-13,2020-01-21,2020-01-22T22:00:00+00:00,115.0895,7cb745ca6180ed3b
2020-01-14,2020-01-21,2020-01-22T22:00:00+00:00,115.0761,7cb745ca6180ed3b
2020-01-15,2020-01-21,2020-01-22T22:00:00+00:00,115.0121,7cb745ca6180ed3b
2020-01-16,2020-01-21,2020-01-22T22:00:00+00:00,115.0525,7cb745ca6180ed3b
2020-01-17,2020-01-21,2020-01-22T22:00:00+00:00,115.1083,7cb745ca6180ed3b
2020-01-02,2020-01-27,2020-01-28T22:00:00+00:00,115.0169,b784257da8f0b980
2020-01-03,2020-01-27,2020-01-28T22:00:00+00:00,115.0301,b784257da8f0b980
2020-01-07,2020-01-27,2020-01-28T22:00:00+00:00,115.1882,b784257da8f0b980
2020-01-08,2020-01-27,2020-01-28T22:00:00+00:00,115.1642,b784257da8f0b980
2020-01-09,2020-01-27,2020-01-28T22:00:00+00:00,115.2739,b784257da8f0b980
2020-01-10,2020-01-27,2020-01-28T22:00:00+00:00,115.1047,b784257da8f0b980
2020-01-13,2020-01-27,2020-01-28T22:00:00+00:00,115.0849,b784257da8f0b980
2020-01-14,2020-01-27,2020-01-28T22:00:00+00:00,115.0747,b784257da8f0b980
2020-01-15,2020-01-27,2020-01-28T22:00:00+00:00,115.0126,b784257da8f0b980
2020-01-16,2020-01-27,2020-01-28T22:00:00+00:00,115.0544,b784257da8f0b980
2020-01-17,2020-01-27,2020-01-28T22:00:00+00:00,115.1122,b784257da8f0b980
2020-01-21,2020-01-27,2020-01-28T22:00:00+00:00,115.2412,b784257da8f0b980
2020-01-22,2020-01-27,2020-01-28T22:00:00+00:00,115.2775,b784257da8f0b980
2020-01-23,2020-01-27,2020-01-28T22:00:00+00:00,115.6060,b784257da8f0b980
2020-01-24,2020-01-27,2020-01-28T22:00:00+00:00,115.6041,b784257da8f0b980
2020-01-27,2020-02-03,2020-02-04T22:00:00+00:00,115.8557,5f676f070d5ac2ea
2020-01-28,2020-02-03,2020-02-04T22:00:00+00:00,115.7662,5f676f070d5ac2ea
2020-01-29,2020-02-03,2020-02-04T22:00:00+00:00,115.7404,5f676f070d5ac2ea
2020-01-30,2020-02-03,2020-02-04T22:00:00+00:00,115.8519,5f676f070d5ac2ea
2020-01-31,2020-02-03,2020-02-04T22:00:00+00:00,115.7850,5f676f070d5ac2ea
2020-02-03,2020-02-10,2020-02-11T22:00:00+00:00,116.1883,688174f6b1d40ee1
2020-02-04,2020-02-10,2020-02-11T22:00:00+00:00,115.9917,688174f6b1d40ee1
2020-02-05,2020-02-10,2020-02-11T22:00:00+00:00,116.0570,688174f6b1d40ee1
2020-02-06,2020-02-10,2020-02-11T22:00:00+00:00,116.1986,688174f6b1d40ee1
2020-02-07,2020-02-10,2020-02-11T22:00:00+00:00,116.5604,688174f6b1d40ee1
2020-02-10,2020-02-18,2020-02-19T22:00:00+00:00,116.6148,9b990d599433aa69
2020-02-11,2020-02-18,2020-02-19T22:00:00+00:00,116.4031,9b990d599433aa69
2020-02-12,2020-02-18,2020-02-19T22:00:00+00:00,116.3209,9b990d599433aa69
2020-02-13,2020-02-18,2020-02-19T22:00:00+00:00,116.4325,9b990d599433aa69
2020-02-14,2020-02-18,2020-02-19T22:00:00+00:00,116.4479,9b990d599433aa69
2020-02-18,2020-02-24,2020-02-25T22:00:00+00:00,116.6347,006a26921b0567d1
2020-02-19,2020-02-24,2020-02-25T22:00:00+00:00,116.8161,006a26921b0567d1
2020-02-20,2020-02-24,2020-02-25T22:00:00+00:00,117.2903,006a26921b0567d1
2020-02-21,2020-02-24,2020-02-25T22:00:00+00:00,117.0919,006a26921b0567d1
2020-02-24,2020-03-02,2020-03-03T22:00:00+00:00,117.4522,d48be1d93d2ce8c9
2020-02-25,2020-03-02,2020-03-03T22:00:00+00:00,117.2881,d48be1d93d2ce8c9
2020-02-26,2020-03-02,2020-03-03T22:00:00+00:00,117.4714,d48be1d93d2ce8c9
2020-02-27,2020-03-02,2020-03-03T22:00:00+00:00,117.4579,d48be1d93d2ce8c9
2020-02-28,2020-03-02,2020-03-03T22:00:00+00:00,117.7687,d48be1d93d2ce8c9
2020-03-02,2020-03-09,2020-03-10T22:00:00+00:00,116.9457,670d8339947bcd1e
2020-03-03,2020-03-09,2020-03-10T22:00:00+00:00,116.6209,670d8339947bcd1e
2020-03-04,2020-03-09,2020-03-10T22:00:00+00:00,116.9130,670d8339947bcd1e
2020-03-05,2020-03-09,2020-03-10T22:00:00+00:00,116.9531,670d8339947bcd1e
2020-03-06,2020-03-09,2020-03-10T22:00:00+00:00,116.8982,670d8339947bcd1e
2020-03-09,2020-03-16,2020-03-17T22:00:00+00:00,117.4214,ed69dba2235d417b
2020-03-10,2020-03-16,2020-03-17T22:00:00+00:00,118.1461,ed69dba2235d417b
2020-03-11,2020-03-16,2020-03-17T22:00:00+00:00,118.4910,ed69dba2235d417b
2020-03-12,2020-03-16,2020-03-17T22:00:00+00:00,120.7762,ed69dba2235d417b
2020-03-13,2020-03-16,2020-03-17T22:00:00+00:00,120.7065,ed69dba2235d417b
2020-03-16,2020-03-23,2020-03-24T22:00:00+00:00,121.2512,773960b46d744994
2020-03-17,2020-03-23,2020-03-24T22:00:00+00:00,122.8034,773960b46d744994
2020-03-18,2020-03-23,2020-03-24T22:00:00+00:00,124.5085,773960b46d744994
2020-03-19,2020-03-23,2020-03-24T22:00:00+00:00,125.3882,773960b46d744994
2020-03-20,2020-03-23,2020-03-24T22:00:00+00:00,125.2308,773960b46d744994
2020-03-23,2020-03-30,2020-03-31T22:00:00+00:00,126.4719,3c679195c0442cf5
2020-03-24,2020-03-30,2020-03-31T22:00:00+00:00,125.8206,3c679195c0442cf5
2020-03-25,2020-03-30,2020-03-31T22:00:00+00:00,125.1112,3c679195c0442cf5
2020-03-26,2020-03-30,2020-03-31T22:00:00+00:00,122.7052,3c679195c0442cf5
2020-03-27,2020-03-30,2020-03-31T22:00:00+00:00,122.7064,3c679195c0442cf5
2020-03-30,2020-04-06,2020-04-07T22:00:00+00:00,123.6056,a38fade6e30c20bd
2020-03-31,2020-04-06,2020-04-07T22:00:00+00:00,122.8238,a38fade6e30c20bd
2020-04-01,2020-04-06,2020-04-07T22:00:00+00:00,124.1096,a38fade6e30c20bd
2020-04-02,2020-04-06,2020-04-07T22:00:00+00:00,123.8881,a38fade6e30c20bd
2020-04-03,2020-04-06,2020-04-07T22:00:00+00:00,124.7315,a38fade6e30c20bd
2020-04-06,2020-04-13,2020-04-14T22:00:00+00:00,124.4784,f3b35388c282577d
2020-04-07,2020-04-13,2020-04-14T22:00:00+00:00,123.3980,f3b35388c282577d
2020-04-08,2020-04-13,2020-04-14T22:00:00+00:00,123.5074,f3b35388c282577d
2020-04-09,2020-04-13,2020-04-14T22:00:00+00:00,122.7555,f3b35388c282577d
2020-04-10,2020-04-13,2020-04-14T22:00:00+00:00,122.4423,f3b35388c282577d
2020-04-13,2020-04-20,2020-04-21T22:00:00+00:00,122.8102,19f7c06d74c2723a
2020-04-14,2020-04-20,2020-04-21T22:00:00+00:00,122.4022,19f7c06d74c2723a
2020-04-15,2020-04-20,2020-04-21T22:00:00+00:00,123.3932,19f7c06d74c2723a
2020-04-16,2020-04-20,2020-04-21T22:00:00+00:00,123.7698,19f7c06d74c2723a
2020-04-17,2020-04-20,2020-04-21T22:00:00+00:00,123.1802,19f7c06d74c2723a
2020-04-20,2020-04-27,2020-04-28T22:00:00+00:00,123.4179,fdc068dfe91fbf61
2020-04-21,2020-04-27,2020-04-28T22:00:00+00:00,124.2482,fdc068dfe91fbf61
2020-04-22,2020-04-27,2020-04-28T22:00:00+00:00,124.2571,fdc068dfe91fbf61
2020-04-23,2020-04-27,2020-04-28T22:00:00+00:00,124.0770,fdc068dfe91fbf61
2020-04-24,2020-04-27,2020-04-28T22:00:00+00:00,124.5055,fdc068dfe91fbf61
2020-04-27,2020-05-04,2020-05-05T22:00:00+00:00,124.2336,5d6e438aeeafcf26
2020-04-28,2020-05-04,2020-05-05T22:00:00+00:00,123.7150,5d6e438aeeafcf26
2020-04-29,2020-05-04,2020-05-05T22:00:00+00:00,123.0849,5d6e438aeeafcf26
2020-04-30,2020-05-04,2020-05-05T22:00:00+00:00,122.6682,5d6e438aeeafcf26
2020-05-01,2020-05-04,2020-05-05T22:00:00+00:00,123.5227,5d6e438aeeafcf26
2020-05-04,2020-05-11,2020-05-12T22:00:00+00:00,123.5680,444b431f5af1389e
2020-05-05,2020-05-11,2020-05-12T22:00:00+00:00,123.1291,444b431f5af1389e
2020-05-06,2020-05-11,2020-05-12T22:00:00+00:00,123.9628,444b431f5af1389e
2020-05-07,2020-05-11,2020-05-12T22:00:00+00:00,123.4691,444b431f5af1389e
2020-05-08,2020-05-11,2020-05-12T22:00:00+00:00,122.8787,444b431f5af1389e
2020-05-11,2020-05-18,2020-05-19T22:00:00+00:00,123.6025,a901a78174d0de71
2020-05-12,2020-05-18,2020-05-19T22:00:00+00:00,123.4320,a901a78174d0de71
2020-05-13,2020-05-18,2020-05-19T22:00:00+00:00,123.9303,a901a78174d0de71
2020-05-14,2020-05-18,2020-05-19T22:00:00+00:00,124.0247,a901a78174d0de71
2020-05-15,2020-05-18,2020-05-19T22:00:00+00:00,123.9765,a901a78174d0de71
2020-05-18,2020-05-26,2020-05-27T22:00:00+00:00,123.1583,e5b26310fc144689
2020-05-19,2020-05-26,2020-05-27T22:00:00+00:00,122.9283,e5b26310fc144689
2020-05-20,2020-05-26,2020-05-27T22:00:00+00:00,122.4641,e5b26310fc144689
2020-05-21,2020-05-26,2020-05-27T22:00:00+00:00,122.4415,e5b26310fc144689
2020-05-22,2020-05-26,2020-05-27T22:00:00+00:00,122.6609,e5b26310fc144689
2020-05-26,2020-06-01,2020-06-02T22:00:00+00:00,122.6609,d2d02cb2fd0e6a7a
2020-05-27,2020-06-01,2020-06-02T22:00:00+00:00,122.6609,d2d02cb2fd0e6a7a
2020-05-28,2020-06-01,2020-06-02T22:00:00+00:00,122.6609,d2d02cb2fd0e6a7a
2020-05-29,2020-06-01,2020-06-02T22:00:00+00:00,121.2796,d2d02cb2fd0e6a7a
2020-05-26,2020-06-08,2020-06-09T22:00:00+00:00,121.6933,68d6586960227cb6
2020-05-27,2020-06-08,2020-06-09T22:00:00+00:00,121.8758,68d6586960227cb6
2020-05-28,2020-06-08,2020-06-09T22:00:00+00:00,121.3316,68d6586960227cb6
2020-06-01,2020-06-08,2020-06-09T22:00:00+00:00,120.5865,68d6586960227cb6
2020-06-02,2020-06-08,2020-06-09T22:00:00+00:00,119.9804,68d6586960227cb6
2020-06-03,2020-06-08,2020-06-09T22:00:00+00:00,119.5411,68d6586960227cb6
2020-06-04,2020-06-08,2020-06-09T22:00:00+00:00,119.6058,68d6586960227cb6
2020-06-05,2020-06-08,2020-06-09T22:00:00+00:00,119.0893,68d6586960227cb6
2020-06-08,2020-06-15,2020-06-16T22:00:00+00:00,118.9331,075c4e05090550ba
2020-06-09,2020-06-15,2020-06-16T22:00:00+00:00,118.8847,075c4e05090550ba
2020-06-10,2020-06-15,2020-06-16T22:00:00+00:00,118.8287,075c4e05090550ba
2020-06-11,2020-06-15,2020-06-16T22:00:00+00:00,119.5789,075c4e05090550ba
2020-06-12,2020-06-15,2020-06-16T22:00:00+00:00,119.9954,075c4e05090550ba
2020-06-15,2020-06-22,2020-06-23T22:00:00+00:00,120.3066,8211c9cc9757a750
2020-06-16,2020-06-22,2020-06-23T22:00:00+00:00,119.9021,8211c9cc9757a750
2020-06-17,2020-06-22,2020-06-23T22:00:00+00:00,120.2563,8211c9cc9757a750
2020-06-18,2020-06-22,2020-06-23T22:00:00+00:00,120.5811,8211c9cc9757a750
2020-06-19,2020-06-22,2020-06-23T22:00:00+00:00,120.5752,8211c9cc9757a750
2020-06-22,2020-06-29,2020-06-30T22:00:00+00:00,120.1008,3bcd0e5dfb9d5500
2020-06-23,2020-06-29,2020-06-30T22:00:00+00:00,119.6702,3bcd0e5dfb9d5500
2020-06-24,2020-06-29,2020-06-30T22:00:00+00:00,120.3455,3bcd0e5dfb9d5500
2020-06-25,2020-06-29,2020-06-30T22:00:00+00:00,120.6748,3bcd0e5dfb9d5500
2020-06-26,2020-06-29,2020-06-30T22:00:00+00:00,120.9230,3bcd0e5dfb9d5500
2020-06-29,2020-07-06,2020-07-07T22:00:00+00:00,121.0683,5a514bbe6c915929
2020-06-30,2020-07-06,2020-07-07T22:00:00+00:00,120.8643,5a514bbe6c915929
2020-07-01,2020-07-06,2020-07-07T22:00:00+00:00,120.4595,5a514bbe6c915929
2020-07-02,2020-07-06,2020-07-07T22:00:00+00:00,120.2176,5a514bbe6c915929
2020-07-06,2020-07-13,2020-07-14T22:00:00+00:00,119.6429,209fc321d3aefef8
2020-07-07,2020-07-13,2020-07-14T22:00:00+00:00,119.9416,209fc321d3aefef8
2020-07-08,2020-07-13,2020-07-14T22:00:00+00:00,119.9255,209fc321d3aefef8
2020-07-09,2020-07-13,2020-07-14T22:00:00+00:00,119.8738,209fc321d3aefef8
2020-07-10,2020-07-13,2020-07-14T22:00:00+00:00,119.7092,209fc321d3aefef8
2020-07-13,2020-07-20,2020-07-21T22:00:00+00:00,119.5504,d9abd7de282ee8ce
2020-07-14,2020-07-20,2020-07-21T22:00:00+00:00,119.7717,d9abd7de282ee8ce
2020-07-15,2020-07-20,2020-07-21T22:00:00+00:00,119.3883,d9abd7de282ee8ce
2020-07-16,2020-07-20,2020-07-21T22:00:00+00:00,119.2841,d9abd7de282ee8ce
2020-07-17,2020-07-20,2020-07-21T22:00:00+00:00,119.4937,d9abd7de282ee8ce
2020-07-20,2020-07-27,2020-07-28T22:00:00+00:00,119.4123,131728b4400941ce
2020-07-21,2020-07-27,2020-07-28T22:00:00+00:00,118.7542,131728b4400941ce
2020-07-22,2020-07-27,2020-07-28T22:00:00+00:00,118.4914,131728b4400941ce
2020-07-23,2020-07-27,2020-07-28T22:00:00+00:00,118.4277,131728b4400941ce
2020-07-24,2020-07-27,2020-07-28T22:00:00+00:00,118.5106,131728b4400941ce
2020-07-27,2020-08-03,2020-08-04T22:00:00+00:00,117.7614,f68ed0295bdb3dd3
2020-07-28,2020-08-03,2020-08-04T22:00:00+00:00,117.6941,f68ed0295bdb3dd3
2020-07-29,2020-08-03,2020-08-04T22:00:00+00:00,117.5939,f68ed0295bdb3dd3
2020-07-30,2020-08-03,2020-08-04T22:00:00+00:00,117.7955,f68ed0295bdb3dd3
2020-07-31,2020-08-03,2020-08-04T22:00:00+00:00,117.6010,f68ed0295bdb3dd3
2020-08-03,2020-08-10,2020-08-11T22:00:00+00:00,118.2115,67a6a1b2ec640e2f
2020-08-04,2020-08-10,2020-08-11T22:00:00+00:00,118.1935,67a6a1b2ec640e2f
2020-08-05,2020-08-10,2020-08-11T22:00:00+00:00,117.2810,67a6a1b2ec640e2f
2020-08-06,2020-08-10,2020-08-11T22:00:00+00:00,117.4495,67a6a1b2ec640e2f
2020-08-07,2020-08-10,2020-08-11T22:00:00+00:00,118.0417,67a6a1b2ec640e2f
2020-08-10,2020-08-17,2020-08-18T22:00:00+00:00,117.9937,a6b8e2a8f090aeb0
2020-08-11,2020-08-17,2020-08-18T22:00:00+00:00,117.7813,a6b8e2a8f090aeb0
2020-08-12,2020-08-17,2020-08-18T22:00:00+00:00,117.6711,a6b8e2a8f090aeb0
2020-08-13,2020-08-17,2020-08-18T22:00:00+00:00,117.5273,a6b8e2a8f090aeb0
2020-08-14,2020-08-17,2020-08-18T22:00:00+00:00,117.3451,a6b8e2a8f090aeb0
2020-08-17,2020-08-24,2020-08-25T22:00:00+00:00,117.1610,c9d3807df15d32b5
2020-08-18,2020-08-24,2020-08-25T22:00:00+00:00,116.9742,c9d3807df15d32b5
2020-08-19,2020-08-24,2020-08-25T22:00:00+00:00,116.9715,c9d3807df15d32b5
2020-08-20,2020-08-24,2020-08-25T22:00:00+00:00,117.2289,c9d3807df15d32b5
2020-08-21,2020-08-24,2020-08-25T22:00:00+00:00,117.4606,c9d3807df15d32b5
2020-08-24,2020-08-31,2020-09-01T22:00:00+00:00,117.3210,7f0a3f4589cc960f
2020-08-25,2020-08-31,2020-09-01T22:00:00+00:00,117.2333,7f0a3f4589cc960f
2020-08-26,2020-08-31,2020-09-01T22:00:00+00:00,117.0289,7f0a3f4589cc960f
2020-08-27,2020-08-31,2020-09-01T22:00:00+00:00,117.0536,7f0a3f4589cc960f
2020-08-28,2020-08-31,2020-09-01T22:00:00+00:00,116.3198,7f0a3f4589cc960f
2020-08-28,2020-09-08,2020-09-09T22:00:00+00:00,117.0536,7c6d1665e48ed9c0
2020-08-31,2020-09-08,2020-09-09T22:00:00+00:00,116.1421,7c6d1665e48ed9c0
2020-09-01,2020-09-08,2020-09-09T22:00:00+00:00,115.9291,7c6d1665e48ed9c0
2020-09-02,2020-09-08,2020-09-09T22:00:00+00:00,116.3900,7c6d1665e48ed9c0
2020-09-03,2020-09-08,2020-09-09T22:00:00+00:00,116.4248,7c6d1665e48ed9c0
2020-09-04,2020-09-08,2020-09-09T22:00:00+00:00,116.3822,7c6d1665e48ed9c0
2020-09-08,2020-09-14,2020-09-15T22:00:00+00:00,116.8275,ab97265921cbf9a2
2020-09-09,2020-09-14,2020-09-15T22:00:00+00:00,116.4856,ab97265921cbf9a2
2020-09-10,2020-09-14,2020-09-15T22:00:00+00:00,116.2510,ab97265921cbf9a2
2020-09-11,2020-09-14,2020-09-15T22:00:00+00:00,116.4578,ab97265921cbf9a2
2020-08-28,2020-09-21,2020-09-22T22:00:00+00:00,116.3198,9e57b2efbd0bbd92
2020-09-14,2020-09-21,2020-09-22T22:00:00+00:00,116.0054,9e57b2efbd0bbd92
2020-09-15,2020-09-21,2020-09-22T22:00:00+00:00,115.9435,9e57b2efbd0bbd92
2020-09-16,2020-09-21,2020-09-22T22:00:00+00:00,115.6920,9e57b2efbd0bbd92
2020-09-17,2020-09-21,2020-09-22T22:00:00+00:00,115.7819,9e57b2efbd0bbd92
2020-09-18,2020-09-21,2020-09-22T22:00:00+00:00,115.5932,9e57b2efbd0bbd92
2020-09-21,2020-09-28,2020-09-29T22:00:00+00:00,116.7602,46b97aaf744e6946
2020-09-22,2020-09-28,2020-09-29T22:00:00+00:00,116.9191,46b97aaf744e6946
2020-09-23,2020-09-28,2020-09-29T22:00:00+00:00,117.6486,46b97aaf744e6946
2020-09-24,2020-09-28,2020-09-29T22:00:00+00:00,117.9406,46b97aaf744e6946
2020-09-25,2020-09-28,2020-09-29T22:00:00+00:00,118.2650,46b97aaf744e6946
2020-09-28,2020-10-05,2020-10-06T22:00:00+00:00,118.0243,528c171f57dd74d5
2020-09-29,2020-10-05,2020-10-06T22:00:00+00:00,117.9481,528c171f57dd74d5
2020-09-30,2020-10-05,2020-10-06T22:00:00+00:00,117.3485,528c171f57dd74d5
2020-10-01,2020-10-05,2020-10-06T22:00:00+00:00,117.1284,528c171f57dd74d5
2020-10-02,2020-10-05,2020-10-06T22:00:00+00:00,117.1309,528c171f57dd74d5
2020-10-05,2020-10-13,2020-10-14T22:00:00+00:00,116.5760,178967c425dc3448
2020-10-06,2020-10-13,2020-10-14T22:00:00+00:00,116.6628,178967c425dc3448
2020-10-07,2020-10-13,2020-10-14T22:00:00+00:00,116.7486,178967c425dc3448
2020-10-08,2020-10-13,2020-10-14T22:00:00+00:00,116.5623,178967c425dc3448
2020-10-09,2020-10-13,2020-10-14T22:00:00+00:00,115.6479,178967c425dc3448
2020-10-13,2020-10-19,2020-10-20T22:00:00+00:00,116.2954,c424dd66cd03a6dc
2020-10-14,2020-10-19,2020-10-20T22:00:00+00:00,116.0637,c424dd66cd03a6dc
2020-10-15,2020-10-19,2020-10-20T22:00:00+00:00,116.4836,c424dd66cd03a6dc
2020-10-16,2020-10-19,2020-10-20T22:00:00+00:00,116.1411,c424dd66cd03a6dc
2020-10-19,2020-10-26,2020-10-27T22:00:00+00:00,115.7777,b85897de7937c6d2
2020-10-20,2020-10-26,2020-10-27T22:00:00+00:00,115.6263,b85897de7937c6d2
2020-10-21,2020-10-26,2020-10-27T22:00:00+00:00,115.2845,b85897de7937c6d2
2020-10-22,2020-10-26,2020-10-27T22:00:00+00:00,115.4884,b85897de7937c6d2
2020-10-23,2020-10-26,2020-10-27T22:00:00+00:00,115.3900,b85897de7937c6d2
2020-10-26,2020-11-02,2020-11-03T22:00:00+00:00,115.6661,6a745215c8872ad7
2020-10-27,2020-11-02,2020-11-03T22:00:00+00:00,115.3966,6a745215c8872ad7
2020-10-28,2020-11-02,2020-11-03T22:00:00+00:00,116.2068,6a745215c8872ad7
2020-10-29,2020-11-02,2020-11-03T22:00:00+00:00,116.7098,6a745215c8872ad7
2020-10-30,2020-11-02,2020-11-03T22:00:00+00:00,116.5267,6a745215c8872ad7
2020-11-02,2020-11-09,2020-11-10T22:00:00+00:00,116.6265,5c60b251cc449a84
2020-11-03,2020-11-09,2020-11-10T22:00:00+00:00,115.8616,5c60b251cc449a84
2020-11-04,2020-11-09,2020-11-10T22:00:00+00:00,115.5316,5c60b251cc449a84
2020-11-05,2020-11-09,2020-11-10T22:00:00+00:00,114.8062,5c60b251cc449a84
2020-11-06,2020-11-09,2020-11-10T22:00:00+00:00,114.3423,5c60b251cc449a84
2020-11-09,2020-11-16,2020-11-17T22:00:00+00:00,114.4203,e6b9362d0bd14ffd
2020-11-10,2020-11-16,2020-11-17T22:00:00+00:00,114.4026,e6b9362d0bd14ffd
2020-11-12,2020-11-16,2020-11-17T22:00:00+00:00,114.6245,e6b9362d0bd14ffd
2020-11-13,2020-11-16,2020-11-17T22:00:00+00:00,114.5851,e6b9362d0bd14ffd
2020-11-16,2020-11-23,2020-11-24T22:00:00+00:00,114.1589,f674d99143e3001d
2020-11-17,2020-11-23,2020-11-24T22:00:00+00:00,114.0029,f674d99143e3001d
2020-11-18,2020-11-23,2020-11-24T22:00:00+00:00,113.7735,f674d99143e3001d
2020-11-19,2020-11-23,2020-11-24T22:00:00+00:00,114.0082,f674d99143e3001d
2020-11-20,2020-11-23,2020-11-24T22:00:00+00:00,113.7996,f674d99143e3001d
2020-11-23,2020-11-30,2020-12-01T22:00:00+00:00,114.0759,b8aecd8e9afc1aa4
2020-11-24,2020-11-30,2020-12-01T22:00:00+00:00,113.7523,b8aecd8e9afc1aa4
2020-11-25,2020-11-30,2020-12-01T22:00:00+00:00,113.4966,b8aecd8e9afc1aa4
2020-11-30,2020-12-07,2020-12-08T22:00:00+00:00,113.5564,82316480c5827299
2020-12-01,2020-12-07,2020-12-08T22:00:00+00:00,113.1315,82316480c5827299
2020-12-02,2020-12-07,2020-12-08T22:00:00+00:00,112.9435,82316480c5827299
2020-12-03,2020-12-07,2020-12-08T22:00:00+00:00,112.3404,82316480c5827299
2020-12-04,2020-12-07,2020-12-08T22:00:00+00:00,112.0953,82316480c5827299
2020-12-07,2020-12-14,2020-12-15T22:00:00+00:00,112.1516,6d2409ccdce9e65f
2020-12-08,2020-12-14,2020-12-15T22:00:00+00:00,112.1757,6d2409ccdce9e65f
2020-12-09,2020-12-14,2020-12-15T22:00:00+00:00,112.3495,6d2409ccdce9e65f
2020-12-10,2020-12-14,2020-12-15T22:00:00+00:00,112.2972,6d2409ccdce9e65f
2020-12-11,2020-12-14,2020-12-15T22:00:00+00:00,112.4621,6d2409ccdce9e65f
2020-12-14,2020-12-21,2020-12-22T22:00:00+00:00,112.5051,11d657d9eb8dd482
2020-12-15,2020-12-21,2020-12-22T22:00:00+00:00,112.1856,11d657d9eb8dd482
2020-12-16,2020-12-21,2020-12-22T22:00:00+00:00,112.0378,11d657d9eb8dd482
2020-12-17,2020-12-21,2020-12-22T22:00:00+00:00,111.5399,11d657d9eb8dd482
2020-12-18,2020-12-21,2020-12-22T22:00:00+00:00,111.9337,11d657d9eb8dd482
2020-12-21,2020-12-28,2020-12-29T22:00:00+00:00,112.2814,40883cf586cef44e
2020-12-22,2020-12-28,2020-12-29T22:00:00+00:00,112.5295,40883cf586cef44e
2020-12-23,2020-12-28,2020-12-29T22:00:00+00:00,112.3138,40883cf586cef44e
2020-12-28,2021-01-04,2021-01-05T22:00:00+00:00,112.3219,bfaa5a983ec70e0a
2020-12-29,2021-01-04,2021-01-05T22:00:00+00:00,111.8543,bfaa5a983ec70e0a
2020-12-30,2021-01-04,2021-01-05T22:00:00+00:00,111.6476,bfaa5a983ec70e0a
2020-12-31,2021-01-04,2021-01-05T22:00:00+00:00,111.6505,bfaa5a983ec70e0a
2021-01-04,2021-01-11,2021-01-12T22:00:00+00:00,111.5465,1ff2484b8c796771
2021-01-05,2021-01-11,2021-01-12T22:00:00+00:00,111.2901,1ff2484b8c796771
2021-01-06,2021-01-11,2021-01-12T22:00:00+00:00,111.1898,1ff2484b8c796771
2021-01-07,2021-01-11,2021-01-12T22:00:00+00:00,111.6501,1ff2484b8c796771
2021-01-08,2021-01-11,2021-01-12T22:00:00+00:00,111.6291,1ff2484b8c796771
2021-01-11,2021-01-19,2021-01-20T22:00:00+00:00,112.1710,5bd2889689c182fe
2021-01-12,2021-01-19,2021-01-20T22:00:00+00:00,111.8774,5bd2889689c182fe
2021-01-13,2021-01-19,2021-01-20T22:00:00+00:00,111.6821,5bd2889689c182fe
2021-01-14,2021-01-19,2021-01-20T22:00:00+00:00,111.4736,5bd2889689c182fe
2021-01-15,2021-01-19,2021-01-20T22:00:00+00:00,111.8380,5bd2889689c182fe
2021-01-19,2021-01-25,2021-01-26T22:00:00+00:00,111.7830,dc373176797c97e1
2021-01-21,2021-01-25,2021-01-26T22:00:00+00:00,111.5276,dc373176797c97e1
2021-01-22,2021-01-25,2021-01-26T22:00:00+00:00,111.8936,dc373176797c97e1
2019-12-02,2021-02-01,2021-02-02T22:00:00+00:00,116.9728,5f25ab9fa7f9ffb0
2019-12-03,2021-02-01,2021-02-02T22:00:00+00:00,116.8975,5f25ab9fa7f9ffb0
2019-12-04,2021-02-01,2021-02-02T22:00:00+00:00,116.7007,5f25ab9fa7f9ffb0
2019-12-05,2021-02-01,2021-02-02T22:00:00+00:00,116.3926,5f25ab9fa7f9ffb0
2019-12-06,2021-02-01,2021-02-02T22:00:00+00:00,116.5452,5f25ab9fa7f9ffb0
2019-12-09,2021-02-01,2021-02-02T22:00:00+00:00,116.3357,5f25ab9fa7f9ffb0
2019-12-10,2021-02-01,2021-02-02T22:00:00+00:00,116.2617,5f25ab9fa7f9ffb0
2019-12-11,2021-02-01,2021-02-02T22:00:00+00:00,116.1548,5f25ab9fa7f9ffb0
2019-12-12,2021-02-01,2021-02-02T22:00:00+00:00,115.8810,5f25ab9fa7f9ffb0
2019-12-13,2021-02-01,2021-02-02T22:00:00+00:00,115.7036,5f25ab9fa7f9ffb0
2019-12-16,2021-02-01,2021-02-02T22:00:00+00:00,115.5615,5f25ab9fa7f9ffb0
2019-12-17,2021-02-01,2021-02-02T22:00:00+00:00,115.5609,5f25ab9fa7f9ffb0
2019-12-18,2021-02-01,2021-02-02T22:00:00+00:00,115.6672,5f25ab9fa7f9ffb0
2019-12-19,2021-02-01,2021-02-02T22:00:00+00:00,115.6044,5f25ab9fa7f9ffb0
2019-12-20,2021-02-01,2021-02-02T22:00:00+00:00,115.7646,5f25ab9fa7f9ffb0
2019-12-23,2021-02-01,2021-02-02T22:00:00+00:00,115.8106,5f25ab9fa7f9ffb0
2019-12-26,2021-02-01,2021-02-02T22:00:00+00:00,115.6396,5f25ab9fa7f9ffb0
2019-12-27,2021-02-01,2021-02-02T22:00:00+00:00,115.2259,5f25ab9fa7f9ffb0
2019-12-30,2021-02-01,2021-02-02T22:00:00+00:00,114.9691,5f25ab9fa7f9ffb0
2019-12-31,2021-02-01,2021-02-02T22:00:00+00:00,114.6751,5f25ab9fa7f9ffb0
2020-01-02,2021-02-01,2021-02-02T22:00:00+00:00,114.9827,5f25ab9fa7f9ffb0
2020-01-03,2021-02-01,2021-02-02T22:00:00+00:00,114.9933,5f25ab9fa7f9ffb0
2020-01-06,2021-02-01,2021-02-02T22:00:00+00:00,114.9594,5f25ab9fa7f9ffb0
2020-01-07,2021-02-01,2021-02-02T22:00:00+00:00,115.1641,5f25ab9fa7f9ffb0
2020-01-08,2021-02-01,2021-02-02T22:00:00+00:00,115.1429,5f25ab9fa7f9ffb0
2020-01-09,2021-02-01,2021-02-02T22:00:00+00:00,115.2602,5f25ab9fa7f9ffb0
2020-01-10,2021-02-01,2021-02-02T22:00:00+00:00,115.0943,5f25ab9fa7f9ffb0
2020-01-13,2021-02-01,2021-02-02T22:00:00+00:00,115.0803,5f25ab9fa7f9ffb0
2020-01-14,2021-02-01,2021-02-02T22:00:00+00:00,115.0723,5f25ab9fa7f9ffb0
2020-01-15,2021-02-01,2021-02-02T22:00:00+00:00,115.0029,5f25ab9fa7f9ffb0
2020-01-16,2021-02-01,2021-02-02T22:00:00+00:00,115.0524,5f25ab9fa7f9ffb0
2020-01-17,2021-02-01,2021-02-02T22:00:00+00:00,115.1222,5f25ab9fa7f9ffb0
2020-01-21,2021-02-01,2021-02-02T22:00:00+00:00,115.2337,5f25ab9fa7f9ffb0
2020-01-22,2021-02-01,2021-02-02T22:00:00+00:00,115.2705,5f25ab9fa7f9ffb0
2020-01-23,2021-02-01,2021-02-02T22:00:00+00:00,115.5952,5f25ab9fa7f9ffb0
2020-01-24,2021-02-01,2021-02-02T22:00:00+00:00,115.6030,5f25ab9fa7f9ffb0
2020-01-27,2021-02-01,2021-02-02T22:00:00+00:00,115.8549,5f25ab9fa7f9ffb0
2020-01-28,2021-02-01,2021-02-02T22:00:00+00:00,115.7683,5f25ab9fa7f9ffb0
2020-01-29,2021-02-01,2021-02-02T22:00:00+00:00,115.7416,5f25ab9fa7f9ffb0
2020-01-30,2021-02-01,2021-02-02T22:00:00+00:00,115.8473,5f25ab9fa7f9ffb0
2020-01-31,2021-02-01,2021-02-02T22:00:00+00:00,115.7719,5f25ab9fa7f9ffb0
2020-02-03,2021-02-01,2021-02-02T22:00:00+00:00,116.1424,5f25ab9fa7f9ffb0
2020-02-04,2021-02-01,2021-02-02T22:00:00+00:00,115.9566,5f25ab9fa7f9ffb0
2020-02-05,2021-02-01,2021-02-02T22:00:00+00:00,116.0359,5f25ab9fa7f9ffb0
2020-02-06,2021-02-01,2021-02-02T22:00:00+00:00,116.1844,5f25ab9fa7f9ffb0
2020-02-07,2021-02-01,2021-02-02T22:00:00+00:00,116.5401,5f25ab9fa7f9ffb0
2020-02-10,2021-02-01,2021-02-02T22:00:00+00:00,116.6051,5f25ab9fa7f9ffb0
2020-02-11,2021-02-01,2021-02-02T22:00:00+00:00,116.3975,5f25ab9fa7f9ffb0
2020-02-12,2021-02-01,2021-02-02T22:00:00+00:00,116.3150,5f25ab9fa7f9ffb0
2020-02-13,2021-02-01,2021-02-02T22:00:00+00:00,116.4305,5f25ab9fa7f9ffb0
2020-02-14,2021-02-01,2021-02-02T22:00:00+00:00,116.4441,5f25ab9fa7f9ffb0
2020-02-18,2021-02-01,2021-02-02T22:00:00+00:00,116.6310,5f25ab9fa7f9ffb0
2020-02-19,2021-02-01,2021-02-02T22:00:00+00:00,116.8175,5f25ab9fa7f9ffb0
2020-02-20,2021-02-01,2021-02-02T22:00:00+00:00,117.2862,5f25ab9fa7f9ffb0
2020-02-21,2021-02-01,2021-02-02T22:00:00+00:00,117.0773,5f25ab9fa7f9ffb0
2020-02-24,2021-02-01,2021-02-02T22:00:00+00:00,117.4366,5f25ab9fa7f9ffb0
2020-02-25,2021-02-01,2021-02-02T22:00:00+00:00,117.2741,5f25ab9fa7f9ffb0
2020-02-26,2021-02-01,2021-02-02T22:00:00+00:00,117.4523,5f25ab9fa7f9ffb0
2020-02-27,2021-02-01,2021-02-02T22:00:00+00:00,117.4323,5f25ab9fa7f9ffb0
2020-02-28,2021-02-01,2021-02-02T22:00:00+00:00,117.7433,5f25ab9fa7f9ffb0
2020-03-02,2021-02-01,2021-02-02T22:00:00+00:00,116.9052,5f25ab9fa7f9ffb0
2020-03-03,2021-02-01,2021-02-02T22:00:00+00:00,116.5755,5f25ab9fa7f9ffb0
2020-03-04,2021-02-01,2021-02-02T22:00:00+00:00,116.8861,5f25ab9fa7f9ffb0
2020-03-05,2021-02-01,2021-02-02T22:00:00+00:00,116.9096,5f25ab9fa7f9ffb0
2020-03-06,2021-02-01,2021-02-02T22:00:00+00:00,116.8384,5f25ab9fa7f9ffb0
2020-03-09,2021-02-01,2021-02-02T22:00:00+00:00,117.3382,5f25ab9fa7f9ffb0
2020-03-10,2021-02-01,2021-02-02T22:00:00+00:00,118.0755,5f25ab9fa7f9ffb0
2020-03-11,2021-02-01,2021-02-02T22:00:00+00:00,118.4321,5f25ab9fa7f9ffb0
2020-03-12,2021-02-01,2021-02-02T22:00:00+00:00,120.7320,5f25ab9fa7f9ffb0
2020-03-13,2021-02-01,2021-02-02T22:00:00+00:00,120.6721,5f25ab9fa7f9ffb0
2020-03-16,2021-02-01,2021-02-02T22:00:00+00:00,121.2131,5f25ab9fa7f9ffb0
2020-03-17,2021-02-01,2021-02-02T22:00:00+00:00,122.7945,5f25ab9fa7f9ffb0
2020-03-18,2021-02-01,2021-02-02T22:00:00+00:00,124.5121,5f25ab9fa7f9ffb0
2020-03-19,2021-02-01,2021-02-02T22:00:00+00:00,125.4018,5f25ab9fa7f9ffb0
2020-03-20,2021-02-01,2021-02-02T22:00:00+00:00,125.2524,5f25ab9fa7f9ffb0
2020-03-23,2021-02-01,2021-02-02T22:00:00+00:00,126.4917,5f25ab9fa7f9ffb0
2020-03-24,2021-02-01,2021-02-02T22:00:00+00:00,125.8450,5f25ab9fa7f9ffb0
2020-03-25,2021-02-01,2021-02-02T22:00:00+00:00,125.1058,5f25ab9fa7f9ffb0
2020-03-26,2021-02-01,2021-02-02T22:00:00+00:00,122.6677,5f25ab9fa7f9ffb0
2020-03-27,2021-02-01,2021-02-02T22:00:00+00:00,122.6495,5f25ab9fa7f9ffb0
2020-03-30,2021-02-01,2021-02-02T22:00:00+00:00,123.5595,5f25ab9fa7f9ffb0
2020-03-31,2021-02-01,2021-02-02T22:00:00+00:00,122.7786,5f25ab9fa7f9ffb0
2020-04-01,2021-02-01,2021-02-02T22:00:00+00:00,124.0765,5f25ab9fa7f9ffb0
2020-04-02,2021-02-01,2021-02-02T22:00:00+00:00,123.8687,5f25ab9fa7f9ffb0
2020-04-03,2021-02-01,2021-02-02T22:00:00+00:00,124.7294,5f25ab9fa7f9ffb0
2020-04-06,2021-02-01,2021-02-02T22:00:00+00:00,124.4761,5f25ab9fa7f9ffb0
2020-04-07,2021-02-01,2021-02-02T22:00:00+00:00,123.3938,5f25ab9fa7f9ffb0
2020-04-08,2021-02-01,2021-02-02T22:00:00+00:00,123.4983,5f25ab9fa7f9ffb0
2020-04-09,2021-02-01,2021-02-02T22:00:00+00:00,122.7407,5f25ab9fa7f9ffb0
2020-04-10,2021-02-01,2021-02-02T22:00:00+00:00,122.4261,5f25ab9fa7f9ffb0
2020-04-13,2021-02-01,2021-02-02T22:00:00+00:00,122.7951,5f25ab9fa7f9ffb0
2020-04-14,2021-02-01,2021-02-02T22:00:00+00:00,122.3744,5f25ab9fa7f9ffb0
2020-04-15,2021-02-01,2021-02-02T22:00:00+00:00,123.3702,5f25ab9fa7f9ffb0
2020-04-16,2021-02-01,2021-02-02T22:00:00+00:00,123.7570,5f25ab9fa7f9ffb0
2020-04-17,2021-02-01,2021-02-02T22:00:00+00:00,123.1599,5f25ab9fa7f9ffb0
2020-04-20,2021-02-01,2021-02-02T22:00:00+00:00,123.4006,5f25ab9fa7f9ffb0
2020-04-21,2021-02-01,2021-02-02T22:00:00+00:00,124.2303,5f25ab9fa7f9ffb0
2020-04-22,2021-02-01,2021-02-02T22:00:00+00:00,124.2474,5f25ab9fa7f9ffb0
2020-04-23,2021-02-01,2021-02-02T22:00:00+00:00,124.0779,5f25ab9fa7f9ffb0
2020-04-24,2021-02-01,2021-02-02T22:00:00+00:00,124.5020,5f25ab9fa7f9ffb0
2020-04-27,2021-02-01,2021-02-02T22:00:00+00:00,124.2236,5f25ab9fa7f9ffb0
2020-04-28,2021-02-01,2021-02-02T22:00:00+00:00,123.7025,5f25ab9fa7f9ffb0
2020-04-29,2021-02-01,2021-02-02T22:00:00+00:00,123.0685,5f25ab9fa7f9ffb0
2020-04-30,2021-02-01,2021-02-02T22:00:00+00:00,122.6397,5f25ab9fa7f9ffb0
2020-05-01,2021-02-01,2021-02-02T22:00:00+00:00,123.4882,5f25ab9fa7f9ffb0
2020-05-04,2021-02-01,2021-02-02T22:00:00+00:00,123.5432,5f25ab9fa7f9ffb0
2020-05-05,2021-02-01,2021-02-02T22:00:00+00:00,123.1117,5f25ab9fa7f9ffb0
2020-05-06,2021-02-01,2021-02-02T22:00:00+00:00,123.9399,5f25ab9fa7f9ffb0
2020-05-07,2021-02-01,2021-02-02T22:00:00+00:00,123.4496,5f25ab9fa7f9ffb0
2020-05-08,2021-02-01,2021-02-02T22:00:00+00:00,122.8528,5f25ab9fa7f9ffb0
2020-05-11,2021-02-01,2021-02-02T22:00:00+00:00,123.5777,5f25ab9fa7f9ffb0
2020-05-12,2021-02-01,2021-02-02T22:00:00+00:00,123.4061,5f25ab9fa7f9ffb0
2020-05-13,2021-02-01,2021-02-02T22:00:00+00:00,123.9057,5f25ab9fa7f9ffb0
2020-05-14,2021-02-01,2021-02-02T22:00:00+00:00,124.0043,5f25ab9fa7f9ffb0
2020-05-15,2021-02-01,2021-02-02T22:00:00+00:00,123.9524,5f25ab9fa7f9ffb0
2020-05-18,2021-02-01,2021-02-02T22:00:00+00:00,123.1157,5f25ab9fa7f9ffb0
2020-05-19,2021-02-01,2021-02-02T22:00:00+00:00,122.8872,5f25ab9fa7f9ffb0
2020-05-20,2021-02-01,2021-02-02T22:00:00+00:00,122.4132,5f25ab9fa7f9ffb0
2020-05-21,2021-02-01,2021-02-02T22:00:00+00:00,122.3868,5f25ab9fa7f9ffb0
2020-05-22,2021-02-01,2021-02-02T22:00:00+00:00,122.6088,5f25ab9fa7f9ffb0
2020-05-26,2021-02-01,2021-02-02T22:00:00+00:00,121.6247,5f25ab9fa7f9ffb0
2020-05-27,2021-02-01,2021-02-02T22:00:00+00:00,121.7993,5f25ab9fa7f9ffb0
2020-05-28,2021-02-01,2021-02-02T22:00:00+00:00,121.2448,5f25ab9fa7f9ffb0
2020-05-29,2021-02-01,2021-02-02T22:00:00+00:00,121.1892,5f25ab9fa7f9ffb0
2020-06-01,2021-02-01,2021-02-02T22:00:00+00:00,120.4955,5f25ab9fa7f9ffb0
2020-06-02,2021-02-01,2021-02-02T22:00:00+00:00,119.8942,5f25ab9fa7f9ffb0
2020-06-03,2021-02-01,2021-02-02T22:00:00+00:00,119.4414,5f25ab9fa7f9ffb0
2020-06-04,2021-02-01,2021-02-02T22:00:00+00:00,119.4977,5f25ab9fa7f9ffb0
2020-06-05,2021-02-01,2021-02-02T22:00:00+00:00,118.9946,5f25ab9fa7f9ffb0
2020-06-08,2021-02-01,2021-02-02T22:00:00+00:00,118.8419,5f25ab9fa7f9ffb0
2020-06-09,2021-02-01,2021-02-02T22:00:00+00:00,118.7803,5f25ab9fa7f9ffb0
2020-06-10,2021-02-01,2021-02-02T22:00:00+00:00,118.7287,5f25ab9fa7f9ffb0
2020-06-11,2021-02-01,2021-02-02T22:00:00+00:00,119.4758,5f25ab9fa7f9ffb0
2020-06-12,2021-02-01,2021-02-02T22:00:00+00:00,119.9044,5f25ab9fa7f9ffb0
2020-06-15,2021-02-01,2021-02-02T22:00:00+00:00,120.2100,5f25ab9fa7f9ffb0
2020-06-16,2021-02-01,2021-02-02T22:00:00+00:00,119.8059,5f25ab9fa7f9ffb0
2020-06-17,2021-02-01,2021-02-02T22:00:00+00:00,120.1670,5f25ab9fa7f9ffb0
2020-06-18,2021-02-01,2021-02-02T22:00:00+00:00,120.4933,5f25ab9fa7f9ffb0
2020-06-19,2021-02-01,2021-02-02T22:00:00+00:00,120.4978,5f25ab9fa7f9ffb0
2020-06-22,2021-02-01,2021-02-02T22:00:00+00:00,120.0133,5f25ab9fa7f9ffb0
2020-06-23,2021-02-01,2021-02-02T22:00:00+00:00,119.5766,5f25ab9fa7f9ffb0
2020-06-24,2021-02-01,2021-02-02T22:00:00+00:00,120.2537,5f25ab9fa7f9ffb0
2020-06-25,2021-02-01,2021-02-02T22:00:00+00:00,120.5904,5f25ab9fa7f9ffb0
2020-06-26,2021-02-01,2021-02-02T22:00:00+00:00,120.8395,5f25ab9fa7f9ffb0
2020-06-29,2021-02-01,2021-02-02T22:00:00+00:00,120.9832,5f25ab9fa7f9ffb0
2020-06-30,2021-02-01,2021-02-02T22:00:00+00:00,120.7806,5f25ab9fa7f9ffb0
2020-07-01,2021-02-01,2021-02-02T22:00:00+00:00,120.3690,5f25ab9fa7f9ffb0
2020-07-02,2021-02-01,2021-02-02T22:00:00+00:00,120.1295,5f25ab9fa7f9ffb0
2020-07-06,2021-02-01,2021-02-02T22:00:00+00:00,119.5587,5f25ab9fa7f9ffb0
2020-07-07,2021-02-01,2021-02-02T22:00:00+00:00,119.8612,5f25ab9fa7f9ffb0
2020-07-08,2021-02-01,2021-02-02T22:00:00+00:00,119.8447,5f25ab9fa7f9ffb0
2020-07-09,2021-02-01,2021-02-02T22:00:00+00:00,119.8003,5f25ab9fa7f9ffb0
2020-07-10,2021-02-01,2021-02-02T22:00:00+00:00,119.6276,5f25ab9fa7f9ffb0
2020-07-13,2021-02-01,2021-02-02T22:00:00+00:00,119.4652,5f25ab9fa7f9ffb0
2020-07-14,2021-02-01,2021-02-02T22:00:00+00:00,119.6773,5f25ab9fa7f9ffb0
2020-07-15,2021-02-01,2021-02-02T22:00:00+00:00,119.3008,5f25ab9fa7f9ffb0
2020-07-16,2021-02-01,2021-02-02T22:00:00+00:00,119.1913,5f25ab9fa7f9ffb0
2020-07-17,2021-02-01,2021-02-02T22:00:00+00:00,119.3993,5f25ab9fa7f9ffb0
2020-07-20,2021-02-01,2021-02-02T22:00:00+00:00,119.3210,5f25ab9fa7f9ffb0
2020-07-21,2021-02-01,2021-02-02T22:00:00+00:00,118.6545,5f25ab9fa7f9ffb0
2020-07-22,2021-02-01,2021-02-02T22:00:00+00:00,118.3725,5f25ab9fa7f9ffb0
2020-07-23,2021-02-01,2021-02-02T22:00:00+00:00,118.3011,5f25ab9fa7f9ffb0
2020-07-24,2021-02-01,2021-02-02T22:00:00+00:00,118.3748,5f25ab9fa7f9ffb0
2020-07-27,2021-02-01,2021-02-02T22:00:00+00:00,117.6140,5f25ab9fa7f9ffb0
2020-07-28,2021-02-01,2021-02-02T22:00:00+00:00,117.5437,5f25ab9fa7f9ffb0
2020-07-29,2021-02-01,2021-02-02T22:00:00+00:00,117.4379,5f25ab9fa7f9ffb0
2020-07-30,2021-02-01,2021-02-02T22:00:00+00:00,117.6333,5f25ab9fa7f9ffb0
2020-07-31,2021-02-01,2021-02-02T22:00:00+00:00,117.4471,5f25ab9fa7f9ffb0
2020-08-03,2021-02-01,2021-02-02T22:00:00+00:00,118.0699,5f25ab9fa7f9ffb0
2020-08-04,2021-02-01,2021-02-02T22:00:00+00:00,118.0528,5f25ab9fa7f9ffb0
2020-08-05,2021-02-01,2021-02-02T22:00:00+00:00,117.1323,5f25ab9fa7f9ffb0
2020-08-06,2021-02-01,2021-02-02T22:00:00+00:00,117.2997,5f25ab9fa7f9ffb0
2020-08-07,2021-02-01,2021-02-02T22:00:00+00:00,117.8977,5f25ab9fa7f9ffb0
2020-08-10,2021-02-01,2021-02-02T22:00:00+00:00,117.8553,5f25ab9fa7f9ffb0
2020-08-11,2021-02-01,2021-02-02T22:00:00+00:00,117.6482,5f25ab9fa7f9ffb0
2020-08-12,2021-02-01,2021-02-02T22:00:00+00:00,117.5346,5f25ab9fa7f9ffb0
2020-08-13,2021-02-01,2021-02-02T22:00:00+00:00,117.3869,5f25ab9fa7f9ffb0
2020-08-14,2021-02-01,2021-02-02T22:00:00+00:00,117.1973,5f25ab9fa7f9ffb0
2020-08-17,2021-02-01,2021-02-02T22:00:00+00:00,117.0132,5f25ab9fa7f9ffb0
2020-08-18,2021-02-01,2021-02-02T22:00:00+00:00,116.8215,5f25ab9fa7f9ffb0
2020-08-19,2021-02-01,2021-02-02T22:00:00+00:00,116.8251,5f25ab9fa7f9ffb0
2020-08-20,2021-02-01,2021-02-02T22:00:00+00:00,117.0861,5f25ab9fa7f9ffb0
2020-08-21,2021-02-01,2021-02-02T22:00:00+00:00,117.3283,5f25ab9fa7f9ffb0
2020-08-24,2021-02-01,2021-02-02T22:00:00+00:00,117.1840,5f25ab9fa7f9ffb0
2020-08-25,2021-02-01,2021-02-02T22:00:00+00:00,117.0954,5f25ab9fa7f9ffb0
2020-08-26,2021-02-01,2021-02-02T22:00:00+00:00,116.8995,5f25ab9fa7f9ffb0
2020-08-27,2021-02-01,2021-02-02T22:00:00+00:00,116.9228,5f25ab9fa7f9ffb0
2020-08-28,2021-02-01,2021-02-02T22:00:00+00:00,116.1868,5f25ab9fa7f9ffb0
2020-08-31,2021-02-01,2021-02-02T22:00:00+00:00,116.0090,5f25ab9fa7f9ffb0
2020-09-01,2021-02-01,2021-02-02T22:00:00+00:00,115.8059,5f25ab9fa7f9ffb0
2020-09-02,2021-02-01,2021-02-02T22:00:00+00:00,116.2760,5f25ab9fa7f9ffb0
2020-09-03,2021-02-01,2021-02-02T22:00:00+00:00,116.3072,5f25ab9fa7f9ffb0
2020-09-04,2021-02-01,2021-02-02T22:00:00+00:00,116.2700,5f25ab9fa7f9ffb0
2020-09-08,2021-02-01,2021-02-02T22:00:00+00:00,116.7183,5f25ab9fa7f9ffb0
2020-09-09,2021-02-01,2021-02-02T22:00:00+00:00,116.3777,5f25ab9fa7f9ffb0
2020-09-10,2021-02-01,2021-02-02T22:00:00+00:00,116.1311,5f25ab9fa7f9ffb0
2020-09-11,2021-02-01,2021-02-02T22:00:00+00:00,116.3441,5f25ab9fa7f9ffb0
2020-09-14,2021-02-01,2021-02-02T22:00:00+00:00,115.8918,5f25ab9fa7f9ffb0
2020-09-15,2021-02-01,2021-02-02T22:00:00+00:00,115.8425,5f25ab9fa7f9ffb0
2020-09-16,2021-02-01,2021-02-02T22:00:00+00:00,115.6015,5f25ab9fa7f9ffb0
2020-09-17,2021-02-01,2021-02-02T22:00:00+00:00,115.6881,5f25ab9fa7f9ffb0
2020-09-18,2021-02-01,2021-02-02T22:00:00+00:00,115.4919,5f25ab9fa7f9ffb0
2020-09-21,2021-02-01,2021-02-02T22:00:00+00:00,116.6651,5f25ab9fa7f9ffb0
2020-09-22,2021-02-01,2021-02-02T22:00:00+00:00,116.8417,5f25ab9fa7f9ffb0
2020-09-23,2021-02-01,2021-02-02T22:00:00+00:00,117.5680,5f25ab9fa7f9ffb0
2020-09-24,2021-02-01,2021-02-02T22:00:00+00:00,117.8592,5f25ab9fa7f9ffb0
2020-09-25,2021-02-01,2021-02-02T22:00:00+00:00,118.1917,5f25ab9fa7f9ffb0
2020-09-28,2021-02-01,2021-02-02T22:00:00+00:00,117.9450,5f25ab9fa7f9ffb0
2020-09-29,2021-02-01,2021-02-02T22:00:00+00:00,117.8581,5f25ab9fa7f9ffb0
2020-09-30,2021-02-01,2021-02-02T22:00:00+00:00,117.2639,5f25ab9fa7f9ffb0
2020-10-01,2021-02-01,2021-02-02T22:00:00+00:00,117.0383,5f25ab9fa7f9ffb0
2020-10-02,2021-02-01,2021-02-02T22:00:00+00:00,117.0428,5f25ab9fa7f9ffb0
2020-10-05,2021-02-01,2021-02-02T22:00:00+00:00,116.4750,5f25ab9fa7f9ffb0
2020-10-06,2021-02-01,2021-02-02T22:00:00+00:00,116.5648,5f25ab9fa7f9ffb0
2020-10-07,2021-02-01,2021-02-02T22:00:00+00:00,116.6513,5f25ab9fa7f9ffb0
2020-10-08,2021-02-01,2021-02-02T22:00:00+00:00,116.4670,5f25ab9fa7f9ffb0
2020-10-09,2021-02-01,2021-02-02T22:00:00+00:00,115.5762,5f25ab9fa7f9ffb0
2020-10-13,2021-02-01,2021-02-02T22:00:00+00:00,116.2171,5f25ab9fa7f9ffb0
2020-10-14,2021-02-01,2021-02-02T22:00:00+00:00,115.9928,5f25ab9fa7f9ffb0
2020-10-15,2021-02-01,2021-02-02T22:00:00+00:00,116.4165,5f25ab9fa7f9ffb0
2020-10-16,2021-02-01,2021-02-02T22:00:00+00:00,116.0807,5f25ab9fa7f9ffb0
2020-10-19,2021-02-01,2021-02-02T22:00:00+00:00,115.7124,5f25ab9fa7f9ffb0
2020-10-20,2021-02-01,2021-02-02T22:00:00+00:00,115.5579,5f25ab9fa7f9ffb0
2020-10-21,2021-02-01,2021-02-02T22:00:00+00:00,115.2163,5f25ab9fa7f9ffb0
2020-10-22,2021-02-01,2021-02-02T22:00:00+00:00,115.4152,5f25ab9fa7f9ffb0
2020-10-23,2021-02-01,2021-02-02T22:00:00+00:00,115.3117,5f25ab9fa7f9ffb0
2020-10-26,2021-02-01,2021-02-02T22:00:00+00:00,115.5821,5f25ab9fa7f9ffb0
2020-10-27,2021-02-01,2021-02-02T22:00:00+00:00,115.3100,5f25ab9fa7f9ffb0
2020-10-28,2021-02-01,2021-02-02T22:00:00+00:00,116.1218,5f25ab9fa7f9ffb0
2020-10-29,2021-02-01,2021-02-02T22:00:00+00:00,116.6461,5f25ab9fa7f9ffb0
2020-10-30,2021-02-01,2021-02-02T22:00:00+00:00,116.4705,5f25ab9fa7f9ffb0
2020-11-02,2021-02-01,2021-02-02T22:00:00+00:00,116.5752,5f25ab9fa7f9ffb0
2020-11-03,2021-02-01,2021-02-02T22:00:00+00:00,115.7992,5f25ab9fa7f9ffb0
2020-11-04,2021-02-01,2021-02-02T22:00:00+00:00,115.4770,5f25ab9fa7f9ffb0
2020-11-05,2021-02-01,2021-02-02T22:00:00+00:00,114.7580,5f25ab9fa7f9ffb0
2020-11-06,2021-02-01,2021-02-02T22:00:00+00:00,114.2790,5f25ab9fa7f9ffb0
2020-11-09,2021-02-01,2021-02-02T22:00:00+00:00,114.3656,5f25ab9fa7f9ffb0
2020-11-10,2021-02-01,2021-02-02T22:00:00+00:00,114.3511,5f25ab9fa7f9ffb0
2020-11-12,2021-02-01,2021-02-02T22:00:00+00:00,114.5738,5f25ab9fa7f9ffb0
2020-11-13,2021-02-01,2021-02-02T22:00:00+00:00,114.5336,5f25ab9fa7f9ffb0
2020-11-16,2021-02-01,2021-02-02T22:00:00+00:00,114.1129,5f25ab9fa7f9ffb0
2020-11-17,2021-02-01,2021-02-02T22:00:00+00:00,113.9644,5f25ab9fa7f9ffb0
2020-11-18,2021-02-01,2021-02-02T22:00:00+00:00,113.7310,5f25ab9fa7f9ffb0
2020-11-19,2021-02-01,2021-02-02T22:00:00+00:00,113.9605,5f25ab9fa7f9ffb0
2020-11-20,2021-02-01,2021-02-02T22:00:00+00:00,113.7563,5f25ab9fa7f9ffb0
2020-11-23,2021-02-01,2021-02-02T22:00:00+00:00,114.0277,5f25ab9fa7f9ffb0
2020-11-24,2021-02-01,2021-02-02T22:00:00+00:00,113.6965,5f25ab9fa7f9ffb0
2020-11-25,2021-02-01,2021-02-02T22:00:00+00:00,113.4415,5f25ab9fa7f9ffb0
2020-11-30,2021-02-01,2021-02-02T22:00:00+00:00,113.4965,5f25ab9fa7f9ffb0
2020-12-01,2021-02-01,2021-02-02T22:00:00+00:00,113.0622,5f25ab9fa7f9ffb0
2020-12-02,2021-02-01,2021-02-02T22:00:00+00:00,112.8709,5f25ab9fa7f9ffb0
2020-12-03,2021-02-01,2021-02-02T22:00:00+00:00,112.2647,5f25ab9fa7f9ffb0
2020-12-04,2021-02-01,2021-02-02T22:00:00+00:00,112.0234,5f25ab9fa7f9ffb0
2020-12-07,2021-02-01,2021-02-02T22:00:00+00:00,112.0834,5f25ab9fa7f9ffb0
2020-12-08,2021-02-01,2021-02-02T22:00:00+00:00,112.1088,5f25ab9fa7f9ffb0
2020-12-09,2021-02-01,2021-02-02T22:00:00+00:00,112.2823,5f25ab9fa7f9ffb0
2020-12-10,2021-02-01,2021-02-02T22:00:00+00:00,112.2281,5f25ab9fa7f9ffb0
2020-12-11,2021-02-01,2021-02-02T22:00:00+00:00,112.3944,5f25ab9fa7f9ffb0
2020-12-14,2021-02-01,2021-02-02T22:00:00+00:00,112.4295,5f25ab9fa7f9ffb0
2020-12-15,2021-02-01,2021-02-02T22:00:00+00:00,112.1090,5f25ab9fa7f9ffb0
2020-12-16,2021-02-01,2021-02-02T22:00:00+00:00,111.9596,5f25ab9fa7f9ffb0
2020-12-17,2021-02-01,2021-02-02T22:00:00+00:00,111.4500,5f25ab9fa7f9ffb0
2020-12-18,2021-02-01,2021-02-02T22:00:00+00:00,111.8457,5f25ab9fa7f9ffb0
2020-12-21,2021-02-01,2021-02-02T22:00:00+00:00,112.1899,5f25ab9fa7f9ffb0
2020-12-22,2021-02-01,2021-02-02T22:00:00+00:00,112.4475,5f25ab9fa7f9ffb0
2020-12-23,2021-02-01,2021-02-02T22:00:00+00:00,112.2290,5f25ab9fa7f9ffb0
2020-12-28,2021-02-01,2021-02-02T22:00:00+00:00,112.2378,5f25ab9fa7f9ffb0
2020-12-29,2021-02-01,2021-02-02T22:00:00+00:00,111.7643,5f25ab9fa7f9ffb0
2020-12-30,2021-02-01,2021-02-02T22:00:00+00:00,111.5566,5f25ab9fa7f9ffb0
2020-12-31,2021-02-01,2021-02-02T22:00:00+00:00,111.5626,5f25ab9fa7f9ffb0
2021-01-04,2021-02-01,2021-02-02T22:00:00+00:00,111.4791,5f25ab9fa7f9ffb0
2021-01-05,2021-02-01,2021-02-02T22:00:00+00:00,111.2167,5f25ab9fa7f9ffb0
2021-01-06,2021-02-01,2021-02-02T22:00:00+00:00,111.1146,5f25ab9fa7f9ffb0
2021-01-07,2021-02-01,2021-02-02T22:00:00+00:00,111.5756,5f25ab9fa7f9ffb0
2021-01-08,2021-02-01,2021-02-02T22:00:00+00:00,111.5564,5f25ab9fa7f9ffb0
2021-01-11,2021-02-01,2021-02-02T22:00:00+00:00,112.1085,5f25ab9fa7f9ffb0
2021-01-12,2021-02-01,2021-02-02T22:00:00+00:00,111.8209,5f25ab9fa7f9ffb0
2021-01-13,2021-02-01,2021-02-02T22:00:00+00:00,111.6246,5f25ab9fa7f9ffb0
2021-01-14,2021-02-01,2021-02-02T22:00:00+00:00,111.4121,5f25ab9fa7f9ffb0
2021-01-15,2021-02-01,2021-02-02T22:00:00+00:00,111.7798,5f25ab9fa7f9ffb0
2021-01-19,2021-02-01,2021-02-02T22:00:00+00:00,111.7208,5f25ab9fa7f9ffb0
2021-01-21,2021-02-01,2021-02-02T22:00:00+00:00,111.4670,5f25ab9fa7f9ffb0
2021-01-22,2021-02-01,2021-02-02T22:00:00+00:00,111.8210,5f25ab9fa7f9ffb0
2021-01-25,2021-02-01,2021-02-02T22:00:00+00:00,112.1432,5f25ab9fa7f9ffb0
2021-01-26,2021-02-01,2021-02-02T22:00:00+00:00,111.9220,5f25ab9fa7f9ffb0
2021-01-27,2021-02-01,2021-02-02T22:00:00+00:00,112.3536,5f25ab9fa7f9ffb0
2021-01-28,2021-02-01,2021-02-02T22:00:00+00:00,112.2838,5f25ab9fa7f9ffb0
2021-01-29,2021-02-01,2021-02-02T22:00:00+00:00,112.2376,5f25ab9fa7f9ffb0
2021-02-01,2021-02-08,2021-02-09T22:00:00+00:00,112.7125,1bd3101825e2830e
2021-02-02,2021-02-08,2021-02-09T22:00:00+00:00,112.5858,1bd3101825e2830e
2021-02-03,2021-02-08,2021-02-09T22:00:00+00:00,112.5538,1bd3101825e2830e
2021-02-04,2021-02-08,2021-02-09T22:00:00+00:00,113.0481,1bd3101825e2830e
2021-02-05,2021-02-08,2021-02-09T22:00:00+00:00,112.5293,1bd3101825e2830e
2021-02-08,2021-02-16,2021-02-17T22:00:00+00:00,112.3336,2941df1c66f521f5
2021-02-09,2021-02-16,2021-02-17T22:00:00+00:00,112.0517,2941df1c66f521f5
2021-02-10,2021-02-16,2021-02-17T22:00:00+00:00,111.8678,2941df1c66f521f5
2021-02-11,2021-02-16,2021-02-17T22:00:00+00:00,111.8156,2941df1c66f521f5
2021-02-12,2021-02-16,2021-02-17T22:00:00+00:00,111.7773,2941df1c66f521f5
2021-02-16,2021-02-22,2021-02-23T22:00:00+00:00,112.0858,f782a87dd6f3606f
2021-02-17,2021-02-22,2021-02-23T22:00:00+00:00,112.3190,f782a87dd6f3606f
2021-02-18,2021-02-22,2021-02-23T22:00:00+00:00,112.4486,f782a87dd6f3606f
2021-02-19,2021-02-22,2021-02-23T22:00:00+00:00,111.9853,f782a87dd6f3606f
2021-02-22,2021-03-01,2021-03-02T22:00:00+00:00,112.1879,4d6eeb9f7266114e
2021-02-23,2021-03-01,2021-03-02T22:00:00+00:00,112.1664,4d6eeb9f7266114e
2021-02-24,2021-03-01,2021-03-02T22:00:00+00:00,112.1664,4d6eeb9f7266114e
2021-02-25,2021-03-01,2021-03-02T22:00:00+00:00,112.1997,4d6eeb9f7266114e
2021-02-26,2021-03-01,2021-03-02T22:00:00+00:00,113.1231,4d6eeb9f7266114e
2021-02-24,2021-03-08,2021-03-09T22:00:00+00:00,111.9938,4a6511b2384d4c37
2021-03-01,2021-03-08,2021-03-09T22:00:00+00:00,112.8227,4a6511b2384d4c37
2021-03-02,2021-03-08,2021-03-09T22:00:00+00:00,112.8288,4a6511b2384d4c37
2021-03-03,2021-03-08,2021-03-09T22:00:00+00:00,113.0643,4a6511b2384d4c37
2021-03-04,2021-03-08,2021-03-09T22:00:00+00:00,112.9995,4a6511b2384d4c37
2021-03-05,2021-03-08,2021-03-09T22:00:00+00:00,114.0709,4a6511b2384d4c37
2021-03-08,2021-03-15,2021-03-16T22:00:00+00:00,114.5852,a11bd28f80e7a8e1
2021-03-09,2021-03-15,2021-03-16T22:00:00+00:00,114.2364,a11bd28f80e7a8e1
2021-03-10,2021-03-15,2021-03-16T22:00:00+00:00,113.8857,a11bd28f80e7a8e1
2021-03-11,2021-03-15,2021-03-16T22:00:00+00:00,113.2101,a11bd28f80e7a8e1
2021-03-12,2021-03-22,2021-03-23T22:00:00+00:00,113.3192,55ecc2bb490cff01
2021-03-15,2021-03-22,2021-03-23T22:00:00+00:00,113.4960,55ecc2bb490cff01
2021-03-16,2021-03-22,2021-03-23T22:00:00+00:00,113.2819,55ecc2bb490cff01
2021-03-17,2021-03-22,2021-03-23T22:00:00+00:00,113.4619,55ecc2bb490cff01
2021-03-18,2021-03-22,2021-03-23T22:00:00+00:00,113.0637,55ecc2bb490cff01
2021-03-19,2021-03-22,2021-03-23T22:00:00+00:00,113.2648,55ecc2bb490cff01
2021-03-22,2021-03-29,2021-03-30T22:00:00+00:00,113.2952,0c872409f72e798e
2021-03-23,2021-03-29,2021-03-30T22:00:00+00:00,113.5831,0c872409f72e798e
2021-03-24,2021-03-29,2021-03-30T22:00:00+00:00,113.9564,0c872409f72e798e
2021-03-25,2021-03-29,2021-03-30T22:00:00+00:00,114.3067,0c872409f72e798e
2021-03-26,2021-03-29,2021-03-30T22:00:00+00:00,114.0470,0c872409f72e798e
2021-03-29,2021-04-05,2021-04-06T22:00:00+00:00,114.2415,f86e914d4d5c9094
2021-03-30,2021-04-05,2021-04-06T22:00:00+00:00,114.5220,f86e914d4d5c9094
2021-03-31,2021-04-05,2021-04-06T22:00:00+00:00,114.1436,f86e914d4d5c9094
2021-04-01,2021-04-05,2021-04-06T22:00:00+00:00,114.0522,f86e914d4d5c9094
2021-04-02,2021-04-05,2021-04-06T22:00:00+00:00,114.0476,f86e914d4d5c9094
2019-12-02,2021-04-12,2021-04-13T22:00:00+00:00,116.9700,6c34a45724fcf9cc
2019-12-03,2021-04-12,2021-04-13T22:00:00+00:00,116.8951,6c34a45724fcf9cc
2019-12-04,2021-04-12,2021-04-13T22:00:00+00:00,116.6976,6c34a45724fcf9cc
2019-12-05,2021-04-12,2021-04-13T22:00:00+00:00,116.3895,6c34a45724fcf9cc
2019-12-06,2021-04-12,2021-04-13T22:00:00+00:00,116.5427,6c34a45724fcf9cc
2019-12-09,2021-04-12,2021-04-13T22:00:00+00:00,116.3326,6c34a45724fcf9cc
2019-12-10,2021-04-12,2021-04-13T22:00:00+00:00,116.2587,6c34a45724fcf9cc
2019-12-11,2021-04-12,2021-04-13T22:00:00+00:00,116.1522,6c34a45724fcf9cc
2019-12-12,2021-04-12,2021-04-13T22:00:00+00:00,115.8780,6c34a45724fcf9cc
2019-12-13,2021-04-12,2021-04-13T22:00:00+00:00,115.7006,6c34a45724fcf9cc
2019-12-16,2021-04-12,2021-04-13T22:00:00+00:00,115.5585,6c34a45724fcf9cc
2019-12-17,2021-04-12,2021-04-13T22:00:00+00:00,115.5582,6c34a45724fcf9cc
2019-12-18,2021-04-12,2021-04-13T22:00:00+00:00,115.6645,6c34a45724fcf9cc
2019-12-19,2021-04-12,2021-04-13T22:00:00+00:00,115.6017,6c34a45724fcf9cc
2019-12-20,2021-04-12,2021-04-13T22:00:00+00:00,115.7620,6c34a45724fcf9cc
2019-12-23,2021-04-12,2021-04-13T22:00:00+00:00,115.8082,6c34a45724fcf9cc
2019-12-26,2021-04-12,2021-04-13T22:00:00+00:00,115.6368,6c34a45724fcf9cc
2019-12-27,2021-04-12,2021-04-13T22:00:00+00:00,115.2231,6c34a45724fcf9cc
2019-12-30,2021-04-12,2021-04-13T22:00:00+00:00,114.9663,6c34a45724fcf9cc
2019-12-31,2021-04-12,2021-04-13T22:00:00+00:00,114.6724,6c34a45724fcf9cc
2020-01-02,2021-04-12,2021-04-13T22:00:00+00:00,114.9799,6c34a45724fcf9cc
2020-01-03,2021-04-12,2021-04-13T22:00:00+00:00,114.9904,6c34a45724fcf9cc
2020-01-06,2021-04-12,2021-04-13T22:00:00+00:00,114.9566,6c34a45724fcf9cc
2020-01-07,2021-04-12,2021-04-13T22:00:00+00:00,115.1616,6c34a45724fcf9cc
2020-01-08,2021-04-12,2021-04-13T22:00:00+00:00,115.1403,6c34a45724fcf9cc
2020-01-09,2021-04-12,2021-04-13T22:00:00+00:00,115.2575,6c34a45724fcf9cc
2020-01-10,2021-04-12,2021-04-13T22:00:00+00:00,115.0915,6c34a45724fcf9cc
2020-01-13,2021-04-12,2021-04-13T22:00:00+00:00,115.0775,6c34a45724fcf9cc
2020-01-14,2021-04-12,2021-04-13T22:00:00+00:00,115.0695,6c34a45724fcf9cc
2020-01-15,2021-04-12,2021-04-13T22:00:00+00:00,115.0001,6c34a45724fcf9cc
2020-01-16,2021-04-12,2021-04-13T22:00:00+00:00,115.0496,6c34a45724fcf9cc
2020-01-17,2021-04-12,2021-04-13T22:00:00+00:00,115.1189,6c34a45724fcf9cc
2020-01-21,2021-04-12,2021-04-13T22:00:00+00:00,115.2304,6c34a45724fcf9cc
2020-01-22,2021-04-12,2021-04-13T22:00:00+00:00,115.2673,6c34a45724fcf9cc
2020-01-23,2021-04-12,2021-04-13T22:00:00+00:00,115.5919,6c34a45724fcf9cc
2020-01-24,2021-04-12,2021-04-13T22:00:00+00:00,115.5998,6c34a45724fcf9cc
2020-01-27,2021-04-12,2021-04-13T22:00:00+00:00,115.8516,6c34a45724fcf9cc
2020-01-28,2021-04-12,2021-04-13T22:00:00+00:00,115.7651,6c34a45724fcf9cc
2020-01-29,2021-04-12,2021-04-13T22:00:00+00:00,115.7383,6c34a45724fcf9cc
2020-01-30,2021-04-12,2021-04-13T22:00:00+00:00,115.8453,6c34a45724fcf9cc
2020-01-31,2021-04-12,2021-04-13T22:00:00+00:00,115.7734,6c34a45724fcf9cc
2020-02-03,2021-04-12,2021-04-13T22:00:00+00:00,116.1400,6c34a45724fcf9cc
2020-02-04,2021-04-12,2021-04-13T22:00:00+00:00,115.9542,6c34a45724fcf9cc
2020-02-05,2021-04-12,2021-04-13T22:00:00+00:00,116.0372,6c34a45724fcf9cc
2020-02-06,2021-04-12,2021-04-13T22:00:00+00:00,116.1858,6c34a45724fcf9cc
2020-02-07,2021-04-12,2021-04-13T22:00:00+00:00,116.5423,6c34a45724fcf9cc
2020-02-10,2021-04-12,2021-04-13T22:00:00+00:00,116.6098,6c34a45724fcf9cc
2020-02-11,2021-04-12,2021-04-13T22:00:00+00:00,116.4006,6c34a45724fcf9cc
2020-02-12,2021-04-12,2021-04-13T22:00:00+00:00,116.3182,6c34a45724fcf9cc
2020-02-13,2021-04-12,2021-04-13T22:00:00+00:00,116.4335,6c34a45724fcf9cc
2020-02-14,2021-04-12,2021-04-13T22:00:00+00:00,116.4476,6c34a45724fcf9cc
2020-02-18,2021-04-12,2021-04-13T22:00:00+00:00,116.6330,6c34a45724fcf9cc
2020-02-19,2021-04-12,2021-04-13T22:00:00+00:00,116.8193,6c34a45724fcf9cc
2020-02-20,2021-04-12,2021-04-13T22:00:00+00:00,117.2889,6c34a45724fcf9cc
2020-02-21,2021-04-12,2021-04-13T22:00:00+00:00,117.0806,6c34a45724fcf9cc
2020-02-24,2021-04-12,2021-04-13T22:00:00+00:00,117.4403,6c34a45724fcf9cc
2020-02-25,2021-04-12,2021-04-13T22:00:00+00:00,117.2799,6c34a45724fcf9cc
2020-02-26,2021-04-12,2021-04-13T22:00:00+00:00,117.4554,6c34a45724fcf9cc
2020-02-27,2021-04-12,2021-04-13T22:00:00+00:00,117.4354,6c34a45724fcf9cc
2020-02-28,2021-04-12,2021-04-13T22:00:00+00:00,117.7464,6c34a45724fcf9cc
2020-03-02,2021-04-12,2021-04-13T22:00:00+00:00,116.9083,6c34a45724fcf9cc
2020-03-03,2021-04-12,2021-04-13T22:00:00+00:00,116.5767,6c34a45724fcf9cc
2020-03-04,2021-04-12,2021-04-13T22:00:00+00:00,116.8862,6c34a45724fcf9cc
2020-03-05,2021-04-12,2021-04-13T22:00:00+00:00,116.9100,6c34a45724fcf9cc
2020-03-09,2021-04-12,2021-04-13T22:00:00+00:00,117.3353,6c34a45724fcf9cc
2020-03-10,2021-04-12,2021-04-13T22:00:00+00:00,118.0727,6c34a45724fcf9cc
2020-03-11,2021-04-12,2021-04-13T22:00:00+00:00,118.4291,6c34a45724fcf9cc
2020-03-12,2021-04-12,2021-04-13T22:00:00+00:00,120.7311,6c34a45724fcf9cc
2020-03-13,2021-04-12,2021-04-13T22:00:00+00:00,120.6724,6c34a45724fcf9cc
2020-03-16,2021-04-12,2021-04-13T22:00:00+00:00,121.2149,6c34a45724fcf9cc
2020-03-17,2021-04-12,2021-04-13T22:00:00+00:00,122.7976,6c34a45724fcf9cc
2020-03-18,2021-04-12,2021-04-13T22:00:00+00:00,124.5194,6c34a45724fcf9cc
2020-03-19,2021-04-12,2021-04-13T22:00:00+00:00,125.4168,6c34a45724fcf9cc
2020-03-20,2021-04-12,2021-04-13T22:00:00+00:00,125.2760,6c34a45724fcf9cc
2020-03-23,2021-04-12,2021-04-13T22:00:00+00:00,126.5236,6c34a45724fcf9cc
2020-03-24,2021-04-12,2021-04-13T22:00:00+00:00,125.8805,6c34a45724fcf9cc
2020-03-25,2021-04-12,2021-04-13T22:00:00+00:00,125.1430,6c34a45724fcf9cc
2020-03-26,2021-04-12,2021-04-13T22:00:00+00:00,122.7066,6c34a45724fcf9cc
2020-03-27,2021-04-12,2021-04-13T22:00:00+00:00,122.6878,6c34a45724fcf9cc
2020-03-30,2021-04-12,2021-04-13T22:00:00+00:00,123.5999,6c34a45724fcf9cc
2020-03-31,2021-04-12,2021-04-13T22:00:00+00:00,122.8165,6c34a45724fcf9cc
2020-04-01,2021-04-12,2021-04-13T22:00:00+00:00,124.1125,6c34a45724fcf9cc
2020-04-02,2021-04-12,2021-04-13T22:00:00+00:00,123.9055,6c34a45724fcf9cc
2020-04-03,2021-04-12,2021-04-13T22:00:00+00:00,124.7604,6c34a45724fcf9cc
2020-04-06,2021-04-12,2021-04-13T22:00:00+00:00,124.4982,6c34a45724fcf9cc
2020-04-07,2021-04-12,2021-04-13T22:00:00+00:00,123.4167,6c34a45724fcf9cc
2020-04-08,2021-04-12,2021-04-13T22:00:00+00:00,123.5304,6c34a45724fcf9cc
2020-04-09,2021-04-12,2021-04-13T22:00:00+00:00,122.7669,6c34a45724fcf9cc
2020-04-10,2021-04-12,2021-04-13T22:00:00+00:00,122.4474,6c34a45724fcf9cc
2020-04-13,2021-04-12,2021-04-13T22:00:00+00:00,122.8161,6c34a45724fcf9cc
2020-04-14,2021-04-12,2021-04-13T22:00:00+00:00,122.3990,6c34a45724fcf9cc
2020-04-15,2021-04-12,2021-04-13T22:00:00+00:00,123.3921,6c34a45724fcf9cc
2020-04-16,2021-04-12,2021-04-13T22:00:00+00:00,123.7790,6c34a45724fcf9cc
2020-04-17,2021-04-12,2021-04-13T22:00:00+00:00,123.1803,6c34a45724fcf9cc
2020-04-20,2021-04-12,2021-04-13T22:00:00+00:00,123.4234,6c34a45724fcf9cc
2020-04-21,2021-04-12,2021-04-13T22:00:00+00:00,124.2542,6c34a45724fcf9cc
2020-04-22,2021-04-12,2021-04-13T22:00:00+00:00,124.2731,6c34a45724fcf9cc
2020-04-23,2021-04-12,2021-04-13T22:00:00+00:00,124.1041,6c34a45724fcf9cc
2020-04-24,2021-04-12,2021-04-13T22:00:00+00:00,124.5302,6c34a45724fcf9cc
2020-04-27,2021-04-12,2021-04-13T22:00:00+00:00,124.2471,6c34a45724fcf9cc
2020-04-28,2021-04-12,2021-04-13T22:00:00+00:00,123.7119,6c34a45724fcf9cc
2020-04-29,2021-04-12,2021-04-13T22:00:00+00:00,123.0892,6c34a45724fcf9cc
2020-04-30,2021-04-12,2021-04-13T22:00:00+00:00,122.6491,6c34a45724fcf9cc
2020-05-01,2021-04-12,2021-04-13T22:00:00+00:00,123.5068,6c34a45724fcf9cc
2020-05-04,2021-04-12,2021-04-13T22:00:00+00:00,123.5655,6c34a45724fcf9cc
2020-05-05,2021-04-12,2021-04-13T22:00:00+00:00,123.1318,6c34a45724fcf9cc
2020-05-06,2021-04-12,2021-04-13T22:00:00+00:00,123.9603,6c34a45724fcf9cc
2020-05-07,2021-04-12,2021-04-13T22:00:00+00:00,123.4701,6c34a45724fcf9cc
2020-05-08,2021-04-12,2021-04-13T22:00:00+00:00,122.8687,6c34a45724fcf9cc
2020-05-11,2021-04-12,2021-04-13T22:00:00+00:00,123.5887,6c34a45724fcf9cc
2020-05-12,2021-04-12,2021-04-13T22:00:00+00:00,123.4178,6c34a45724fcf9cc
2020-05-13,2021-04-12,2021-04-13T22:00:00+00:00,123.9191,6c34a45724fcf9cc
2020-05-14,2021-04-12,2021-04-13T22:00:00+00:00,124.0193,6c34a45724fcf9cc
2020-05-15,2021-04-12,2021-04-13T22:00:00+00:00,123.9665,6c34a45724fcf9cc
2020-05-18,2021-04-12,2021-04-13T22:00:00+00:00,123.1281,6c34a45724fcf9cc
2020-05-19,2021-04-12,2021-04-13T22:00:00+00:00,122.8967,6c34a45724fcf9cc
2020-05-20,2021-04-12,2021-04-13T22:00:00+00:00,122.4192,6c34a45724fcf9cc
2020-05-21,2021-04-12,2021-04-13T22:00:00+00:00,122.3933,6c34a45724fcf9cc
2020-05-22,2021-04-12,2021-04-13T22:00:00+00:00,122.6145,6c34a45724fcf9cc
2020-05-26,2021-04-12,2021-04-13T22:00:00+00:00,121.6367,6c34a45724fcf9cc
2020-05-27,2021-04-12,2021-04-13T22:00:00+00:00,121.8104,6c34a45724fcf9cc
2020-05-28,2021-04-12,2021-04-13T22:00:00+00:00,121.2535,6c34a45724fcf9cc
2020-05-29,2021-04-12,2021-04-13T22:00:00+00:00,121.1961,6c34a45724fcf9cc
2020-06-01,2021-04-12,2021-04-13T22:00:00+00:00,120.5006,6c34a45724fcf9cc
2020-06-02,2021-04-12,2021-04-13T22:00:00+00:00,119.8986,6c34a45724fcf9cc
2020-06-03,2021-04-12,2021-04-13T22:00:00+00:00,119.4463,6c34a45724fcf9cc
2020-06-04,2021-04-12,2021-04-13T22:00:00+00:00,119.5029,6c34a45724fcf9cc
2020-06-05,2021-04-12,2021-04-13T22:00:00+00:00,118.9991,6c34a45724fcf9cc
2020-06-08,2021-04-12,2021-04-13T22:00:00+00:00,118.8464,6c34a45724fcf9cc
2020-06-10,2021-04-12,2021-04-13T22:00:00+00:00,118.7273,6c34a45724fcf9cc
2020-06-11,2021-04-12,2021-04-13T22:00:00+00:00,119.4767,6c34a45724fcf9cc
2020-06-12,2021-04-12,2021-04-13T22:00:00+00:00,119.9045,6c34a45724fcf9cc
2020-06-15,2021-04-12,2021-04-13T22:00:00+00:00,120.2113,6c34a45724fcf9cc
2020-06-16,2021-04-12,2021-04-13T22:00:00+00:00,119.8063,6c34a45724fcf9cc
2020-06-17,2021-04-12,2021-04-13T22:00:00+00:00,120.1662,6c34a45724fcf9cc
2020-06-18,2021-04-12,2021-04-13T22:00:00+00:00,120.4938,6c34a45724fcf9cc
2020-06-19,2021-04-12,2021-04-13T22:00:00+00:00,120.4987,6c34a45724fcf9cc
2020-06-22,2021-04-12,2021-04-13T22:00:00+00:00,120.0137,6c34a45724fcf9cc
2020-06-23,2021-04-12,2021-04-13T22:00:00+00:00,119.5773,6c34a45724fcf9cc
2020-06-24,2021-04-12,2021-04-13T22:00:00+00:00,120.2540,6c34a45724fcf9cc
2020-06-25,2021-04-12,2021-04-13T22:00:00+00:00,120.5907,6c34a45724fcf9cc
2020-06-26,2021-04-12,2021-04-13T22:00:00+00:00,120.8400,6c34a45724fcf9cc
2020-06-29,2021-04-12,2021-04-13T22:00:00+00:00,120.9825,6c34a45724fcf9cc
2020-07-01,2021-04-12,2021-04-13T22:00:00+00:00,120.3688,6c34a45724fcf9cc
2020-07-02,2021-04-12,2021-04-13T22:00:00+00:00,120.1293,6c34a45724fcf9cc
2020-07-06,2021-04-12,2021-04-13T22:00:00+00:00,119.5583,6c34a45724fcf9cc
2020-07-07,2021-04-12,2021-04-13T22:00:00+00:00,119.8571,6c34a45724fcf9cc
2020-07-08,2021-04-12,2021-04-13T22:00:00+00:00,119.8432,6c34a45724fcf9cc
2020-07-09,2021-04-12,2021-04-13T22:00:00+00:00,119.7984,6c34a45724fcf9cc
2020-07-10,2021-04-12,2021-04-13T22:00:00+00:00,119.6251,6c34a45724fcf9cc
2020-07-13,2021-04-12,2021-04-13T22:00:00+00:00,119.4628,6c34a45724fcf9cc
2020-07-14,2021-04-12,2021-04-13T22:00:00+00:00,119.6751,6c34a45724fcf9cc
2020-07-15,2021-04-12,2021-04-13T22:00:00+00:00,119.2988,6c34a45724fcf9cc
2020-07-16,2021-04-12,2021-04-13T22:00:00+00:00,119.1894,6c34a45724fcf9cc
2020-07-17,2021-04-12,2021-04-13T22:00:00+00:00,119.3980,6c34a45724fcf9cc
2020-07-20,2021-04-12,2021-04-13T22:00:00+00:00,119.3195,6c34a45724fcf9cc
2020-07-21,2021-04-12,2021-04-13T22:00:00+00:00,118.6523,6c34a45724fcf9cc
2020-07-22,2021-04-12,2021-04-13T22:00:00+00:00,118.3706,6c34a45724fcf9cc
2020-07-23,2021-04-12,2021-04-13T22:00:00+00:00,118.2989,6c34a45724fcf9cc
2020-07-24,2021-04-12,2021-04-13T22:00:00+00:00,118.3721,6c34a45724fcf9cc
2020-07-27,2021-04-12,2021-04-13T22:00:00+00:00,117.6119,6c34a45724fcf9cc
2020-07-28,2021-04-12,2021-04-13T22:00:00+00:00,117.5406,6c34a45724fcf9cc
2020-07-29,2021-04-12,2021-04-13T22:00:00+00:00,117.4352,6c34a45724fcf9cc
2020-07-30,2021-04-12,2021-04-13T22:00:00+00:00,117.6306,6c34a45724fcf9cc
2020-07-31,2021-04-12,2021-04-13T22:00:00+00:00,117.4439,6c34a45724fcf9cc
2020-08-03,2021-04-12,2021-04-13T22:00:00+00:00,118.0667,6c34a45724fcf9cc
2020-08-04,2021-04-12,2021-04-13T22:00:00+00:00,118.0501,6c34a45724fcf9cc
2020-08-05,2021-04-12,2021-04-13T22:00:00+00:00,117.1295,6c34a45724fcf9cc
2020-08-06,2021-04-12,2021-04-13T22:00:00+00:00,117.2969,6c34a45724fcf9cc
2020-08-07,2021-04-12,2021-04-13T22:00:00+00:00,117.8948,6c34a45724fcf9cc
2020-08-10,2021-04-12,2021-04-13T22:00:00+00:00,117.8521,6c34a45724fcf9cc
2020-08-11,2021-04-12,2021-04-13T22:00:00+00:00,117.6454,6c34a45724fcf9cc
2020-08-12,2021-04-12,2021-04-13T22:00:00+00:00,117.5319,6c34a45724fcf9cc
2020-08-13,2021-04-12,2021-04-13T22:00:00+00:00,117.3842,6c34a45724fcf9cc
2020-08-14,2021-04-12,2021-04-13T22:00:00+00:00,117.1945,6c34a45724fcf9cc
2020-08-17,2021-04-12,2021-04-13T22:00:00+00:00,117.0104,6c34a45724fcf9cc
2020-08-18,2021-04-12,2021-04-13T22:00:00+00:00,116.8187,6c34a45724fcf9cc
2020-08-19,2021-04-12,2021-04-13T22:00:00+00:00,116.8223,6c34a45724fcf9cc
2020-08-20,2021-04-12,2021-04-13T22:00:00+00:00,117.0834,6c34a45724fcf9cc
2020-08-21,2021-04-12,2021-04-13T22:00:00+00:00,117.3256,6c34a45724fcf9cc
2020-08-24,2021-04-12,2021-04-13T22:00:00+00:00,117.1816,6c34a45724fcf9cc
2020-08-25,2021-04-12,2021-04-13T22:00:00+00:00,117.0923,6c34a45724fcf9cc
2020-08-26,2021-04-12,2021-04-13T22:00:00+00:00,116.8967,6c34a45724fcf9cc
2020-08-27,2021-04-12,2021-04-13T22:00:00+00:00,116.9201,6c34a45724fcf9cc
2020-08-28,2021-04-12,2021-04-13T22:00:00+00:00,116.1841,6c34a45724fcf9cc
2020-08-31,2021-04-12,2021-04-13T22:00:00+00:00,116.0063,6c34a45724fcf9cc
2020-09-01,2021-04-12,2021-04-13T22:00:00+00:00,115.8031,6c34a45724fcf9cc
2020-09-02,2021-04-12,2021-04-13T22:00:00+00:00,116.2711,6c34a45724fcf9cc
2020-09-03,2021-04-12,2021-04-13T22:00:00+00:00,116.3044,6c34a45724fcf9cc
2020-09-04,2021-04-12,2021-04-13T22:00:00+00:00,116.2676,6c34a45724fcf9cc
2020-09-08,2021-04-12,2021-04-13T22:00:00+00:00,116.7157,6c34a45724fcf9cc
2020-09-09,2021-04-12,2021-04-13T22:00:00+00:00,116.3750,6c34a45724fcf9cc
2020-09-10,2021-04-12,2021-04-13T22:00:00+00:00,116.1282,6c34a45724fcf9cc
2020-09-11,2021-04-12,2021-04-13T22:00:00+00:00,116.3414,6c34a45724fcf9cc
2020-09-14,2021-04-12,2021-04-13T22:00:00+00:00,115.8891,6c34a45724fcf9cc
2020-09-15,2021-04-12,2021-04-13T22:00:00+00:00,115.8398,6c34a45724fcf9cc
2020-09-16,2021-04-12,2021-04-13T22:00:00+00:00,115.5991,6c34a45724fcf9cc
2020-09-17,2021-04-12,2021-04-13T22:00:00+00:00,115.6851,6c34a45724fcf9cc
2020-09-18,2021-04-12,2021-04-13T22:00:00+00:00,115.4889,6c34a45724fcf9cc
2020-09-21,2021-04-12,2021-04-13T22:00:00+00:00,116.6627,6c34a45724fcf9cc
2020-09-22,2021-04-12,2021-04-13T22:00:00+00:00,116.8392,6c34a45724fcf9cc
2020-09-23,2021-04-12,2021-04-13T22:00:00+00:00,117.5662,6c34a45724fcf9cc
2020-09-24,2021-04-12,2021-04-13T22:00:00+00:00,117.8573,6c34a45724fcf9cc
2020-09-25,2021-04-12,2021-04-13T22:00:00+00:00,118.1905,6c34a45724fcf9cc
2020-09-28,2021-04-12,2021-04-13T22:00:00+00:00,117.9435,6c34a45724fcf9cc
2020-09-29,2021-04-12,2021-04-13T22:00:00+00:00,117.8568,6c34a45724fcf9cc
2020-09-30,2021-04-12,2021-04-13T22:00:00+00:00,117.2618,6c34a45724fcf9cc
2020-10-01,2021-04-12,2021-04-13T22:00:00+00:00,117.0368,6c34a45724fcf9cc
2020-10-02,2021-04-12,2021-04-13T22:00:00+00:00,117.0416,6c34a45724fcf9cc
2020-10-05,2021-04-12,2021-04-13T22:00:00+00:00,116.4749,6c34a45724fcf9cc
2020-10-08,2021-04-12,2021-04-13T22:00:00+00:00,116.4657,6c34a45724fcf9cc
2020-10-09,2021-04-12,2021-04-13T22:00:00+00:00,115.5746,6c34a45724fcf9cc
2020-10-13,2021-04-12,2021-04-13T22:00:00+00:00,116.2146,6c34a45724fcf9cc
2020-10-14,2021-04-12,2021-04-13T22:00:00+00:00,115.9902,6c34a45724fcf9cc
2020-10-15,2021-04-12,2021-04-13T22:00:00+00:00,116.4134,6c34a45724fcf9cc
2020-10-16,2021-04-12,2021-04-13T22:00:00+00:00,116.0780,6c34a45724fcf9cc
2020-10-19,2021-04-12,2021-04-13T22:00:00+00:00,115.7098,6c34a45724fcf9cc
2020-10-20,2021-04-12,2021-04-13T22:00:00+00:00,115.5556,6c34a45724fcf9cc
2020-10-21,2021-04-12,2021-04-13T22:00:00+00:00,115.2139,6c34a45724fcf9cc
2020-10-22,2021-04-12,2021-04-13T22:00:00+00:00,115.4127,6c34a45724fcf9cc
2020-10-23,2021-04-12,2021-04-13T22:00:00+00:00,115.3091,6c34a45724fcf9cc
2020-10-26,2021-04-12,2021-04-13T22:00:00+00:00,115.5795,6c34a45724fcf9cc
2020-10-27,2021-04-12,2021-04-13T22:00:00+00:00,115.3074,6c34a45724fcf9cc
2020-10-28,2021-04-12,2021-04-13T22:00:00+00:00,116.1193,6c34a45724fcf9cc
2020-10-29,2021-04-12,2021-04-13T22:00:00+00:00,116.6430,6c34a45724fcf9cc
2020-10-30,2021-04-12,2021-04-13T22:00:00+00:00,116.4683,6c34a45724fcf9cc
2020-11-02,2021-04-12,2021-04-13T22:00:00+00:00,116.5727,6c34a45724fcf9cc
2020-11-03,2021-04-12,2021-04-13T22:00:00+00:00,115.7966,6c34a45724fcf9cc
2020-11-04,2021-04-12,2021-04-13T22:00:00+00:00,115.4745,6c34a45724fcf9cc
2020-11-05,2021-04-12,2021-04-13T22:00:00+00:00,114.7554,6c34a45724fcf9cc
2020-11-06,2021-04-12,2021-04-13T22:00:00+00:00,114.2765,6c34a45724fcf9cc
2020-11-09,2021-04-12,2021-04-13T22:00:00+00:00,114.3625,6c34a45724fcf9cc
2020-11-10,2021-04-12,2021-04-13T22:00:00+00:00,114.3483,6c34a45724fcf9cc
2020-11-12,2021-04-12,2021-04-13T22:00:00+00:00,114.5712,6c34a45724fcf9cc
2020-11-13,2021-04-12,2021-04-13T22:00:00+00:00,114.5310,6c34a45724fcf9cc
2020-11-16,2021-04-12,2021-04-13T22:00:00+00:00,114.1103,6c34a45724fcf9cc
2020-11-17,2021-04-12,2021-04-13T22:00:00+00:00,113.9608,6c34a45724fcf9cc
2020-11-18,2021-04-12,2021-04-13T22:00:00+00:00,113.7283,6c34a45724fcf9cc
2020-11-19,2021-04-12,2021-04-13T22:00:00+00:00,113.9580,6c34a45724fcf9cc
2020-11-20,2021-04-12,2021-04-13T22:00:00+00:00,113.7538,6c34a45724fcf9cc
2020-11-23,2021-04-12,2021-04-13T22:00:00+00:00,114.0253,6c34a45724fcf9cc
2020-11-24,2021-04-12,2021-04-13T22:00:00+00:00,113.6918,6c34a45724fcf9cc
2020-11-25,2021-04-12,2021-04-13T22:00:00+00:00,113.4376,6c34a45724fcf9cc
2020-11-30,2021-04-12,2021-04-13T22:00:00+00:00,113.4909,6c34a45724fcf9cc
2020-12-01,2021-04-12,2021-04-13T22:00:00+00:00,113.0557,6c34a45724fcf9cc
2020-12-02,2021-04-12,2021-04-13T22:00:00+00:00,112.8644,6c34a45724fcf9cc
2020-12-03,2021-04-12,2021-04-13T22:00:00+00:00,112.2579,6c34a45724fcf9cc
2020-12-04,2021-04-12,2021-04-13T22:00:00+00:00,112.0170,6c34a45724fcf9cc
2020-12-07,2021-04-12,2021-04-13T22:00:00+00:00,112.0768,6c34a45724fcf9cc
2020-12-08,2021-04-12,2021-04-13T22:00:00+00:00,112.1023,6c34a45724fcf9cc
2020-12-09,2021-04-12,2021-04-13T22:00:00+00:00,112.2757,6c34a45724fcf9cc
2020-12-10,2021-04-12,2021-04-13T22:00:00+00:00,112.2216,6c34a45724fcf9cc
2020-12-11,2021-04-12,2021-04-13T22:00:00+00:00,112.3878,6c34a45724fcf9cc
2020-12-14,2021-04-12,2021-04-13T22:00:00+00:00,112.4228,6c34a45724fcf9cc
2020-12-15,2021-04-12,2021-04-13T22:00:00+00:00,112.1023,6c34a45724fcf9cc
2020-12-16,2021-04-12,2021-04-13T22:00:00+00:00,111.9528,6c34a45724fcf9cc
2020-12-17,2021-04-12,2021-04-13T22:00:00+00:00,111.4428,6c34a45724fcf9cc
2020-12-18,2021-04-12,2021-04-13T22:00:00+00:00,111.8389,6c34a45724fcf9cc
2020-12-21,2021-04-12,2021-04-13T22:00:00+00:00,112.1827,6c34a45724fcf9cc
2020-12-22,2021-04-12,2021-04-13T22:00:00+00:00,112.4409,6c34a45724fcf9cc
2020-12-23,2021-04-12,2021-04-13T22:00:00+00:00,112.2227,6c34a45724fcf9cc
2020-12-28,2021-04-12,2021-04-13T22:00:00+00:00,112.2310,6c34a45724fcf9cc
2020-12-29,2021-04-12,2021-04-13T22:00:00+00:00,111.7571,6c34a45724fcf9cc
2020-12-30,2021-04-12,2021-04-13T22:00:00+00:00,111.5467,6c34a45724fcf9cc
2020-12-31,2021-04-12,2021-04-13T22:00:00+00:00,111.5527,6c34a45724fcf9cc
2021-01-04,2021-04-12,2021-04-13T22:00:00+00:00,111.4676,6c34a45724fcf9cc
2021-01-05,2021-04-12,2021-04-13T22:00:00+00:00,111.2061,6c34a45724fcf9cc
2021-01-06,2021-04-12,2021-04-13T22:00:00+00:00,111.1049,6c34a45724fcf9cc
2021-01-07,2021-04-12,2021-04-13T22:00:00+00:00,111.5648,6c34a45724fcf9cc
2021-01-08,2021-04-12,2021-04-13T22:00:00+00:00,111.5446,6c34a45724fcf9cc
2021-01-11,2021-04-12,2021-04-13T22:00:00+00:00,112.0953,6c34a45724fcf9cc
2021-01-12,2021-04-12,2021-04-13T22:00:00+00:00,111.8090,6c34a45724fcf9cc
2021-01-13,2021-04-12,2021-04-13T22:00:00+00:00,111.6127,6c34a45724fcf9cc
2021-01-14,2021-04-12,2021-04-13T22:00:00+00:00,111.4001,6c34a45724fcf9cc
2021-01-15,2021-04-12,2021-04-13T22:00:00+00:00,111.7679,6c34a45724fcf9cc
2021-01-19,2021-04-12,2021-04-13T22:00:00+00:00,111.7092,6c34a45724fcf9cc
2021-01-21,2021-04-12,2021-04-13T22:00:00+00:00,111.4557,6c34a45724fcf9cc
2021-01-22,2021-04-12,2021-04-13T22:00:00+00:00,111.8095,6c34a45724fcf9cc
2021-01-25,2021-04-12,2021-04-13T22:00:00+00:00,112.1316,6c34a45724fcf9cc
2021-01-26,2021-04-12,2021-04-13T22:00:00+00:00,111.9104,6c34a45724fcf9cc
2021-01-27,2021-04-12,2021-04-13T22:00:00+00:00,112.3420,6c34a45724fcf9cc
2021-01-28,2021-04-12,2021-04-13T22:00:00+00:00,112.2713,6c34a45724fcf9cc
2021-01-29,2021-04-12,2021-04-13T22:00:00+00:00,112.2242,6c34a45724fcf9cc
2021-02-01,2021-04-12,2021-04-13T22:00:00+00:00,112.6987,6c34a45724fcf9cc
2021-02-02,2021-04-12,2021-04-13T22:00:00+00:00,112.5706,6c34a45724fcf9cc
2021-02-03,2021-04-12,2021-04-13T22:00:00+00:00,112.5379,6c34a45724fcf9cc
2021-02-04,2021-04-12,2021-04-13T22:00:00+00:00,113.0323,6c34a45724fcf9cc
2021-02-05,2021-04-12,2021-04-13T22:00:00+00:00,112.5117,6c34a45724fcf9cc
2021-02-08,2021-04-12,2021-04-13T22:00:00+00:00,112.3134,6c34a45724fcf9cc
2021-02-09,2021-04-12,2021-04-13T22:00:00+00:00,112.0351,6c34a45724fcf9cc
2021-02-10,2021-04-12,2021-04-13T22:00:00+00:00,111.8468,6c34a45724fcf9cc
2021-02-11,2021-04-12,2021-04-13T22:00:00+00:00,111.7958,6c34a45724fcf9cc
2021-02-12,2021-04-12,2021-04-13T22:00:00+00:00,111.7576,6c34a45724fcf9cc
2021-02-16,2021-04-12,2021-04-13T22:00:00+00:00,112.0660,6c34a45724fcf9cc
2021-02-17,2021-04-12,2021-04-13T22:00:00+00:00,112.3023,6c34a45724fcf9cc
2021-02-18,2021-04-12,2021-04-13T22:00:00+00:00,112.4323,6c34a45724fcf9cc
2021-02-19,2021-04-12,2021-04-13T22:00:00+00:00,111.9693,6c34a45724fcf9cc
2021-02-22,2021-04-12,2021-04-13T22:00:00+00:00,112.1721,6c34a45724fcf9cc
2021-02-23,2021-04-12,2021-04-13T22:00:00+00:00,112.1510,6c34a45724fcf9cc
2021-02-24,2021-04-12,2021-04-13T22:00:00+00:00,111.9780,6c34a45724fcf9cc
2021-02-25,2021-04-12,2021-04-13T22:00:00+00:00,112.1838,6c34a45724fcf9cc
2021-02-26,2021-04-12,2021-04-13T22:00:00+00:00,113.1068,6c34a45724fcf9cc
2021-03-01,2021-04-12,2021-04-13T22:00:00+00:00,112.8068,6c34a45724fcf9cc
2021-03-02,2021-04-12,2021-04-13T22:00:00+00:00,112.8130,6c34a45724fcf9cc
2021-03-03,2021-04-12,2021-04-13T22:00:00+00:00,113.0483,6c34a45724fcf9cc
2021-03-04,2021-04-12,2021-04-13T22:00:00+00:00,112.9834,6c34a45724fcf9cc
2021-03-05,2021-04-12,2021-04-13T22:00:00+00:00,114.0559,6c34a45724fcf9cc
2021-03-08,2021-04-12,2021-04-13T22:00:00+00:00,114.5710,6c34a45724fcf9cc
2021-03-09,2021-04-12,2021-04-13T22:00:00+00:00,114.2238,6c34a45724fcf9cc
2021-03-10,2021-04-12,2021-04-13T22:00:00+00:00,113.8724,6c34a45724fcf9cc
2021-03-11,2021-04-12,2021-04-13T22:00:00+00:00,113.1968,6c34a45724fcf9cc
2021-03-12,2021-04-12,2021-04-13T22:00:00+00:00,113.3063,6c34a45724fcf9cc
2021-03-15,2021-04-12,2021-04-13T22:00:00+00:00,113.4853,6c34a45724fcf9cc
2021-03-16,2021-04-12,2021-04-13T22:00:00+00:00,113.2713,6c34a45724fcf9cc
2021-03-17,2021-04-12,2021-04-13T22:00:00+00:00,113.4499,6c34a45724fcf9cc
2021-03-18,2021-04-12,2021-04-13T22:00:00+00:00,113.0517,6c34a45724fcf9cc
2021-03-19,2021-04-12,2021-04-13T22:00:00+00:00,113.2534,6c34a45724fcf9cc
2021-03-22,2021-04-12,2021-04-13T22:00:00+00:00,113.2841,6c34a45724fcf9cc
2021-03-23,2021-04-12,2021-04-13T22:00:00+00:00,113.5714,6c34a45724fcf9cc
2021-03-24,2021-04-12,2021-04-13T22:00:00+00:00,113.9455,6c34a45724fcf9cc
2021-03-25,2021-04-12,2021-04-13T22:00:00+00:00,114.2962,6c34a45724fcf9cc
2021-03-26,2021-04-12,2021-04-13T22:00:00+00:00,114.0365,6c34a45724fcf9cc
2021-03-29,2021-04-12,2021-04-13T22:00:00+00:00,114.2298,6c34a45724fcf9cc
2021-03-30,2021-04-12,2021-04-13T22:00:00+00:00,114.5102,6c34a45724fcf9cc
2021-03-31,2021-04-12,2021-04-13T22:00:00+00:00,114.1322,6c34a45724fcf9cc
2021-04-01,2021-04-12,2021-04-13T22:00:00+00:00,114.0409,6c34a45724fcf9cc
2021-04-02,2021-04-12,2021-04-13T22:00:00+00:00,114.0361,6c34a45724fcf9cc
2021-04-05,2021-04-12,2021-04-13T22:00:00+00:00,113.6831,6c34a45724fcf9cc
2021-04-06,2021-04-12,2021-04-13T22:00:00+00:00,113.4387,6c34a45724fcf9cc
2021-04-07,2021-04-12,2021-04-13T22:00:00+00:00,113.5390,6c34a45724fcf9cc
2021-04-08,2021-04-12,2021-04-13T22:00:00+00:00,113.3783,6c34a45724fcf9cc
2021-04-09,2021-04-12,2021-04-13T22:00:00+00:00,113.4969,6c34a45724fcf9cc
2021-04-12,2021-04-19,2021-04-20T22:00:00+00:00,113.4737,7397bf86f7f3b403
2021-04-13,2021-04-19,2021-04-20T22:00:00+00:00,113.3255,7397bf86f7f3b403
2021-04-14,2021-04-19,2021-04-20T22:00:00+00:00,113.0666,7397bf86f7f3b403
2021-04-15,2021-04-19,2021-04-20T22:00:00+00:00,112.9025,7397bf86f7f3b403
2021-04-16,2021-04-19,2021-04-20T22:00:00+00:00,112.7637,7397bf86f7f3b403
2021-04-19,2021-04-26,2021-04-27T22:00:00+00:00,112.4497,9748ce636cafa803
2021-04-20,2021-04-26,2021-04-27T22:00:00+00:00,112.5009,9748ce636cafa803
2021-04-21,2021-04-26,2021-04-27T22:00:00+00:00,112.4472,9748ce636cafa803
2021-04-22,2021-04-26,2021-04-27T22:00:00+00:00,112.5029,9748ce636cafa803
2021-04-23,2021-04-26,2021-04-27T22:00:00+00:00,112.3566,9748ce636cafa803
2021-04-26,2021-05-03,2021-05-04T22:00:00+00:00,112.0805,bcf40ece5557baa9
2021-04-27,2021-05-03,2021-05-04T22:00:00+00:00,112.1862,bcf40ece5557baa9
2021-04-28,2021-05-03,2021-05-04T22:00:00+00:00,112.0658,bcf40ece5557baa9
2021-04-29,2021-05-03,2021-05-04T22:00:00+00:00,112.0222,bcf40ece5557baa9
2021-04-30,2021-05-03,2021-05-04T22:00:00+00:00,112.3765,bcf40ece5557baa9
2021-05-03,2021-05-10,2021-05-11T22:00:00+00:00,112.2829,b31a9e9ceee8d22e
2021-05-04,2021-05-10,2021-05-11T22:00:00+00:00,112.5783,b31a9e9ceee8d22e
2021-05-05,2021-05-10,2021-05-11T22:00:00+00:00,112.4315,b31a9e9ceee8d22e
2021-05-06,2021-05-10,2021-05-11T22:00:00+00:00,112.1162,b31a9e9ceee8d22e
2021-05-07,2021-05-10,2021-05-11T22:00:00+00:00,111.2857,b31a9e9ceee8d22e
2021-05-10,2021-05-17,2021-05-18T22:00:00+00:00,111.0522,301ee9f3eca7a5e3
2021-05-11,2021-05-17,2021-05-18T22:00:00+00:00,111.1432,301ee9f3eca7a5e3
2021-05-12,2021-05-17,2021-05-18T22:00:00+00:00,111.8296,301ee9f3eca7a5e3
2021-05-13,2021-05-17,2021-05-18T22:00:00+00:00,111.8665,301ee9f3eca7a5e3
2021-05-14,2021-05-17,2021-05-18T22:00:00+00:00,111.3976,301ee9f3eca7a5e3
2021-05-17,2021-05-24,2021-05-25T22:00:00+00:00,111.3277,7ab6d419a7bcf884
2021-05-18,2021-05-24,2021-05-25T22:00:00+00:00,111.0794,7ab6d419a7bcf884
2021-05-19,2021-05-24,2021-05-25T22:00:00+00:00,111.1253,7ab6d419a7bcf884
2021-05-20,2021-05-24,2021-05-25T22:00:00+00:00,111.1039,7ab6d419a7bcf884
2021-05-21,2021-05-24,2021-05-25T22:00:00+00:00,111.3116,7ab6d419a7bcf884
2021-05-24,2021-06-01,2021-06-02T22:00:00+00:00,111.1643,30a1889b6190091b
2021-05-25,2021-06-01,2021-06-02T22:00:00+00:00,111.0967,30a1889b6190091b
2021-05-26,2021-06-01,2021-06-02T22:00:00+00:00,111.1343,30a1889b6190091b
2021-05-27,2021-06-01,2021-06-02T22:00:00+00:00,111.1401,30a1889b6190091b
2021-05-28,2021-06-01,2021-06-02T22:00:00+00:00,111.0328,30a1889b6190091b
2021-06-01,2021-06-07,2021-06-08T22:00:00+00:00,110.7742,001d54b4fb8a21ea
2021-06-02,2021-06-07,2021-06-08T22:00:00+00:00,110.8458,001d54b4fb8a21ea
2021-06-03,2021-06-07,2021-06-08T22:00:00+00:00,111.4565,001d54b4fb8a21ea
2021-06-04,2021-06-07,2021-06-08T22:00:00+00:00,111.0165,001d54b4fb8a21ea
2021-06-07,2021-06-14,2021-06-15T22:00:00+00:00,110.7733,61763af9d4274bfd
2021-06-08,2021-06-14,2021-06-15T22:00:00+00:00,110.9145,61763af9d4274bfd
2021-06-09,2021-06-14,2021-06-15T22:00:00+00:00,110.8415,61763af9d4274bfd
2021-06-10,2021-06-14,2021-06-15T22:00:00+00:00,110.8153,61763af9d4274bfd
2021-06-11,2021-06-14,2021-06-15T22:00:00+00:00,111.3778,61763af9d4274bfd
2021-06-14,2021-06-21,2021-06-22T22:00:00+00:00,111.2451,a598eeb65cd99ad2
2021-06-15,2021-06-21,2021-06-22T22:00:00+00:00,111.6357,a598eeb65cd99ad2
2021-06-16,2021-06-21,2021-06-22T22:00:00+00:00,111.3923,a598eeb65cd99ad2
2021-06-17,2021-06-21,2021-06-22T22:00:00+00:00,112.8650,a598eeb65cd99ad2
2021-06-18,2021-06-21,2021-06-22T22:00:00+00:00,113.3338,a598eeb65cd99ad2
2021-06-21,2021-06-28,2021-06-29T22:00:00+00:00,113.1156,9ab0f0cd267c8689
2021-06-22,2021-06-28,2021-06-29T22:00:00+00:00,113.1898,9ab0f0cd267c8689
2021-06-23,2021-06-28,2021-06-29T22:00:00+00:00,112.6483,9ab0f0cd267c8689
2021-06-24,2021-06-28,2021-06-29T22:00:00+00:00,112.5972,9ab0f0cd267c8689
2021-06-25,2021-06-28,2021-06-29T22:00:00+00:00,112.2401,9ab0f0cd267c8689
2021-06-28,2021-07-06,2021-07-07T22:00:00+00:00,112.2977,d0b1bd7d49403304
2021-06-29,2021-07-06,2021-07-07T22:00:00+00:00,112.5359,d0b1bd7d49403304
2021-06-30,2021-07-06,2021-07-07T22:00:00+00:00,112.8458,d0b1bd7d49403304
2021-07-01,2021-07-06,2021-07-07T22:00:00+00:00,113.0361,d0b1bd7d49403304
2021-07-02,2021-07-06,2021-07-07T22:00:00+00:00,112.8352,d0b1bd7d49403304
2021-07-06,2021-07-12,2021-07-13T22:00:00+00:00,113.2447,63270f061d9618c6
2021-07-07,2021-07-12,2021-07-13T22:00:00+00:00,113.4002,63270f061d9618c6
2021-07-08,2021-07-12,2021-07-13T22:00:00+00:00,113.3602,63270f061d9618c6
2021-07-09,2021-07-12,2021-07-13T22:00:00+00:00,113.1200,63270f061d9618c6
2021-07-12,2021-07-19,2021-07-20T22:00:00+00:00,113.0385,5ea0c6ee3fdf5938
2021-07-13,2021-07-19,2021-07-20T22:00:00+00:00,113.2899,5ea0c6ee3fdf5938
2021-07-14,2021-07-19,2021-07-20T22:00:00+00:00,113.1537,5ea0c6ee3fdf5938
2021-07-15,2021-07-19,2021-07-20T22:00:00+00:00,113.2859,5ea0c6ee3fdf5938
2021-07-16,2021-07-19,2021-07-20T22:00:00+00:00,113.3233,5ea0c6ee3fdf5938
2021-07-19,2021-07-26,2021-07-27T22:00:00+00:00,113.8301,4f8087e826d86d57
2021-07-20,2021-07-26,2021-07-27T22:00:00+00:00,114.0437,4f8087e826d86d57
2021-07-21,2021-07-26,2021-07-27T22:00:00+00:00,113.6826,4f8087e826d86d57
2021-07-22,2021-07-26,2021-07-27T22:00:00+00:00,113.7583,4f8087e826d86d57
2021-07-23,2021-07-26,2021-07-27T22:00:00+00:00,113.7272,4f8087e826d86d57
2021-07-26,2021-08-02,2021-08-03T22:00:00+00:00,113.4990,b2ec30e8877da385
2021-07-27,2021-08-02,2021-08-03T22:00:00+00:00,113.4836,b2ec30e8877da385
2021-07-28,2021-08-02,2021-08-03T22:00:00+00:00,113.4514,b2ec30e8877da385
2021-07-29,2021-08-02,2021-08-03T22:00:00+00:00,112.7446,b2ec30e8877da385
2021-07-30,2021-08-02,2021-08-03T22:00:00+00:00,112.9415,b2ec30e8877da385
2021-08-02,2021-08-09,2021-08-10T22:00:00+00:00,112.9353,deebfd78ae6594ed
2021-08-03,2021-08-09,2021-08-10T22:00:00+00:00,113.0927,deebfd78ae6594ed
2021-08-04,2021-08-09,2021-08-10T22:00:00+00:00,113.1738,deebfd78ae6594ed
2021-08-05,2021-08-09,2021-08-10T22:00:00+00:00,113.0441,deebfd78ae6594ed
2021-08-06,2021-08-09,2021-08-10T22:00:00+00:00,113.5940,deebfd78ae6594ed
2021-08-09,2021-08-16,2021-08-17T22:00:00+00:00,113.7412,36b9c48c95ce624f
2021-08-10,2021-08-16,2021-08-17T22:00:00+00:00,113.7842,36b9c48c95ce624f
2021-08-11,2021-08-16,2021-08-17T22:00:00+00:00,113.5692,36b9c48c95ce624f
2021-08-12,2021-08-16,2021-08-17T22:00:00+00:00,113.5594,36b9c48c95ce624f
2021-08-13,2021-08-16,2021-08-17T22:00:00+00:00,113.3370,36b9c48c95ce624f
2021-08-16,2021-08-23,2021-08-24T22:00:00+00:00,113.4456,162aca9536581b78
2021-08-17,2021-08-23,2021-08-24T22:00:00+00:00,113.9052,162aca9536581b78
2021-08-18,2021-08-23,2021-08-24T22:00:00+00:00,113.9951,162aca9536581b78
2021-08-19,2021-08-23,2021-08-24T22:00:00+00:00,114.4147,162aca9536581b78
2021-08-20,2021-08-23,2021-08-24T22:00:00+00:00,114.8068,162aca9536581b78
2021-08-23,2021-08-30,2021-08-31T22:00:00+00:00,114.2443,dc83ceb8f3260217
2021-08-24,2021-08-30,2021-08-31T22:00:00+00:00,113.9792,dc83ceb8f3260217
2021-08-25,2021-08-30,2021-08-31T22:00:00+00:00,113.9342,dc83ceb8f3260217
2021-08-26,2021-08-30,2021-08-31T22:00:00+00:00,114.0895,dc83ceb8f3260217
2021-08-27,2021-08-30,2021-08-31T22:00:00+00:00,113.6387,dc83ceb8f3260217
2021-08-30,2021-09-07,2021-09-08T22:00:00+00:00,113.5495,298b82a11ba5ef6b
2021-08-31,2021-09-07,2021-09-08T22:00:00+00:00,113.4180,298b82a11ba5ef6b
2021-09-01,2021-09-07,2021-09-08T22:00:00+00:00,113.1796,298b82a11ba5ef6b
2021-09-02,2021-09-07,2021-09-08T22:00:00+00:00,113.0849,298b82a11ba5ef6b
2021-09-03,2021-09-07,2021-09-08T22:00:00+00:00,112.8415,298b82a11ba5ef6b
2021-09-07,2021-09-13,2021-09-14T22:00:00+00:00,113.2783,aaaad3e9d18ba257
2021-09-08,2021-09-13,2021-09-14T22:00:00+00:00,113.5378,aaaad3e9d18ba257
2021-09-09,2021-09-13,2021-09-14T22:00:00+00:00,113.3395,aaaad3e9d18ba257
2021-09-10,2021-09-13,2021-09-14T22:00:00+00:00,113.2421,aaaad3e9d18ba257
2021-09-13,2021-09-20,2021-09-21T22:00:00+00:00,113.3292,29138927d74ba946
2021-09-14,2021-09-20,2021-09-21T22:00:00+00:00,113.3008,29138927d74ba946
2021-09-15,2021-09-20,2021-09-21T22:00:00+00:00,113.2758,29138927d74ba946
2021-09-16,2021-09-20,2021-09-21T22:00:00+00:00,113.6034,29138927d74ba946
2021-09-17,2021-09-20,2021-09-21T22:00:00+00:00,113.9010,29138927d74ba946
2021-09-20,2021-09-27,2021-09-28T22:00:00+00:00,114.2439,76387500249f787b
2021-09-21,2021-09-27,2021-09-28T22:00:00+00:00,114.1207,76387500249f787b
2021-09-22,2021-09-27,2021-09-28T22:00:00+00:00,113.9245,76387500249f787b
2021-09-23,2021-09-27,2021-09-28T22:00:00+00:00,113.8194,76387500249f787b
2021-09-24,2021-09-27,2021-09-28T22:00:00+00:00,114.0776,76387500249f787b
2021-09-27,2021-10-04,2021-10-05T22:00:00+00:00,114.0633,20ce1933b9f638bc
2021-09-28,2021-10-04,2021-10-05T22:00:00+00:00,114.5820,20ce1933b9f638bc
2021-09-29,2021-10-04,2021-10-05T22:00:00+00:00,115.0563,20ce1933b9f638bc
2021-09-30,2021-10-04,2021-10-05T22:00:00+00:00,114.9900,20ce1933b9f638bc
2021-10-01,2021-10-04,2021-10-05T22:00:00+00:00,114.7126,20ce1933b9f638bc
2021-10-04,2021-10-12,2021-10-13T22:00:00+00:00,114.6048,a7c793b6461af9db
2021-10-05,2021-10-12,2021-10-13T22:00:00+00:00,114.6972,a7c793b6461af9db
2021-10-06,2021-10-12,2021-10-13T22:00:00+00:00,115.0597,a7c793b6461af9db
2021-10-07,2021-10-12,2021-10-13T22:00:00+00:00,114.8400,a7c793b6461af9db
2021-10-08,2021-10-12,2021-10-13T22:00:00+00:00,114.9364,a7c793b6461af9db
2021-10-12,2021-10-18,2021-10-19T22:00:00+00:00,115.1098,18b0d9b881181215
2021-10-13,2021-10-18,2021-10-19T22:00:00+00:00,114.8292,18b0d9b881181215
2021-10-14,2021-10-18,2021-10-19T22:00:00+00:00,114.5597,18b0d9b881181215
2021-10-15,2021-10-18,2021-10-19T22:00:00+00:00,114.4451,18b0d9b881181215
2021-10-18,2021-10-25,2021-10-26T22:00:00+00:00,114.3448,3fa82432444eb6d6
2021-10-19,2021-10-25,2021-10-26T22:00:00+00:00,114.0104,3fa82432444eb6d6
2021-10-20,2021-10-25,2021-10-26T22:00:00+00:00,113.8680,3fa82432444eb6d6
2021-10-21,2021-10-25,2021-10-26T22:00:00+00:00,113.9801,3fa82432444eb6d6
2021-10-22,2021-10-25,2021-10-26T22:00:00+00:00,114.0413,3fa82432444eb6d6
2021-10-25,2021-11-01,2021-11-02T22:00:00+00:00,113.9752,522362fac9ccaddc
2021-10-26,2021-11-01,2021-11-02T22:00:00+00:00,114.0509,522362fac9ccaddc
2021-10-27,2021-11-01,2021-11-02T22:00:00+00:00,113.9904,522362fac9ccaddc
2021-10-28,2021-11-01,2021-11-02T22:00:00+00:00,113.8000,522362fac9ccaddc
2021-10-29,2021-11-01,2021-11-02T22:00:00+00:00,114.5145,522362fac9ccaddc
2021-11-01,2021-11-08,2021-11-09T22:00:00+00:00,114.5876,aa087a59f585f22c
2021-11-02,2021-11-08,2021-11-09T22:00:00+00:00,114.6689,aa087a59f585f22c
2021-11-03,2021-11-08,2021-11-09T22:00:00+00:00,114.7359,aa087a59f585f22c
2021-11-04,2021-11-08,2021-11-09T22:00:00+00:00,114.7403,aa087a59f585f22c
2021-11-05,2021-11-08,2021-11-09T22:00:00+00:00,114.4564,aa087a59f585f22c
2021-11-08,2021-11-15,2021-11-16T22:00:00+00:00,114.2049,172b049e995f8f1b
2021-11-09,2021-11-15,2021-11-16T22:00:00+00:00,114.1433,172b049e995f8f1b
2021-11-10,2021-11-15,2021-11-16T22:00:00+00:00,114.5473,172b049e995f8f1b
2021-11-12,2021-11-15,2021-11-16T22:00:00+00:00,114.9199,172b049e995f8f1b
2021-11-15,2021-11-22,2021-11-23T22:00:00+00:00,114.9939,e0e024a406366eb5
2021-11-16,2021-11-22,2021-11-23T22:00:00+00:00,115.5542,e0e024a406366eb5
2021-11-17,2021-11-22,2021-11-23T22:00:00+00:00,115.4402,e0e024a406366eb5
2021-11-18,2021-11-22,2021-11-23T22:00:00+00:00,115.4789,e0e024a406366eb5
2021-11-19,2021-11-22,2021-11-23T22:00:00+00:00,115.6317,e0e024a406366eb5
2021-11-22,2021-11-29,2021-11-30T22:00:00+00:00,116.0779,855e8df32e9eb6ae
2021-11-23,2021-11-29,2021-11-30T22:00:00+00:00,116.4478,855e8df32e9eb6ae
2021-11-24,2021-11-29,2021-11-30T22:00:00+00:00,116.7141,855e8df32e9eb6ae
2021-11-26,2021-11-29,2021-11-30T22:00:00+00:00,116.9260,855e8df32e9eb6ae
2021-11-29,2021-12-06,2021-12-07T22:00:00+00:00,117.0066,d721b65e86f0e8b3
2021-11-30,2021-12-06,2021-12-07T22:00:00+00:00,116.6408,d721b65e86f0e8b3
2021-12-01,2021-12-06,2021-12-07T22:00:00+00:00,116.3109,d721b65e86f0e8b3
2021-12-02,2021-12-06,2021-12-07T22:00:00+00:00,116.4411,d721b65e86f0e8b3
2021-12-03,2021-12-06,2021-12-07T22:00:00+00:00,116.6656,d721b65e86f0e8b3
2021-12-06,2021-12-13,2021-12-14T22:00:00+00:00,116.5733,92fe3190b2fe281f
2021-12-07,2021-12-13,2021-12-14T22:00:00+00:00,116.2761,92fe3190b2fe281f
2021-12-08,2021-12-13,2021-12-14T22:00:00+00:00,115.8633,92fe3190b2fe281f
2021-12-09,2021-12-13,2021-12-14T22:00:00+00:00,116.1994,92fe3190b2fe281f
2021-12-10,2021-12-13,2021-12-14T22:00:00+00:00,115.9847,92fe3190b2fe281f
2021-12-13,2021-12-20,2021-12-21T22:00:00+00:00,116.2630,0f6d66dcc2e6c224
2021-12-14,2021-12-20,2021-12-21T22:00:00+00:00,116.6665,0f6d66dcc2e6c224
2021-12-15,2021-12-20,2021-12-21T22:00:00+00:00,116.8498,0f6d66dcc2e6c224
2021-12-16,2021-12-20,2021-12-21T22:00:00+00:00,116.1280,0f6d66dcc2e6c224
2021-12-17,2021-12-20,2021-12-21T22:00:00+00:00,116.2114,0f6d66dcc2e6c224
2021-12-20,2021-12-27,2021-12-28T22:00:00+00:00,116.4291,fdd7c154b66d602a
2021-12-21,2021-12-27,2021-12-28T22:00:00+00:00,116.5379,fdd7c154b66d602a
2021-12-22,2021-12-27,2021-12-28T22:00:00+00:00,116.1662,fdd7c154b66d602a
2021-12-23,2021-12-27,2021-12-28T22:00:00+00:00,115.9533,fdd7c154b66d602a
2019-12-02,2022-01-03,2022-01-04T22:00:00+00:00,116.9686,e273aedda0eda566
2019-12-03,2022-01-03,2022-01-04T22:00:00+00:00,116.8941,e273aedda0eda566
2019-12-04,2022-01-03,2022-01-04T22:00:00+00:00,116.6959,e273aedda0eda566
2019-12-05,2022-01-03,2022-01-04T22:00:00+00:00,116.3879,e273aedda0eda566
2019-12-06,2022-01-03,2022-01-04T22:00:00+00:00,116.5409,e273aedda0eda566
2019-12-09,2022-01-03,2022-01-04T22:00:00+00:00,116.3311,e273aedda0eda566
2019-12-10,2022-01-03,2022-01-04T22:00:00+00:00,116.2573,e273aedda0eda566
2019-12-11,2022-01-03,2022-01-04T22:00:00+00:00,116.1508,e273aedda0eda566
2019-12-12,2022-01-03,2022-01-04T22:00:00+00:00,115.8766,e273aedda0eda566
2019-12-13,2022-01-03,2022-01-04T22:00:00+00:00,115.6992,e273aedda0eda566
2019-12-16,2022-01-03,2022-01-04T22:00:00+00:00,115.5572,e273aedda0eda566
2019-12-17,2022-01-03,2022-01-04T22:00:00+00:00,115.5571,e273aedda0eda566
2019-12-18,2022-01-03,2022-01-04T22:00:00+00:00,115.6630,e273aedda0eda566
2019-12-19,2022-01-03,2022-01-04T22:00:00+00:00,115.6004,e273aedda0eda566
2019-12-20,2022-01-03,2022-01-04T22:00:00+00:00,115.7606,e273aedda0eda566
2019-12-23,2022-01-03,2022-01-04T22:00:00+00:00,115.8069,e273aedda0eda566
2019-12-26,2022-01-03,2022-01-04T22:00:00+00:00,115.6350,e273aedda0eda566
2019-12-27,2022-01-03,2022-01-04T22:00:00+00:00,115.2219,e273aedda0eda566
2019-12-30,2022-01-03,2022-01-04T22:00:00+00:00,114.9654,e273aedda0eda566
2019-12-31,2022-01-03,2022-01-04T22:00:00+00:00,114.6709,e273aedda0eda566
2020-01-02,2022-01-03,2022-01-04T22:00:00+00:00,114.9755,e273aedda0eda566
2020-01-03,2022-01-03,2022-01-04T22:00:00+00:00,114.9872,e273aedda0eda566
2020-01-07,2022-01-03,2022-01-04T22:00:00+00:00,115.1473,e273aedda0eda566
2020-01-08,2022-01-03,2022-01-04T22:00:00+00:00,115.1317,e273aedda0eda566
2020-01-09,2022-01-03,2022-01-04T22:00:00+00:00,115.2319,e273aedda0eda566
2020-01-10,2022-01-03,2022-01-04T22:00:00+00:00,115.0666,e273aedda0eda566
2020-01-13,2022-01-03,2022-01-04T22:00:00+00:00,115.0328,e273aedda0eda566
2020-01-14,2022-01-03,2022-01-04T22:00:00+00:00,115.0219,e273aedda0eda566
2020-01-15,2022-01-03,2022-01-04T22:00:00+00:00,114.9518,e273aedda0eda566
2020-01-16,2022-01-03,2022-01-04T22:00:00+00:00,114.9986,e273aedda0eda566
2020-01-17,2022-01-03,2022-01-04T22:00:00+00:00,115.0621,e273aedda0eda566
2020-01-21,2022-01-03,2022-01-04T22:00:00+00:00,115.1851,e273aedda0eda566
2020-01-22,2022-01-03,2022-01-04T22:00:00+00:00,115.2247,e273aedda0eda566
2020-01-23,2022-01-03,2022-01-04T22:00:00+00:00,115.5526,e273aedda0eda566
2020-01-24,2022-01-03,2022-01-04T22:00:00+00:00,115.5531,e273aedda0eda566
2020-01-27,2022-01-03,2022-01-04T22:00:00+00:00,115.7983,e273aedda0eda566
2020-01-28,2022-01-03,2022-01-04T22:00:00+00:00,115.7210,e273aedda0eda566
2020-01-29,2022-01-03,2022-01-04T22:00:00+00:00,115.6967,e273aedda0eda566
2020-01-30,2022-01-03,2022-01-04T22:00:00+00:00,115.8055,e273aedda0eda566
2020-01-31,2022-01-03,2022-01-04T22:00:00+00:00,115.7337,e273aedda0eda566
2020-02-03,2022-01-03,2022-01-04T22:00:00+00:00,116.1172,e273aedda0eda566
2020-02-04,2022-01-03,2022-01-04T22:00:00+00:00,115.9279,e273aedda0eda566
2020-02-05,2022-01-03,2022-01-04T22:00:00+00:00,116.0063,e273aedda0eda566
2020-02-06,2022-01-03,2022-01-04T22:00:00+00:00,116.1486,e273aedda0eda566
2020-02-07,2022-01-03,2022-01-04T22:00:00+00:00,116.5059,e273aedda0eda566
2020-02-10,2022-01-03,2022-01-04T22:00:00+00:00,116.5679,e273aedda0eda566
2020-02-11,2022-01-03,2022-01-04T22:00:00+00:00,116.3548,e273aedda0eda566
2020-02-12,2022-01-03,2022-01-04T22:00:00+00:00,116.2749,e273aedda0eda566
2020-02-13,2022-01-03,2022-01-04T22:00:00+00:00,116.3951,e273aedda0eda566
2020-02-14,2022-01-03,2022-01-04T22:00:00+00:00,116.4170,e273aedda0eda566
2020-02-18,2022-01-03,2022-01-04T22:00:00+00:00,116.5985,e273aedda0eda566
2020-02-19,2022-01-03,2022-01-04T22:00:00+00:00,116.7767,e273aedda0eda566
2020-02-20,2022-01-03,2022-01-04T22:00:00+00:00,117.2407,e273aedda0eda566
2020-02-21,2022-01-03,2022-01-04T22:00:00+00:00,117.0438,e273aedda0eda566
2020-02-24,2022-01-03,2022-01-04T22:00:00+00:00,117.4000,e273aedda0eda566
2020-02-25,2022-01-03,2022-01-04T22:00:00+00:00,117.2406,e273aedda0eda566
2020-02-26,2022-01-03,2022-01-04T22:00:00+00:00,117.4042,e273aedda0eda566
2020-02-27,2022-01-03,2022-01-04T22:00:00+00:00,117.3688,e273aedda0eda566
2020-02-28,2022-01-03,2022-01-04T22:00:00+00:00,117.6588,e273aedda0eda566
2020-03-02,2022-01-03,2022-01-04T22:00:00+00:00,116.8165,e273aedda0eda566
2020-03-03,2022-01-03,2022-01-04T22:00:00+00:00,116.4973,e273aedda0eda566
2020-03-04,2022-01-03,2022-01-04T22:00:00+00:00,116.7807,e273aedda0eda566
2020-03-05,2022-01-03,2022-01-04T22:00:00+00:00,116.7940,e273aedda0eda566
2020-03-06,2022-01-03,2022-01-04T22:00:00+00:00,116.7176,e273aedda0eda566
2020-03-09,2022-01-03,2022-01-04T22:00:00+00:00,117.1999,e273aedda0eda566
2020-03-10,2022-01-03,2022-01-04T22:00:00+00:00,117.9139,e273aedda0eda566
2020-03-11,2022-01-03,2022-01-04T22:00:00+00:00,118.2620,e273aedda0eda566
2020-03-12,2022-01-03,2022-01-04T22:00:00+00:00,120.5015,e273aedda0eda566
2020-03-13,2022-01-03,2022-01-04T22:00:00+00:00,120.4484,e273aedda0eda566
2020-03-16,2022-01-03,2022-01-04T22:00:00+00:00,120.9493,e273aedda0eda566
2020-03-17,2022-01-03,2022-01-04T22:00:00+00:00,122.4938,e273aedda0eda566
2020-03-18,2022-01-03,2022-01-04T22:00:00+00:00,124.1743,e273aedda0eda566
2020-03-19,2022-01-03,2022-01-04T22:00:00+00:00,125.0722,e273aedda0eda566
2020-03-20,2022-01-03,2022-01-04T22:00:00+00:00,124.9485,e273aedda0eda566
2020-03-23,2022-01-03,2022-01-04T22:00:00+00:00,126.1428,e273aedda0eda566
2020-03-24,2022-01-03,2022-01-04T22:00:00+00:00,125.5185,e273aedda0eda566
2020-03-25,2022-01-03,2022-01-04T22:00:00+00:00,124.8079,e273aedda0eda566
2020-03-26,2022-01-03,2022-01-04T22:00:00+00:00,122.4466,e273aedda0eda566
2020-03-27,2022-01-03,2022-01-04T22:00:00+00:00,122.4189,e273aedda0eda566
2020-03-30,2022-01-03,2022-01-04T22:00:00+00:00,123.3111,e273aedda0eda566
2020-03-31,2022-01-03,2022-01-04T22:00:00+00:00,122.5495,e273aedda0eda566
2020-04-01,2022-01-03,2022-01-04T22:00:00+00:00,123.8154,e273aedda0eda566
2020-04-02,2022-01-03,2022-01-04T22:00:00+00:00,123.6099,e273aedda0eda566
2020-04-03,2022-01-03,2022-01-04T22:00:00+00:00,124.4354,e273aedda0eda566
2020-04-06,2022-01-03,2022-01-04T22:00:00+00:00,124.1805,e273aedda0eda566
2020-04-07,2022-01-03,2022-01-04T22:00:00+00:00,123.1142,e273aedda0eda566
2020-04-08,2022-01-03,2022-01-04T22:00:00+00:00,123.2402,e273aedda0eda566
2020-04-09,2022-01-03,2022-01-04T22:00:00+00:00,122.4932,e273aedda0eda566
2020-04-10,2022-01-03,2022-01-04T22:00:00+00:00,122.1760,e273aedda0eda566
2020-04-13,2022-01-03,2022-01-04T22:00:00+00:00,122.5387,e273aedda0eda566
2020-04-14,2022-01-03,2022-01-04T22:00:00+00:00,122.1315,e273aedda0eda566
2020-04-15,2022-01-03,2022-01-04T22:00:00+00:00,123.0950,e273aedda0eda566
2020-04-16,2022-01-03,2022-01-04T22:00:00+00:00,123.4804,e273aedda0eda566
2020-04-17,2022-01-03,2022-01-04T22:00:00+00:00,122.8895,e273aedda0eda566
2020-04-20,2022-01-03,2022-01-04T22:00:00+00:00,123.1228,e273aedda0eda566
2020-04-21,2022-01-03,2022-01-04T22:00:00+00:00,123.9315,e273aedda0eda566
2020-04-22,2022-01-03,2022-01-04T22:00:00+00:00,123.9471,e273aedda0eda566
2020-04-23,2022-01-03,2022-01-04T22:00:00+00:00,123.7770,e273aedda0eda566
2020-04-24,2022-01-03,2022-01-04T22:00:00+00:00,124.1851,e273aedda0eda566
2020-04-27,2022-01-03,2022-01-04T22:00:00+00:00,123.9092,e273aedda0eda566
2020-04-28,2022-01-03,2022-01-04T22:00:00+00:00,123.3922,e273aedda0eda566
2020-04-29,2022-01-03,2022-01-04T22:00:00+00:00,122.7994,e273aedda0eda566
2020-04-30,2022-01-03,2022-01-04T22:00:00+00:00,122.3493,e273aedda0eda566
2020-05-01,2022-01-03,2022-01-04T22:00:00+00:00,123.1753,e273aedda0eda566
2020-05-04,2022-01-03,2022-01-04T22:00:00+00:00,123.2345,e273aedda0eda566
2020-05-05,2022-01-03,2022-01-04T22:00:00+00:00,122.8223,e273aedda0eda566
2020-05-06,2022-01-03,2022-01-04T22:00:00+00:00,123.6306,e273aedda0eda566
2020-05-07,2022-01-03,2022-01-04T22:00:00+00:00,123.1454,e273aedda0eda566
2020-05-08,2022-01-03,2022-01-04T22:00:00+00:00,122.5570,e273aedda0eda566
2020-05-11,2022-01-03,2022-01-04T22:00:00+00:00,123.2528,e273aedda0eda566
2020-05-12,2022-01-03,2022-01-04T22:00:00+00:00,123.0805,e273aedda0eda566
2020-05-13,2022-01-03,2022-01-04T22:00:00+00:00,123.5625,e273aedda0eda566
2020-05-14,2022-01-03,2022-01-04T22:00:00+00:00,123.6632,e273aedda0eda566
2020-05-15,2022-01-03,2022-01-04T22:00:00+00:00,123.6186,e273aedda0eda566
2020-05-18,2022-01-03,2022-01-04T22:00:00+00:00,122.8164,e273aedda0eda566
2020-05-19,2022-01-03,2022-01-04T22:00:00+00:00,122.5857,e273aedda0eda566
2020-05-20,2022-01-03,2022-01-04T22:00:00+00:00,122.1197,e273aedda0eda566
2020-05-21,2022-01-03,2022-01-04T22:00:00+00:00,122.1087,e273aedda0eda566
2020-05-22,2022-01-03,2022-01-04T22:00:00+00:00,122.3361,e273aedda0eda566
2020-05-26,2022-01-03,2022-01-04T22:00:00+00:00,121.4019,e273aedda0eda566
2020-05-27,2022-01-03,2022-01-04T22:00:00+00:00,121.5835,e273aedda0eda566
2020-05-28,2022-01-03,2022-01-04T22:00:00+00:00,121.0304,e273aedda0eda566
2020-05-29,2022-01-03,2022-01-04T22:00:00+00:00,120.9625,e273aedda0eda566
2020-06-01,2022-01-03,2022-01-04T22:00:00+00:00,120.2854,e273aedda0eda566
2020-06-02,2022-01-03,2022-01-04T22:00:00+00:00,119.7012,e273aedda0eda566
2020-06-03,2022-01-03,2022-01-04T22:00:00+00:00,119.2720,e273aedda0eda566
2020-06-04,2022-01-03,2022-01-04T22:00:00+00:00,119.3199,e273aedda0eda566
2020-06-05,2022-01-03,2022-01-04T22:00:00+00:00,118.8294,e273aedda0eda566
2020-06-08,2022-01-03,2022-01-04T22:00:00+00:00,118.6782,e273aedda0eda566
2020-06-09,2022-01-03,2022-01-04T22:00:00+00:00,118.6067,e273aedda0eda566
2020-06-10,2022-01-03,2022-01-04T22:00:00+00:00,118.5413,e273aedda0eda566
2020-06-11,2022-01-03,2022-01-04T22:00:00+00:00,119.2552,e273aedda0eda566
2020-06-12,2022-01-03,2022-01-04T22:00:00+00:00,119.6824,e273aedda0eda566
2020-06-15,2022-01-03,2022-01-04T22:00:00+00:00,119.9736,e273aedda0eda566
2020-06-16,2022-01-03,2022-01-04T22:00:00+00:00,119.5848,e273aedda0eda566
2020-06-17,2022-01-03,2022-01-04T22:00:00+00:00,119.9289,e273aedda0eda566
2020-06-18,2022-01-03,2022-01-04T22:00:00+00:00,120.2371,e273aedda0eda566
2020-06-19,2022-01-03,2022-01-04T22:00:00+00:00,120.2372,e273aedda0eda566
2020-06-22,2022-01-03,2022-01-04T22:00:00+00:00,119.7728,e273aedda0eda566
2020-06-23,2022-01-03,2022-01-04T22:00:00+00:00,119.3492,e273aedda0eda566
2020-06-24,2022-01-03,2022-01-04T22:00:00+00:00,119.9955,e273aedda0eda566
2020-06-25,2022-01-03,2022-01-04T22:00:00+00:00,120.3206,e273aedda0eda566
2020-06-26,2022-01-03,2022-01-04T22:00:00+00:00,120.5543,e273aedda0eda566
2020-06-29,2022-01-03,2022-01-04T22:00:00+00:00,120.6879,e273aedda0eda566
2020-06-30,2022-01-03,2022-01-04T22:00:00+00:00,120.4864,e273aedda0eda566
2020-07-01,2022-01-03,2022-01-04T22:00:00+00:00,120.1019,e273aedda0eda566
2020-07-02,2022-01-03,2022-01-04T22:00:00+00:00,119.8752,e273aedda0eda566
2020-07-06,2022-01-03,2022-01-04T22:00:00+00:00,119.3033,e273aedda0eda566
2020-07-07,2022-01-03,2022-01-04T22:00:00+00:00,119.5916,e273aedda0eda566
2020-07-08,2022-01-03,2022-01-04T22:00:00+00:00,119.5736,e273aedda0eda566
2020-07-09,2022-01-03,2022-01-04T22:00:00+00:00,119.5324,e273aedda0eda566
2020-07-10,2022-01-03,2022-01-04T22:00:00+00:00,119.3704,e273aedda0eda566
2020-07-13,2022-01-03,2022-01-04T22:00:00+00:00,119.2090,e273aedda0eda566
2020-07-14,2022-01-03,2022-01-04T22:00:00+00:00,119.4113,e273aedda0eda566
2020-07-15,2022-01-03,2022-01-04T22:00:00+00:00,119.0535,e273aedda0eda566
2020-07-16,2022-01-03,2022-01-04T22:00:00+00:00,118.9479,e273aedda0eda566
2020-07-17,2022-01-03,2022-01-04T22:00:00+00:00,119.1452,e273aedda0eda566
2020-07-20,2022-01-03,2022-01-04T22:00:00+00:00,119.0706,e273aedda0eda566
2020-07-21,2022-01-03,2022-01-04T22:00:00+00:00,118.4261,e273aedda0eda566
2020-07-22,2022-01-03,2022-01-04T22:00:00+00:00,118.1567,e273aedda0eda566
2020-07-23,2022-01-03,2022-01-04T22:00:00+00:00,118.0852,e273aedda0eda566
2020-07-24,2022-01-03,2022-01-04T22:00:00+00:00,118.1577,e273aedda0eda566
2020-07-27,2022-01-03,2022-01-04T22:00:00+00:00,117.4115,e273aedda0eda566
2020-07-28,2022-01-03,2022-01-04T22:00:00+00:00,117.3430,e273aedda0eda566
2020-07-29,2022-01-03,2022-01-04T22:00:00+00:00,117.2372,e273aedda0eda566
2020-07-30,2022-01-03,2022-01-04T22:00:00+00:00,117.4266,e273aedda0eda566
2020-07-31,2022-01-03,2022-01-04T22:00:00+00:00,117.2339,e273aedda0eda566
2020-08-03,2022-01-03,2022-01-04T22:00:00+00:00,117.8340,e273aedda0eda566
2020-08-04,2022-01-03,2022-01-04T22:00:00+00:00,117.8110,e273aedda0eda566
2020-08-05,2022-01-03,2022-01-04T22:00:00+00:00,116.9013,e273aedda0eda566
2020-08-06,2022-01-03,2022-01-04T22:00:00+00:00,117.0696,e273aedda0eda566
2020-08-07,2022-01-03,2022-01-04T22:00:00+00:00,117.6506,e273aedda0eda566
2020-08-10,2022-01-03,2022-01-04T22:00:00+00:00,117.6089,e273aedda0eda566
2020-08-11,2022-01-03,2022-01-04T22:00:00+00:00,117.4039,e273aedda0eda566
2020-08-12,2022-01-03,2022-01-04T22:00:00+00:00,117.2814,e273aedda0eda566
2020-08-13,2022-01-03,2022-01-04T22:00:00+00:00,117.1452,e273aedda0eda566
2020-08-14,2022-01-03,2022-01-04T22:00:00+00:00,116.9647,e273aedda0eda566
2020-08-17,2022-01-03,2022-01-04T22:00:00+00:00,116.7747,e273aedda0eda566
2020-08-18,2022-01-03,2022-01-04T22:00:00+00:00,116.5871,e273aedda0eda566
2020-08-19,2022-01-03,2022-01-04T22:00:00+00:00,116.5934,e273aedda0eda566
2020-08-20,2022-01-03,2022-01-04T22:00:00+00:00,116.8385,e273aedda0eda566
2020-08-21,2022-01-03,2022-01-04T22:00:00+00:00,117.0814,e273aedda0eda566
2020-08-24,2022-01-03,2022-01-04T22:00:00+00:00,116.9368,e273aedda0eda566
2020-08-25,2022-01-03,2022-01-04T22:00:00+00:00,116.8451,e273aedda0eda566
2020-08-26,2022-01-03,2022-01-04T22:00:00+00:00,116.6482,e273aedda0eda566
2020-08-27,2022-01-03,2022-01-04T22:00:00+00:00,116.6746,e273aedda0eda566
2020-08-28,2022-01-03,2022-01-04T22:00:00+00:00,115.9636,e273aedda0eda566
2020-08-31,2022-01-03,2022-01-04T22:00:00+00:00,115.7850,e273aedda0eda566
2020-09-01,2022-01-03,2022-01-04T22:00:00+00:00,115.5944,e273aedda0eda566
2020-09-02,2022-01-03,2022-01-04T22:00:00+00:00,116.0543,e273aedda0eda566
2020-09-03,2022-01-03,2022-01-04T22:00:00+00:00,116.0912,e273aedda0eda566
2020-09-04,2022-01-03,2022-01-04T22:00:00+00:00,116.0569,e273aedda0eda566
2020-09-08,2022-01-03,2022-01-04T22:00:00+00:00,116.4831,e273aedda0eda566
2020-09-09,2022-01-03,2022-01-04T22:00:00+00:00,116.1494,e273aedda0eda566
2020-09-10,2022-01-03,2022-01-04T22:00:00+00:00,115.9001,e273aedda0eda566
2020-09-11,2022-01-03,2022-01-04T22:00:00+00:00,116.1053,e273aedda0eda566
2020-09-14,2022-01-03,2022-01-04T22:00:00+00:00,115.6608,e273aedda0eda566
2020-09-15,2022-01-03,2022-01-04T22:00:00+00:00,115.6074,e273aedda0eda566
2020-09-16,2022-01-03,2022-01-04T22:00:00+00:00,115.3699,e273aedda0eda566
2020-09-17,2022-01-03,2022-01-04T22:00:00+00:00,115.4549,e273aedda0eda566
2020-09-18,2022-01-03,2022-01-04T22:00:00+00:00,115.2557,e273aedda0eda566
2020-09-21,2022-01-03,2022-01-04T22:00:00+00:00,116.3957,e273aedda0eda566
2020-09-22,2022-01-03,2022-01-04T22:00:00+00:00,116.5609,e273aedda0eda566
2020-09-23,2022-01-03,2022-01-04T22:00:00+00:00,117.2726,e273aedda0eda566
2020-09-24,2022-01-03,2022-01-04T22:00:00+00:00,117.5682,e273aedda0eda566
2020-09-25,2022-01-03,2022-01-04T22:00:00+00:00,117.8886,e273aedda0eda566
2020-09-28,2022-01-03,2022-01-04T22:00:00+00:00,117.6393,e273aedda0eda566
2020-09-29,2022-01-03,2022-01-04T22:00:00+00:00,117.5484,e273aedda0eda566
2020-09-30,2022-01-03,2022-01-04T22:00:00+00:00,116.9668,e273aedda0eda566
2020-10-01,2022-01-03,2022-01-04T22:00:00+00:00,116.7437,e273aedda0eda566
2020-10-02,2022-01-03,2022-01-04T22:00:00+00:00,116.7511,e273aedda0eda566
2020-10-05,2022-01-03,2022-01-04T22:00:00+00:00,116.1954,e273aedda0eda566
2020-10-06,2022-01-03,2022-01-04T22:00:00+00:00,116.2866,e273aedda0eda566
2020-10-07,2022-01-03,2022-01-04T22:00:00+00:00,116.3631,e273aedda0eda566
2020-10-08,2022-01-03,2022-01-04T22:00:00+00:00,116.1836,e273aedda0eda566
2020-10-09,2022-01-03,2022-01-04T22:00:00+00:00,115.2913,e273aedda0eda566
2020-10-13,2022-01-03,2022-01-04T22:00:00+00:00,115.9272,e273aedda0eda566
2020-10-14,2022-01-03,2022-01-04T22:00:00+00:00,115.7033,e273aedda0eda566
2020-10-15,2022-01-03,2022-01-04T22:00:00+00:00,116.1111,e273aedda0eda566
2020-10-16,2022-01-03,2022-01-04T22:00:00+00:00,115.7815,e273aedda0eda566
2020-10-19,2022-01-03,2022-01-04T22:00:00+00:00,115.4171,e273aedda0eda566
2020-10-20,2022-01-03,2022-01-04T22:00:00+00:00,115.2620,e273aedda0eda566
2020-10-21,2022-01-03,2022-01-04T22:00:00+00:00,114.9252,e273aedda0eda566
2020-10-22,2022-01-03,2022-01-04T22:00:00+00:00,115.1300,e273aedda0eda566
2020-10-23,2022-01-03,2022-01-04T22:00:00+00:00,115.0261,e273aedda0eda566
2020-10-26,2022-01-03,2022-01-04T22:00:00+00:00,115.2934,e273aedda0eda566
2020-10-27,2022-01-03,2022-01-04T22:00:00+00:00,115.0267,e273aedda0eda566
2020-10-28,2022-01-03,2022-01-04T22:00:00+00:00,115.8157,e273aedda0eda566
2020-10-29,2022-01-03,2022-01-04T22:00:00+00:00,116.3190,e273aedda0eda566
2020-10-30,2022-01-03,2022-01-04T22:00:00+00:00,116.1464,e273aedda0eda566
2020-11-02,2022-01-03,2022-01-04T22:00:00+00:00,116.2476,e273aedda0eda566
2020-11-03,2022-01-03,2022-01-04T22:00:00+00:00,115.4917,e273aedda0eda566
2020-11-04,2022-01-03,2022-01-04T22:00:00+00:00,115.1780,e273aedda0eda566
2020-11-05,2022-01-03,2022-01-04T22:00:00+00:00,114.4662,e273aedda0eda566
2020-11-06,2022-01-03,2022-01-04T22:00:00+00:00,114.0021,e273aedda0eda566
2020-11-09,2022-01-03,2022-01-04T22:00:00+00:00,114.0977,e273aedda0eda566
2020-11-10,2022-01-03,2022-01-04T22:00:00+00:00,114.0836,e273aedda0eda566
2020-11-12,2022-01-03,2022-01-04T22:00:00+00:00,114.2920,e273aedda0eda566
2020-11-13,2022-01-03,2022-01-04T22:00:00+00:00,114.2474,e273aedda0eda566
2020-11-16,2022-01-03,2022-01-04T22:00:00+00:00,113.8384,e273aedda0eda566
2020-11-17,2022-01-03,2022-01-04T22:00:00+00:00,113.6890,e273aedda0eda566
2020-11-18,2022-01-03,2022-01-04T22:00:00+00:00,113.4675,e273aedda0eda566
2020-11-19,2022-01-03,2022-01-04T22:00:00+00:00,113.7010,e273aedda0eda566
2020-11-20,2022-01-03,2022-01-04T22:00:00+00:00,113.4958,e273aedda0eda566
2020-11-23,2022-01-03,2022-01-04T22:00:00+00:00,113.7617,e273aedda0eda566
2020-11-24,2022-01-03,2022-01-04T22:00:00+00:00,113.4394,e273aedda0eda566
2020-11-25,2022-01-03,2022-01-04T22:00:00+00:00,113.1903,e273aedda0eda566
2020-11-30,2022-01-03,2022-01-04T22:00:00+00:00,113.2346,e273aedda0eda566
2020-12-01,2022-01-03,2022-01-04T22:00:00+00:00,112.8162,e273aedda0eda566
2020-12-02,2022-01-03,2022-01-04T22:00:00+00:00,112.6216,e273aedda0eda566
2020-12-03,2022-01-03,2022-01-04T22:00:00+00:00,112.0336,e273aedda0eda566
2020-12-04,2022-01-03,2022-01-04T22:00:00+00:00,111.7863,e273aedda0eda566
2020-12-07,2022-01-03,2022-01-04T22:00:00+00:00,111.8469,e273aedda0eda566
2020-12-08,2022-01-03,2022-01-04T22:00:00+00:00,111.8715,e273aedda0eda566
2020-12-09,2022-01-03,2022-01-04T22:00:00+00:00,112.0388,e273aedda0eda566
2020-12-10,2022-01-03,2022-01-04T22:00:00+00:00,111.9881,e273aedda0eda566
2020-12-11,2022-01-03,2022-01-04T22:00:00+00:00,112.1515,e273aedda0eda566
2020-12-14,2022-01-03,2022-01-04T22:00:00+00:00,112.1820,e273aedda0eda566
2020-12-15,2022-01-03,2022-01-04T22:00:00+00:00,111.8710,e273aedda0eda566
2020-12-16,2022-01-03,2022-01-04T22:00:00+00:00,111.7262,e273aedda0eda566
2020-12-17,2022-01-03,2022-01-04T22:00:00+00:00,111.2339,e273aedda0eda566
2020-12-18,2022-01-03,2022-01-04T22:00:00+00:00,111.6190,e273aedda0eda566
2020-12-21,2022-01-03,2022-01-04T22:00:00+00:00,111.9528,e273aedda0eda566
2020-12-22,2022-01-03,2022-01-04T22:00:00+00:00,112.2053,e273aedda0eda566
2020-12-23,2022-01-03,2022-01-04T22:00:00+00:00,111.9926,e273aedda0eda566
2020-12-28,2022-01-03,2022-01-04T22:00:00+00:00,111.9874,e273aedda0eda566
2020-12-29,2022-01-03,2022-01-04T22:00:00+00:00,111.5289,e273aedda0eda566
2020-12-30,2022-01-03,2022-01-04T22:00:00+00:00,111.3207,e273aedda0eda566
2020-12-31,2022-01-03,2022-01-04T22:00:00+00:00,111.3289,e273aedda0eda566
2021-01-04,2022-01-03,2022-01-04T22:00:00+00:00,111.2170,e273aedda0eda566
2021-01-05,2022-01-03,2022-01-04T22:00:00+00:00,110.9610,e273aedda0eda566
2021-01-06,2022-01-03,2022-01-04T22:00:00+00:00,110.8645,e273aedda0eda566
2021-01-07,2022-01-03,2022-01-04T22:00:00+00:00,111.3124,e273aedda0eda566
2021-01-08,2022-01-03,2022-01-04T22:00:00+00:00,111.2940,e273aedda0eda566
2021-01-11,2022-01-03,2022-01-04T22:00:00+00:00,111.8309,e273aedda0eda566
2021-01-12,2022-01-03,2022-01-04T22:00:00+00:00,111.5577,e273aedda0eda566
2021-01-13,2022-01-03,2022-01-04T22:00:00+00:00,111.3738,e273aedda0eda566
2021-01-14,2022-01-03,2022-01-04T22:00:00+00:00,111.1718,e273aedda0eda566
2021-01-15,2022-01-03,2022-01-04T22:00:00+00:00,111.5263,e273aedda0eda566
2021-01-19,2022-01-03,2022-01-04T22:00:00+00:00,111.4656,e273aedda0eda566
2021-01-21,2022-01-03,2022-01-04T22:00:00+00:00,111.2088,e273aedda0eda566
2021-01-22,2022-01-03,2022-01-04T22:00:00+00:00,111.5525,e273aedda0eda566
2021-01-25,2022-01-03,2022-01-04T22:00:00+00:00,111.8617,e273aedda0eda566
2021-01-26,2022-01-03,2022-01-04T22:00:00+00:00,111.6516,e273aedda0eda566
2021-01-27,2022-01-03,2022-01-04T22:00:00+00:00,112.0706,e273aedda0eda566
2021-01-28,2022-01-03,2022-01-04T22:00:00+00:00,111.9977,e273aedda0eda566
2021-01-29,2022-01-03,2022-01-04T22:00:00+00:00,111.9455,e273aedda0eda566
2021-02-01,2022-01-03,2022-01-04T22:00:00+00:00,112.4154,e273aedda0eda566
2021-02-02,2022-01-03,2022-01-04T22:00:00+00:00,112.2957,e273aedda0eda566
2021-02-03,2022-01-03,2022-01-04T22:00:00+00:00,112.2654,e273aedda0eda566
2021-02-04,2022-01-03,2022-01-04T22:00:00+00:00,112.7501,e273aedda0eda566
2021-02-05,2022-01-03,2022-01-04T22:00:00+00:00,112.2477,e273aedda0eda566
2021-02-08,2022-01-03,2022-01-04T22:00:00+00:00,112.0516,e273aedda0eda566
2021-02-09,2022-01-03,2022-01-04T22:00:00+00:00,111.7674,e273aedda0eda566
2021-02-10,2022-01-03,2022-01-04T22:00:00+00:00,111.5878,e273aedda0eda566
2021-02-11,2022-01-03,2022-01-04T22:00:00+00:00,111.5372,e273aedda0eda566
2021-02-12,2022-01-03,2022-01-04T22:00:00+00:00,111.5016,e273aedda0eda566
2021-02-16,2022-01-03,2022-01-04T22:00:00+00:00,111.7981,e273aedda0eda566
2021-02-17,2022-01-03,2022-01-04T22:00:00+00:00,112.0337,e273aedda0eda566
2021-02-18,2022-01-03,2022-01-04T22:00:00+00:00,112.1653,e273aedda0eda566
2021-02-19,2022-01-03,2022-01-04T22:00:00+00:00,111.7086,e273aedda0eda566
2021-02-22,2022-01-03,2022-01-04T22:00:00+00:00,111.9066,e273aedda0eda566
2021-02-23,2022-01-03,2022-01-04T22:00:00+00:00,111.8926,e273aedda0eda566
2021-02-24,2022-01-03,2022-01-04T22:00:00+00:00,111.7265,e273aedda0eda566
2021-02-25,2022-01-03,2022-01-04T22:00:00+00:00,111.9134,e273aedda0eda566
2021-02-26,2022-01-03,2022-01-04T22:00:00+00:00,112.8163,e273aedda0eda566
2021-03-01,2022-01-03,2022-01-04T22:00:00+00:00,112.5266,e273aedda0eda566
2021-03-02,2022-01-03,2022-01-04T22:00:00+00:00,112.5296,e273aedda0eda566
2021-03-03,2022-01-03,2022-01-04T22:00:00+00:00,112.7543,e273aedda0eda566
2021-03-04,2022-01-03,2022-01-04T22:00:00+00:00,112.7095,e273aedda0eda566
2021-03-05,2022-01-03,2022-01-04T22:00:00+00:00,113.7501,e273aedda0eda566
2021-03-08,2022-01-03,2022-01-04T22:00:00+00:00,114.2699,e273aedda0eda566
2021-03-09,2022-01-03,2022-01-04T22:00:00+00:00,113.9278,e273aedda0eda566
2021-03-10,2022-01-03,2022-01-04T22:00:00+00:00,113.5992,e273aedda0eda566
2021-03-11,2022-01-03,2022-01-04T22:00:00+00:00,112.9392,e273aedda0eda566
2021-03-12,2022-01-03,2022-01-04T22:00:00+00:00,113.0491,e273aedda0eda566
2021-03-15,2022-01-03,2022-01-04T22:00:00+00:00,113.2171,e273aedda0eda566
2021-03-16,2022-01-03,2022-01-04T22:00:00+00:00,113.0142,e273aedda0eda566
2021-03-17,2022-01-03,2022-01-04T22:00:00+00:00,113.1834,e273aedda0eda566
2021-03-18,2022-01-03,2022-01-04T22:00:00+00:00,112.8050,e273aedda0eda566
2021-03-19,2022-01-03,2022-01-04T22:00:00+00:00,113.0073,e273aedda0eda566
2021-03-22,2022-01-03,2022-01-04T22:00:00+00:00,113.0269,e273aedda0eda566
2021-03-23,2022-01-03,2022-01-04T22:00:00+00:00,113.3179,e273aedda0eda566
2021-03-24,2022-01-03,2022-01-04T22:00:00+00:00,113.6794,e273aedda0eda566
2021-03-25,2022-01-03,2022-01-04T22:00:00+00:00,114.0262,e273aedda0eda566
2021-03-26,2022-01-03,2022-01-04T22:00:00+00:00,113.7691,e273aedda0eda566
2021-03-29,2022-01-03,2022-01-04T22:00:00+00:00,113.9594,e273aedda0eda566
2021-03-30,2022-01-03,2022-01-04T22:00:00+00:00,114.2332,e273aedda0eda566
2021-03-31,2022-01-03,2022-01-04T22:00:00+00:00,113.8642,e273aedda0eda566
2021-04-01,2022-01-03,2022-01-04T22:00:00+00:00,113.7803,e273aedda0eda566
2021-04-02,2022-01-03,2022-01-04T22:00:00+00:00,113.7743,e273aedda0eda566
2021-04-05,2022-01-03,2022-01-04T22:00:00+00:00,113.4328,e273aedda0eda566
2021-04-06,2022-01-03,2022-01-04T22:00:00+00:00,113.1830,e273aedda0eda566
2021-04-07,2022-01-03,2022-01-04T22:00:00+00:00,113.2750,e273aedda0eda566
2021-04-08,2022-01-03,2022-01-04T22:00:00+00:00,113.1238,e273aedda0eda566
2021-04-09,2022-01-03,2022-01-04T22:00:00+00:00,113.2334,e273aedda0eda566
2021-04-12,2022-01-03,2022-01-04T22:00:00+00:00,113.2081,e273aedda0eda566
2021-04-13,2022-01-03,2022-01-04T22:00:00+00:00,113.0642,e273aedda0eda566
2021-04-14,2022-01-03,2022-01-04T22:00:00+00:00,112.8075,e273aedda0eda566
2021-04-15,2022-01-03,2022-01-04T22:00:00+00:00,112.6482,e273aedda0eda566
2021-04-16,2022-01-03,2022-01-04T22:00:00+00:00,112.5126,e273aedda0eda566
2021-04-19,2022-01-03,2022-01-04T22:00:00+00:00,112.2061,e273aedda0eda566
2021-04-20,2022-01-03,2022-01-04T22:00:00+00:00,112.2528,e273aedda0eda566
2021-04-21,2022-01-03,2022-01-04T22:00:00+00:00,112.1960,e273aedda0eda566
2021-04-22,2022-01-03,2022-01-04T22:00:00+00:00,112.2543,e273aedda0eda566
2021-04-23,2022-01-03,2022-01-04T22:00:00+00:00,112.1100,e273aedda0eda566
2021-04-26,2022-01-03,2022-01-04T22:00:00+00:00,111.8371,e273aedda0eda566
2021-04-27,2022-01-03,2022-01-04T22:00:00+00:00,111.9358,e273aedda0eda566
2021-04-28,2022-01-03,2022-01-04T22:00:00+00:00,111.8195,e273aedda0eda566
2021-04-29,2022-01-03,2022-01-04T22:00:00+00:00,111.7731,e273aedda0eda566
2021-04-30,2022-01-03,2022-01-04T22:00:00+00:00,112.1151,e273aedda0eda566
2021-05-03,2022-01-03,2022-01-04T22:00:00+00:00,112.0298,e273aedda0eda566
2021-05-04,2022-01-03,2022-01-04T22:00:00+00:00,112.3155,e273aedda0eda566
2021-05-05,2022-01-03,2022-01-04T22:00:00+00:00,112.1789,e273aedda0eda566
2021-05-06,2022-01-03,2022-01-04T22:00:00+00:00,111.8718,e273aedda0eda566
2021-05-07,2022-01-03,2022-01-04T22:00:00+00:00,111.0562,e273aedda0eda566
2021-05-10,2022-01-03,2022-01-04T22:00:00+00:00,110.8214,e273aedda0eda566
2021-05-11,2022-01-03,2022-01-04T22:00:00+00:00,110.9218,e273aedda0eda566
2021-05-12,2022-01-03,2022-01-04T22:00:00+00:00,111.5963,e273aedda0eda566
2021-05-13,2022-01-03,2022-01-04T22:00:00+00:00,111.6295,e273aedda0eda566
2021-05-14,2022-01-03,2022-01-04T22:00:00+00:00,111.1712,e273aedda0eda566
2021-05-17,2022-01-03,2022-01-04T22:00:00+00:00,111.1111,e273aedda0eda566
2021-05-18,2022-01-03,2022-01-04T22:00:00+00:00,110.8629,e273aedda0eda566
2021-05-19,2022-01-03,2022-01-04T22:00:00+00:00,110.9092,e273aedda0eda566
2021-05-20,2022-01-03,2022-01-04T22:00:00+00:00,110.8864,e273aedda0eda566
2021-05-21,2022-01-03,2022-01-04T22:00:00+00:00,111.0841,e273aedda0eda566
2021-05-24,2022-01-03,2022-01-04T22:00:00+00:00,110.9345,e273aedda0eda566
2021-05-25,2022-01-03,2022-01-04T22:00:00+00:00,110.8653,e273aedda0eda566
2021-05-26,2022-01-03,2022-01-04T22:00:00+00:00,110.8916,e273aedda0eda566
2021-05-27,2022-01-03,2022-01-04T22:00:00+00:00,110.8973,e273aedda0eda566
2021-05-28,2022-01-03,2022-01-04T22:00:00+00:00,110.7905,e273aedda0eda566
2021-06-01,2022-01-03,2022-01-04T22:00:00+00:00,110.5378,e273aedda0eda566
2021-06-02,2022-01-03,2022-01-04T22:00:00+00:00,110.6160,e273aedda0eda566
2021-06-03,2022-01-03,2022-01-04T22:00:00+00:00,111.2199,e273aedda0eda566
2021-06-04,2022-01-03,2022-01-04T22:00:00+00:00,110.7899,e273aedda0eda566
2021-06-07,2022-01-03,2022-01-04T22:00:00+00:00,110.5559,e273aedda0eda566
2021-06-08,2022-01-03,2022-01-04T22:00:00+00:00,110.6914,e273aedda0eda566
2021-06-09,2022-01-03,2022-01-04T22:00:00+00:00,110.6149,e273aedda0eda566
2021-06-10,2022-01-03,2022-01-04T22:00:00+00:00,110.5895,e273aedda0eda566
2021-06-11,2022-01-03,2022-01-04T22:00:00+00:00,111.1327,e273aedda0eda566
2021-06-14,2022-01-03,2022-01-04T22:00:00+00:00,111.0083,e273aedda0eda566
2021-06-15,2022-01-03,2022-01-04T22:00:00+00:00,111.3845,e273aedda0eda566
2021-06-16,2022-01-03,2022-01-04T22:00:00+00:00,111.1528,e273aedda0eda566
2021-06-17,2022-01-03,2022-01-04T22:00:00+00:00,112.6104,e273aedda0eda566
2021-06-18,2022-01-03,2022-01-04T22:00:00+00:00,113.0684,e273aedda0eda566
2021-06-21,2022-01-03,2022-01-04T22:00:00+00:00,112.8643,e273aedda0eda566
2021-06-22,2022-01-03,2022-01-04T22:00:00+00:00,112.9452,e273aedda0eda566
2021-06-23,2022-01-03,2022-01-04T22:00:00+00:00,112.4198,e273aedda0eda566
2021-06-24,2022-01-03,2022-01-04T22:00:00+00:00,112.3723,e273aedda0eda566
2021-06-25,2022-01-03,2022-01-04T22:00:00+00:00,112.0183,e273aedda0eda566
2021-06-28,2022-01-03,2022-01-04T22:00:00+00:00,112.0757,e273aedda0eda566
2021-06-29,2022-01-03,2022-01-04T22:00:00+00:00,112.3115,e273aedda0eda566
2021-06-30,2022-01-03,2022-01-04T22:00:00+00:00,112.6067,e273aedda0eda566
2021-07-01,2022-01-03,2022-01-04T22:00:00+00:00,112.7911,e273aedda0eda566
2021-07-02,2022-01-03,2022-01-04T22:00:00+00:00,112.5964,e273aedda0eda566
2021-07-06,2022-01-03,2022-01-04T22:00:00+00:00,112.9925,e273aedda0eda566
2021-07-07,2022-01-03,2022-01-04T22:00:00+00:00,113.1391,e273aedda0eda566
2021-07-08,2022-01-03,2022-01-04T22:00:00+00:00,113.1043,e273aedda0eda566
2021-07-09,2022-01-03,2022-01-04T22:00:00+00:00,112.8679,e273aedda0eda566
2021-07-12,2022-01-03,2022-01-04T22:00:00+00:00,112.7943,e273aedda0eda566
2021-07-13,2022-01-03,2022-01-04T22:00:00+00:00,113.0386,e273aedda0eda566
2021-07-14,2022-01-03,2022-01-04T22:00:00+00:00,112.9126,e273aedda0eda566
2021-07-15,2022-01-03,2022-01-04T22:00:00+00:00,113.0353,e273aedda0eda566
2021-07-16,2022-01-03,2022-01-04T22:00:00+00:00,113.0775,e273aedda0eda566
2021-07-19,2022-01-03,2022-01-04T22:00:00+00:00,113.5680,e273aedda0eda566
2021-07-20,2022-01-03,2022-01-04T22:00:00+00:00,113.7758,e273aedda0eda566
2021-07-21,2022-01-03,2022-01-04T22:00:00+00:00,113.4199,e273aedda0eda566
2021-07-22,2022-01-03,2022-01-04T22:00:00+00:00,113.4956,e273aedda0eda566
2021-07-23,2022-01-03,2022-01-04T22:00:00+00:00,113.4720,e273aedda0eda566
2021-07-26,2022-01-03,2022-01-04T22:00:00+00:00,113.2498,e273aedda0eda566
2021-07-27,2022-01-03,2022-01-04T22:00:00+00:00,113.2446,e273aedda0eda566
2021-07-28,2022-01-03,2022-01-04T22:00:00+00:00,113.2060,e273aedda0eda566
2021-07-29,2022-01-03,2022-01-04T22:00:00+00:00,112.5096,e273aedda0eda566
2021-07-30,2022-01-03,2022-01-04T22:00:00+00:00,112.6979,e273aedda0eda566
2021-08-02,2022-01-03,2022-01-04T22:00:00+00:00,112.6922,e273aedda0eda566
2021-08-03,2022-01-03,2022-01-04T22:00:00+00:00,112.8405,e273aedda0eda566
2021-08-04,2022-01-03,2022-01-04T22:00:00+00:00,112.9140,e273aedda0eda566
2021-08-05,2022-01-03,2022-01-04T22:00:00+00:00,112.7909,e273aedda0eda566
2021-08-06,2022-01-03,2022-01-04T22:00:00+00:00,113.3323,e273aedda0eda566
2021-08-09,2022-01-03,2022-01-04T22:00:00+00:00,113.4754,e273aedda0eda566
2021-08-10,2022-01-03,2022-01-04T22:00:00+00:00,113.5259,e273aedda0eda566
2021-08-11,2022-01-03,2022-01-04T22:00:00+00:00,113.3137,e273aedda0eda566
2021-08-12,2022-01-03,2022-01-04T22:00:00+00:00,113.3048,e273aedda0eda566
2021-08-13,2022-01-03,2022-01-04T22:00:00+00:00,113.0913,e273aedda0eda566
2021-08-16,2022-01-03,2022-01-04T22:00:00+00:00,113.1924,e273aedda0eda566
2021-08-17,2022-01-03,2022-01-04T22:00:00+00:00,113.6420,e273aedda0eda566
2021-08-18,2022-01-03,2022-01-04T22:00:00+00:00,113.7230,e273aedda0eda566
2021-08-19,2022-01-03,2022-01-04T22:00:00+00:00,114.1303,e273aedda0eda566
2021-08-20,2022-01-03,2022-01-04T22:00:00+00:00,114.5137,e273aedda0eda566
2021-08-23,2022-01-03,2022-01-04T22:00:00+00:00,113.9570,e273aedda0eda566
2021-08-24,2022-01-03,2022-01-04T22:00:00+00:00,113.6984,e273aedda0eda566
2021-08-25,2022-01-03,2022-01-04T22:00:00+00:00,113.6543,e273aedda0eda566
2021-08-26,2022-01-03,2022-01-04T22:00:00+00:00,113.8091,e273aedda0eda566
2021-08-27,2022-01-03,2022-01-04T22:00:00+00:00,113.3661,e273aedda0eda566
2021-08-30,2022-01-03,2022-01-04T22:00:00+00:00,113.2793,e273aedda0eda566
2021-08-31,2022-01-03,2022-01-04T22:00:00+00:00,113.1485,e273aedda0eda566
2021-09-01,2022-01-03,2022-01-04T22:00:00+00:00,112.9137,e273aedda0eda566
2021-09-02,2022-01-03,2022-01-04T22:00:00+00:00,112.8259,e273aedda0eda566
2021-09-03,2022-01-03,2022-01-04T22:00:00+00:00,112.5855,e273aedda0eda566
2021-09-07,2022-01-03,2022-01-04T22:00:00+00:00,113.0161,e273aedda0eda566
2021-09-08,2022-01-03,2022-01-04T22:00:00+00:00,113.2648,e273aedda0eda566
2021-09-09,2022-01-03,2022-01-04T22:00:00+00:00,113.0709,e273aedda0eda566
2021-09-10,2022-01-03,2022-01-04T22:00:00+00:00,112.9750,e273aedda0eda566
2021-09-13,2022-01-03,2022-01-04T22:00:00+00:00,113.0678,e273aedda0eda566
2021-09-14,2022-01-03,2022-01-04T22:00:00+00:00,113.0354,e273aedda0eda566
2021-09-15,2022-01-03,2022-01-04T22:00:00+00:00,113.0079,e273aedda0eda566
2021-09-16,2022-01-03,2022-01-04T22:00:00+00:00,113.3379,e273aedda0eda566
2021-09-17,2022-01-03,2022-01-04T22:00:00+00:00,113.6335,e273aedda0eda566
2021-09-20,2022-01-03,2022-01-04T22:00:00+00:00,113.9661,e273aedda0eda566
2021-09-21,2022-01-03,2022-01-04T22:00:00+00:00,113.8440,e273aedda0eda566
2021-09-22,2022-01-03,2022-01-04T22:00:00+00:00,113.6522,e273aedda0eda566
2021-09-23,2022-01-03,2022-01-04T22:00:00+00:00,113.5469,e273aedda0eda566
2021-09-24,2022-01-03,2022-01-04T22:00:00+00:00,113.7950,e273aedda0eda566
2021-09-27,2022-01-03,2022-01-04T22:00:00+00:00,113.7791,e273aedda0eda566
2021-09-28,2022-01-03,2022-01-04T22:00:00+00:00,114.2787,e273aedda0eda566
2021-09-29,2022-01-03,2022-01-04T22:00:00+00:00,114.7447,e273aedda0eda566
2021-09-30,2022-01-03,2022-01-04T22:00:00+00:00,114.6718,e273aedda0eda566
2021-10-01,2022-01-03,2022-01-04T22:00:00+00:00,114.4094,e273aedda0eda566
2021-10-04,2022-01-03,2022-01-04T22:00:00+00:00,114.2983,e273aedda0eda566
2021-10-05,2022-01-03,2022-01-04T22:00:00+00:00,114.3892,e273aedda0eda566
2021-10-06,2022-01-03,2022-01-04T22:00:00+00:00,114.7402,e273aedda0eda566
2021-10-07,2022-01-03,2022-01-04T22:00:00+00:00,114.5291,e273aedda0eda566
2021-10-08,2022-01-03,2022-01-04T22:00:00+00:00,114.6203,e273aedda0eda566
2021-10-12,2022-01-03,2022-01-04T22:00:00+00:00,114.7851,e273aedda0eda566
2021-10-13,2022-01-03,2022-01-04T22:00:00+00:00,114.5015,e273aedda0eda566
2021-10-14,2022-01-03,2022-01-04T22:00:00+00:00,114.2395,e273aedda0eda566
2021-10-15,2022-01-03,2022-01-04T22:00:00+00:00,114.1309,e273aedda0eda566
2021-10-18,2022-01-03,2022-01-04T22:00:00+00:00,114.0304,e273aedda0eda566
2021-10-19,2022-01-03,2022-01-04T22:00:00+00:00,113.6874,e273aedda0eda566
2021-10-20,2022-01-03,2022-01-04T22:00:00+00:00,113.5511,e273aedda0eda566
2021-10-21,2022-01-03,2022-01-04T22:00:00+00:00,113.6538,e273aedda0eda566
2021-10-22,2022-01-03,2022-01-04T22:00:00+00:00,113.7060,e273aedda0eda566
2021-10-25,2022-01-03,2022-01-04T22:00:00+00:00,113.6464,e273aedda0eda566
2021-10-26,2022-01-03,2022-01-04T22:00:00+00:00,113.7197,e273aedda0eda566
2021-10-27,2022-01-03,2022-01-04T22:00:00+00:00,113.6649,e273aedda0eda566
2021-10-28,2022-01-03,2022-01-04T22:00:00+00:00,113.4735,e273aedda0eda566
2021-10-29,2022-01-03,2022-01-04T22:00:00+00:00,114.1716,e273aedda0eda566
2021-11-01,2022-01-03,2022-01-04T22:00:00+00:00,114.2349,e273aedda0eda566
2021-11-02,2022-01-03,2022-01-04T22:00:00+00:00,114.3152,e273aedda0eda566
2021-11-03,2022-01-03,2022-01-04T22:00:00+00:00,114.3866,e273aedda0eda566
2021-11-04,2022-01-03,2022-01-04T22:00:00+00:00,114.3904,e273aedda0eda566
2021-11-05,2022-01-03,2022-01-04T22:00:00+00:00,114.1159,e273aedda0eda566
2021-11-08,2022-01-03,2022-01-04T22:00:00+00:00,113.8681,e273aedda0eda566
2021-11-09,2022-01-03,2022-01-04T22:00:00+00:00,113.8072,e273aedda0eda566
2021-11-10,2022-01-03,2022-01-04T22:00:00+00:00,114.1996,e273aedda0eda566
2021-11-12,2022-01-03,2022-01-04T22:00:00+00:00,114.5627,e273aedda0eda566
2021-11-15,2022-01-03,2022-01-04T22:00:00+00:00,114.6352,e273aedda0eda566
2021-11-16,2022-01-03,2022-01-04T22:00:00+00:00,115.1843,e273aedda0eda566
2021-11-17,2022-01-03,2022-01-04T22:00:00+00:00,115.0723,e273aedda0eda566
2021-11-18,2022-01-03,2022-01-04T22:00:00+00:00,115.1070,e273aedda0eda566
2021-11-19,2022-01-03,2022-01-04T22:00:00+00:00,115.2562,e273aedda0eda566
2021-11-22,2022-01-03,2022-01-04T22:00:00+00:00,115.6896,e273aedda0eda566
2021-11-23,2022-01-03,2022-01-04T22:00:00+00:00,116.0464,e273aedda0eda566
2021-11-24,2022-01-03,2022-01-04T22:00:00+00:00,116.3081,e273aedda0eda566
2021-11-26,2022-01-03,2022-01-04T22:00:00+00:00,116.5112,e273aedda0eda566
2021-11-29,2022-01-03,2022-01-04T22:00:00+00:00,116.5858,e273aedda0eda566
2021-11-30,2022-01-03,2022-01-04T22:00:00+00:00,116.2178,e273aedda0eda566
2021-12-01,2022-01-03,2022-01-04T22:00:00+00:00,115.8992,e273aedda0eda566
2021-12-02,2022-01-03,2022-01-04T22:00:00+00:00,116.0314,e273aedda0eda566
2021-12-03,2022-01-03,2022-01-04T22:00:00+00:00,116.2445,e273aedda0eda566
2021-12-06,2022-01-03,2022-01-04T22:00:00+00:00,116.1674,e273aedda0eda566
2021-12-07,2022-01-03,2022-01-04T22:00:00+00:00,115.8815,e273aedda0eda566
2021-12-08,2022-01-03,2022-01-04T22:00:00+00:00,115.4694,e273aedda0eda566
2021-12-09,2022-01-03,2022-01-04T22:00:00+00:00,115.8058,e273aedda0eda566
2021-12-10,2022-01-03,2022-01-04T22:00:00+00:00,115.5967,e273aedda0eda566
2021-12-13,2022-01-03,2022-01-04T22:00:00+00:00,115.8625,e273aedda0eda566
2021-12-14,2022-01-03,2022-01-04T22:00:00+00:00,116.2524,e273aedda0eda566
2021-12-15,2022-01-03,2022-01-04T22:00:00+00:00,116.4299,e273aedda0eda566
2021-12-16,2022-01-03,2022-01-04T22:00:00+00:00,115.7307,e273aedda0eda566
2021-12-17,2022-01-03,2022-01-04T22:00:00+00:00,115.8123,e273aedda0eda566
2021-12-20,2022-01-03,2022-01-04T22:00:00+00:00,116.0211,e273aedda0eda566
2021-12-21,2022-01-03,2022-01-04T22:00:00+00:00,116.1256,e273aedda0eda566
2021-12-22,2022-01-03,2022-01-04T22:00:00+00:00,115.7657,e273aedda0eda566
2021-12-23,2022-01-03,2022-01-04T22:00:00+00:00,115.5575,e273aedda0eda566
2021-12-27,2022-01-03,2022-01-04T22:00:00+00:00,115.4964,e273aedda0eda566
2021-12-28,2022-01-03,2022-01-04T22:00:00+00:00,115.4497,e273aedda0eda566
2021-12-29,2022-01-03,2022-01-04T22:00:00+00:00,115.3964,e273aedda0eda566
2021-12-30,2022-01-03,2022-01-04T22:00:00+00:00,115.3163,e273aedda0eda566
2022-01-03,2022-01-10,2022-01-11T22:00:00+00:00,115.4344,848d59283352e1b7
2022-01-04,2022-01-10,2022-01-11T22:00:00+00:00,115.3509,848d59283352e1b7
2022-01-05,2022-01-10,2022-01-11T22:00:00+00:00,115.1831,848d59283352e1b7
2022-01-06,2022-01-10,2022-01-11T22:00:00+00:00,115.4510,848d59283352e1b7
2022-01-07,2022-01-10,2022-01-11T22:00:00+00:00,115.0949,848d59283352e1b7
2022-01-10,2022-01-18,2022-01-19T22:00:00+00:00,115.2634,bdde1a6426b25ba5
2022-01-11,2022-01-18,2022-01-19T22:00:00+00:00,114.8890,bdde1a6426b25ba5
2022-01-12,2022-01-18,2022-01-19T22:00:00+00:00,114.4078,bdde1a6426b25ba5
2022-01-13,2022-01-18,2022-01-19T22:00:00+00:00,114.2313,bdde1a6426b25ba5
2022-01-14,2022-01-18,2022-01-19T22:00:00+00:00,114.4295,bdde1a6426b25ba5
2022-01-18,2022-01-24,2022-01-25T22:00:00+00:00,114.7828,106d8ae15b111b2a
2022-01-19,2022-01-24,2022-01-25T22:00:00+00:00,114.6541,106d8ae15b111b2a
2022-01-20,2022-01-24,2022-01-25T22:00:00+00:00,114.5125,106d8ae15b111b2a
2022-01-21,2022-01-24,2022-01-25T22:00:00+00:00,114.6534,106d8ae15b111b2a
2022-01-24,2022-01-31,2022-02-01T22:00:00+00:00,115.2276,8c5e8e82ce531755
2022-01-25,2022-01-31,2022-02-01T22:00:00+00:00,115.1907,8c5e8e82ce531755
2022-01-26,2022-01-31,2022-02-01T22:00:00+00:00,115.1264,8c5e8e82ce531755
2022-01-27,2022-01-31,2022-02-01T22:00:00+00:00,116.0127,8c5e8e82ce531755
2022-01-28,2022-01-31,2022-02-01T22:00:00+00:00,116.0637,8c5e8e82ce531755
2022-01-31,2022-02-07,2022-02-08T22:00:00+00:00,115.6110,d8cfebe6ede943c9
2022-02-01,2022-02-07,2022-02-08T22:00:00+00:00,115.4098,d8cfebe6ede943c9
2022-02-02,2022-02-07,2022-02-08T22:00:00+00:00,115.1917,d8cfebe6ede943c9
2022-02-03,2022-02-07,2022-02-08T22:00:00+00:00,114.9501,d8cfebe6ede943c9
2022-02-04,2022-02-07,2022-02-08T22:00:00+00:00,115.1732,d8cfebe6ede943c9
2022-02-07,2022-02-14,2022-02-15T22:00:00+00:00,115.0495,01573844e00d94c6
2022-02-08,2022-02-14,2022-02-15T22:00:00+00:00,115.1317,01573844e00d94c6
2022-02-09,2022-02-14,2022-02-15T22:00:00+00:00,114.8719,01573844e00d94c6
2022-02-10,2022-02-14,2022-02-15T22:00:00+00:00,114.6087,01573844e00d94c6
2022-02-11,2022-02-14,2022-02-15T22:00:00+00:00,114.8964,01573844e00d94c6
2022-02-14,2022-02-22,2022-02-23T22:00:00+00:00,115.2428,15dd7b27eb073b35
2022-02-15,2022-02-22,2022-02-23T22:00:00+00:00,114.9784,15dd7b27eb073b35
2022-02-16,2022-02-22,2022-02-23T22:00:00+00:00,114.7394,15dd7b27eb073b35
2022-02-17,2022-02-22,2022-02-23T22:00:00+00:00,114.7266,15dd7b27eb073b35
2022-02-18,2022-02-22,2022-02-23T22:00:00+00:00,114.8487,15dd7b27eb073b35
2022-02-22,2022-02-28,2022-03-01T22:00:00+00:00,114.7578,55428fe96a842cb4
2022-02-23,2022-02-28,2022-03-01T22:00:00+00:00,114.7290,55428fe96a842cb4
2022-02-24,2022-02-28,2022-03-01T22:00:00+00:00,115.9870,55428fe96a842cb4
2022-02-25,2022-02-28,2022-03-01T22:00:00+00:00,115.3149,55428fe96a842cb4
2022-02-28,2022-03-07,2022-03-08T22:00:00+00:00,115.3130,a8b08fabaf489924
2022-03-01,2022-03-07,2022-03-08T22:00:00+00:00,115.8932,a8b08fabaf489924
2022-03-02,2022-03-07,2022-03-08T22:00:00+00:00,115.8498,a8b08fabaf489924
2022-03-03,2022-03-07,2022-03-08T22:00:00+00:00,116.0419,a8b08fabaf489924
2022-03-04,2022-03-07,2022-03-08T22:00:00+00:00,116.7313,a8b08fabaf489924
2022-03-07,2022-03-14,2022-03-15T22:00:00+00:00,117.4421,f30247430e9369d6
2022-03-08,2022-03-14,2022-03-15T22:00:00+00:00,117.6898,f30247430e9369d6
2022-03-09,2022-03-14,2022-03-15T22:00:00+00:00,116.7160,f30247430e9369d6
2022-03-10,2022-03-14,2022-03-15T22:00:00+00:00,116.8566,f30247430e9369d6
2022-03-11,2022-03-14,2022-03-15T22:00:00+00:00,117.1415,f30247430e9369d6
2022-03-14,2022-03-21,2022-03-22T22:00:00+00:00,117.2681,aeedd700ee01fcf1
2022-03-15,2022-03-21,2022-03-22T22:00:00+00:00,117.3366,aeedd700ee01fcf1
2022-03-16,2022-03-21,2022-03-22T22:00:00+00:00,116.9088,aeedd700ee01fcf1
2022-03-17,2022-03-21,2022-03-22T22:00:00+00:00,116.1617,aeedd700ee01fcf1
2022-03-18,2022-03-21,2022-03-22T22:00:00+00:00,116.2705,aeedd700ee01fcf1
2022-03-21,2022-03-28,2022-03-29T22:00:00+00:00,116.0795,cd41ff8409a86cf8
2022-03-22,2022-03-28,2022-03-29T22:00:00+00:00,116.2307,cd41ff8409a86cf8
2022-03-23,2022-03-28,2022-03-29T22:00:00+00:00,116.1466,cd41ff8409a86cf8
2022-03-24,2022-03-28,2022-03-29T22:00:00+00:00,116.1156,cd41ff8409a86cf8
2022-03-25,2022-03-28,2022-03-29T22:00:00+00:00,115.9580,cd41ff8409a86cf8
2022-03-28,2022-04-04,2022-04-05T22:00:00+00:00,116.3440,882306493db244a7
2022-03-29,2022-04-04,2022-04-05T22:00:00+00:00,115.7168,882306493db244a7
2022-03-30,2022-04-04,2022-04-05T22:00:00+00:00,115.2245,882306493db244a7
2022-03-31,2022-04-04,2022-04-05T22:00:00+00:00,115.3456,882306493db244a7
2022-04-01,2022-04-04,2022-04-05T22:00:00+00:00,115.6251,882306493db244a7
2022-04-04,2022-04-11,2022-04-12T22:00:00+00:00,115.5679,9286ee6131d61f98
2022-04-05,2022-04-11,2022-04-12T22:00:00+00:00,115.8748,9286ee6131d61f98
2022-04-06,2022-04-11,2022-04-12T22:00:00+00:00,116.1355,9286ee6131d61f98
2022-04-07,2022-04-11,2022-04-12T22:00:00+00:00,116.4626,9286ee6131d61f98
2022-04-08,2022-04-11,2022-04-12T22:00:00+00:00,116.5353,9286ee6131d61f98
2022-04-11,2022-04-18,2022-04-19T22:00:00+00:00,116.6790,2f384e6f0a7b62cd
2022-04-12,2022-04-18,2022-04-19T22:00:00+00:00,116.5305,2f384e6f0a7b62cd
2022-04-13,2022-04-18,2022-04-19T22:00:00+00:00,116.4239,2f384e6f0a7b62cd
2022-04-14,2022-04-18,2022-04-19T22:00:00+00:00,116.8916,2f384e6f0a7b62cd
2022-04-15,2022-04-18,2022-04-19T22:00:00+00:00,116.8441,2f384e6f0a7b62cd
2022-04-18,2022-04-25,2022-04-26T22:00:00+00:00,116.9885,e14be01c67966f61
2022-04-19,2022-04-25,2022-04-26T22:00:00+00:00,117.2858,e14be01c67966f61
2022-04-20,2022-04-25,2022-04-26T22:00:00+00:00,116.8998,e14be01c67966f61
2022-04-21,2022-04-25,2022-04-26T22:00:00+00:00,117.3118,e14be01c67966f61
2022-04-22,2022-04-25,2022-04-26T22:00:00+00:00,118.1736,e14be01c67966f61
2022-04-25,2022-05-02,2022-05-03T22:00:00+00:00,118.7683,eb1e77b9cd073a8c
2022-04-26,2022-05-02,2022-05-03T22:00:00+00:00,119.0919,eb1e77b9cd073a8c
2022-04-27,2022-05-02,2022-05-03T22:00:00+00:00,119.6006,eb1e77b9cd073a8c
2022-04-28,2022-05-02,2022-05-03T22:00:00+00:00,120.2144,eb1e77b9cd073a8c
2022-04-29,2022-05-02,2022-05-03T22:00:00+00:00,119.6421,eb1e77b9cd073a8c
2022-05-02,2022-05-09,2022-05-10T22:00:00+00:00,120.0229,d1f4bb3e217066be
2022-05-03,2022-05-09,2022-05-10T22:00:00+00:00,119.8435,d1f4bb3e217066be
2022-05-04,2022-05-09,2022-05-10T22:00:00+00:00,119.6936,d1f4bb3e217066be
2022-05-05,2022-05-09,2022-05-10T22:00:00+00:00,120.1389,d1f4bb3e217066be
2022-05-06,2022-05-09,2022-05-10T22:00:00+00:00,120.0159,d1f4bb3e217066be
2022-05-09,2022-05-16,2022-05-17T22:00:00+00:00,120.6525,11d36a721d56c36e
2022-05-10,2022-05-16,2022-05-17T22:00:00+00:00,120.9284,11d36a721d56c36e
2022-05-11,2022-05-16,2022-05-17T22:00:00+00:00,120.5382,11d36a721d56c36e
2022-05-12,2022-05-16,2022-05-17T22:00:00+00:00,121.4119,11d36a721d56c36e
2022-05-13,2022-05-16,2022-05-17T22:00:00+00:00,120.9998,11d36a721d56c36e
2022-05-16,2022-05-23,2022-05-24T22:00:00+00:00,120.8458,cd60cf0569d0ad00
2022-05-17,2022-05-23,2022-05-24T22:00:00+00:00,120.0502,cd60cf0569d0ad00
2022-05-18,2022-05-23,2022-05-24T22:00:00+00:00,120.1800,cd60cf0569d0ad00
2022-05-19,2022-05-23,2022-05-24T22:00:00+00:00,119.5620,cd60cf0569d0ad00
2022-05-20,2022-05-23,2022-05-24T22:00:00+00:00,119.5020,cd60cf0569d0ad00
2022-05-23,2022-05-31,2022-06-01T22:00:00+00:00,118.8381,31f18f6aa276b3ca
2022-05-24,2022-05-31,2022-06-01T22:00:00+00:00,118.7258,31f18f6aa276b3ca
2022-05-25,2022-05-31,2022-06-01T22:00:00+00:00,119.0878,31f18f6aa276b3ca
2022-05-26,2022-05-31,2022-06-01T22:00:00+00:00,118.9273,31f18f6aa276b3ca
2022-05-27,2022-05-31,2022-06-01T22:00:00+00:00,118.4545,31f18f6aa276b3ca
2022-05-31,2022-06-06,2022-06-07T22:00:00+00:00,118.2429,62b4b17860ae94be
2022-06-01,2022-06-06,2022-06-07T22:00:00+00:00,118.8763,62b4b17860ae94be
2022-06-02,2022-06-06,2022-06-07T22:00:00+00:00,118.2531,62b4b17860ae94be
2022-06-03,2022-06-06,2022-06-07T22:00:00+00:00,118.4066,62b4b17860ae94be
2022-06-06,2022-06-13,2022-06-14T22:00:00+00:00,118.4867,6f430d455bde856e
2022-06-07,2022-06-13,2022-06-14T22:00:00+00:00,118.6308,6f430d455bde856e
2022-06-08,2022-06-13,2022-06-14T22:00:00+00:00,118.6011,6f430d455bde856e
2022-06-09,2022-06-13,2022-06-14T22:00:00+00:00,119.1061,6f430d455bde856e
2022-06-10,2022-06-13,2022-06-14T22:00:00+00:00,120.1624,6f430d455bde856e
2022-06-13,2022-06-21,2022-06-22T22:00:00+00:00,121.2877,529f6fdc9a5714c9
2022-06-14,2022-06-21,2022-06-22T22:00:00+00:00,121.7973,529f6fdc9a5714c9
2022-06-15,2022-06-21,2022-06-22T22:00:00+00:00,121.7546,529f6fdc9a5714c9
2022-06-16,2022-06-21,2022-06-22T22:00:00+00:00,120.7654,529f6fdc9a5714c9
2022-06-17,2022-06-21,2022-06-22T22:00:00+00:00,121.3486,529f6fdc9a5714c9
2022-06-21,2022-06-27,2022-06-28T22:00:00+00:00,120.7491,54ca18478edc367b
2022-06-22,2022-06-27,2022-06-28T22:00:00+00:00,120.6333,54ca18478edc367b
2022-06-23,2022-06-27,2022-06-28T22:00:00+00:00,120.8609,54ca18478edc367b
2022-06-24,2022-06-27,2022-06-28T22:00:00+00:00,120.5844,54ca18478edc367b
2022-06-27,2022-07-05,2022-07-06T22:00:00+00:00,120.2774,0b5c394e4685f22c
2022-06-28,2022-07-05,2022-07-06T22:00:00+00:00,120.7207,0b5c394e4685f22c
2022-06-29,2022-07-05,2022-07-06T22:00:00+00:00,121.0481,0b5c394e4685f22c
2022-06-30,2022-07-05,2022-07-06T22:00:00+00:00,121.0540,0b5c394e4685f22c
2022-07-01,2022-07-05,2022-07-06T22:00:00+00:00,121.5779,0b5c394e4685f22c
2022-07-05,2022-07-11,2022-07-12T22:00:00+00:00,122.6990,b764819b8467b73c
2022-07-06,2022-07-11,2022-07-12T22:00:00+00:00,123.0661,b764819b8467b73c
2022-07-07,2022-07-11,2022-07-12T22:00:00+00:00,122.8011,b764819b8467b73c
2022-07-08,2022-07-11,2022-07-12T22:00:00+00:00,122.5503,b764819b8467b73c
2022-07-11,2022-07-18,2022-07-19T22:00:00+00:00,123.3678,79851496260f4f4b
2022-07-12,2022-07-18,2022-07-19T22:00:00+00:00,123.4954,79851496260f4f4b
2022-07-13,2022-07-18,2022-07-19T22:00:00+00:00,123.3349,79851496260f4f4b
2022-07-14,2022-07-18,2022-07-19T22:00:00+00:00,124.1127,79851496260f4f4b
2022-07-15,2022-07-18,2022-07-19T22:00:00+00:00,123.5454,79851496260f4f4b
2022-07-18,2022-07-25,2022-07-26T22:00:00+00:00,122.8542,cb21bc726aad328d
2022-07-19,2022-07-25,2022-07-26T22:00:00+00:00,122.5571,cb21bc726aad328d
2022-07-20,2022-07-25,2022-07-26T22:00:00+00:00,122.6759,cb21bc726aad328d
2022-07-21,2022-07-25,2022-07-26T22:00:00+00:00,122.9741,cb21bc726aad328d
2022-07-22,2022-07-25,2022-07-26T22:00:00+00:00,122.5116,cb21bc726aad328d
2022-07-25,2022-08-01,2022-08-02T22:00:00+00:00,122.5253,8342256ef60c5b61
2022-07-26,2022-08-01,2022-08-02T22:00:00+00:00,122.8323,8342256ef60c5b61
2022-07-27,2022-08-01,2022-08-02T22:00:00+00:00,122.8940,8342256ef60c5b61
2022-07-28,2022-08-01,2022-08-02T22:00:00+00:00,122.1894,8342256ef60c5b61
2022-07-29,2022-08-01,2022-08-02T22:00:00+00:00,121.8526,8342256ef60c5b61
2022-08-01,2022-08-08,2022-08-09T22:00:00+00:00,121.5001,5ab9824c79190de2
2022-08-02,2022-08-08,2022-08-09T22:00:00+00:00,122.0121,5ab9824c79190de2
2022-08-03,2022-08-08,2022-08-09T22:00:00+00:00,122.4589,5ab9824c79190de2
2022-08-04,2022-08-08,2022-08-09T22:00:00+00:00,121.9160,5ab9824c79190de2
2022-08-05,2022-08-08,2022-08-09T22:00:00+00:00,122.4107,5ab9824c79190de2
2022-08-05,2022-08-15,2022-08-16T22:00:00+00:00,122.4112,b49afb2219929690
2022-08-08,2022-08-15,2022-08-16T22:00:00+00:00,121.9674,b49afb2219929690
2022-08-09,2022-08-15,2022-08-16T22:00:00+00:00,121.9555,b49afb2219929690
2022-08-10,2022-08-15,2022-08-16T22:00:00+00:00,120.8527,b49afb2219929690
2022-08-11,2022-08-15,2022-08-16T22:00:00+00:00,120.8212,b49afb2219929690
2022-08-12,2022-08-15,2022-08-16T22:00:00+00:00,121.1306,b49afb2219929690
2022-08-15,2022-08-22,2022-08-23T22:00:00+00:00,121.5445,2c9f1fc609689cfd
2022-08-16,2022-08-22,2022-08-23T22:00:00+00:00,121.8022,2c9f1fc609689cfd
2022-08-17,2022-08-22,2022-08-23T22:00:00+00:00,122.1803,2c9f1fc609689cfd
2022-08-18,2022-08-22,2022-08-23T22:00:00+00:00,122.4603,2c9f1fc609689cfd
2022-08-19,2022-08-22,2022-08-23T22:00:00+00:00,123.1541,2c9f1fc609689cfd
2022-08-22,2022-08-29,2022-08-30T22:00:00+00:00,123.7166,a8f96f571aad68c5
2022-08-23,2022-08-29,2022-08-30T22:00:00+00:00,123.1720,a8f96f571aad68c5
2022-08-24,2022-08-29,2022-08-30T22:00:00+00:00,123.2385,a8f96f571aad68c5
2022-08-25,2022-08-29,2022-08-30T22:00:00+00:00,123.1836,a8f96f571aad68c5
2022-08-26,2022-08-29,2022-08-30T22:00:00+00:00,123.2019,a8f96f571aad68c5
2022-08-29,2022-09-06,2022-09-07T22:00:00+00:00,123.6185,5635ab6d985766d6
2022-08-30,2022-09-06,2022-09-07T22:00:00+00:00,123.8334,5635ab6d985766d6
2022-08-31,2022-09-06,2022-09-07T22:00:00+00:00,123.6748,5635ab6d985766d6
2022-09-01,2022-09-06,2022-09-07T22:00:00+00:00,124.5364,5635ab6d985766d6
2022-09-02,2022-09-06,2022-09-07T22:00:00+00:00,123.9261,5635ab6d985766d6
2022-09-06,2022-09-12,2022-09-13T22:00:00+00:00,124.9312,291a7f02cb19f422
2022-09-07,2022-09-12,2022-09-13T22:00:00+00:00,125.0185,291a7f02cb19f422
2022-09-08,2022-09-12,2022-09-13T22:00:00+00:00,124.7560,291a7f02cb19f422
2022-09-09,2022-09-12,2022-09-13T22:00:00+00:00,123.9551,291a7f02cb19f422
2022-09-12,2022-09-19,2022-09-20T22:00:00+00:00,123.5084,cc92eaa29ce47e74
2022-09-13,2022-09-19,2022-09-20T22:00:00+00:00,124.5838,cc92eaa29ce47e74
2022-09-14,2022-09-19,2022-09-20T22:00:00+00:00,124.6123,cc92eaa29ce47e74
2022-09-15,2022-09-19,2022-09-20T22:00:00+00:00,125.0439,cc92eaa29ce47e74
2022-09-16,2022-09-19,2022-09-20T22:00:00+00:00,125.0338,cc92eaa29ce47e74
2022-09-19,2022-09-26,2022-09-27T22:00:00+00:00,125.1740,79a090b5f4565fa7
2022-09-20,2022-09-26,2022-09-27T22:00:00+00:00,125.2921,79a090b5f4565fa7
2022-09-21,2022-09-26,2022-09-27T22:00:00+00:00,125.9083,79a090b5f4565fa7
2022-09-22,2022-09-26,2022-09-27T22:00:00+00:00,126.3149,79a090b5f4565fa7
2022-09-23,2022-09-26,2022-09-27T22:00:00+00:00,127.4232,79a090b5f4565fa7
2022-09-26,2022-10-03,2022-10-04T22:00:00+00:00,128.5773,7e0d40bd402bb36b
2022-09-27,2022-10-03,2022-10-04T22:00:00+00:00,128.5800,7e0d40bd402bb36b
2022-09-28,2022-10-03,2022-10-04T22:00:00+00:00,128.2291,7e0d40bd402bb36b
2022-09-29,2022-10-03,2022-10-04T22:00:00+00:00,127.6627,7e0d40bd402bb36b
2022-09-30,2022-10-03,2022-10-04T22:00:00+00:00,127.6413,7e0d40bd402bb36b
2022-10-03,2022-10-11,2022-10-12T22:00:00+00:00,127.6413,c3ef7ee16e3c4dda
2022-10-04,2022-10-11,2022-10-12T22:00:00+00:00,127.6413,c3ef7ee16e3c4dda
2022-10-05,2022-10-11,2022-10-12T22:00:00+00:00,127.0138,c3ef7ee16e3c4dda
2022-10-06,2022-10-11,2022-10-12T22:00:00+00:00,127.3968,c3ef7ee16e3c4dda
2022-10-07,2022-10-11,2022-10-12T22:00:00+00:00,127.4628,c3ef7ee16e3c4dda
2022-10-03,2022-10-17,2022-10-18T22:00:00+00:00,127.2201,30616b77011c4cc1
2022-10-04,2022-10-17,2022-10-18T22:00:00+00:00,126.3390,30616b77011c4cc1
2022-10-11,2022-10-17,2022-10-18T22:00:00+00:00,127.8368,30616b77011c4cc1
2022-10-12,2022-10-17,2022-10-18T22:00:00+00:00,128.3203,30616b77011c4cc1
2022-10-13,2022-10-17,2022-10-18T22:00:00+00:00,127.9007,30616b77011c4cc1
2022-10-14,2022-10-17,2022-10-18T22:00:00+00:00,128.4973,30616b77011c4cc1
2022-10-17,2022-10-24,2022-10-25T22:00:00+00:00,127.8162,ee4c86e5fdbf5c9d
2022-10-18,2022-10-24,2022-10-25T22:00:00+00:00,128.0829,ee4c86e5fdbf5c9d
2022-10-19,2022-10-24,2022-10-25T22:00:00+00:00,128.5655,ee4c86e5fdbf5c9d
2022-10-20,2022-10-24,2022-10-25T22:00:00+00:00,128.1747,ee4c86e5fdbf5c9d
2022-10-21,2022-10-24,2022-10-25T22:00:00+00:00,127.8337,ee4c86e5fdbf5c9d
2022-10-24,2022-10-31,2022-11-01T22:00:00+00:00,128.1976,155a4dbc6cf634a9
2022-10-25,2022-10-31,2022-11-01T22:00:00+00:00,127.5509,155a4dbc6cf634a9
2022-10-26,2022-10-31,2022-11-01T22:00:00+00:00,126.6202,155a4dbc6cf634a9
2022-10-27,2022-10-31,2022-11-01T22:00:00+00:00,126.8694,155a4dbc6cf634a9
2022-10-28,2022-10-31,2022-11-01T22:00:00+00:00,127.3892,155a4dbc6cf634a9
2022-10-31,2022-11-07,2022-11-08T22:00:00+00:00,127.8126,d9947c3ae57786fc
2022-11-01,2022-11-07,2022-11-08T22:00:00+00:00,127.5861,d9947c3ae57786fc
2022-11-02,2022-11-07,2022-11-08T22:00:00+00:00,127.4997,d9947c3ae57786fc
2022-11-03,2022-11-07,2022-11-08T22:00:00+00:00,128.3657,d9947c3ae57786fc
2022-11-04,2022-11-07,2022-11-08T22:00:00+00:00,127.3506,d9947c3ae57786fc
2022-11-07,2022-11-14,2022-11-15T22:00:00+00:00,126.4947,67d12e1f0a37a59e
2022-11-08,2022-11-14,2022-11-15T22:00:00+00:00,125.8360,67d12e1f0a37a59e
2022-11-09,2022-11-14,2022-11-15T22:00:00+00:00,126.1910,67d12e1f0a37a59e
2022-11-10,2022-11-14,2022-11-15T22:00:00+00:00,124.8818,67d12e1f0a37a59e
2022-11-14,2022-11-21,2022-11-22T22:00:00+00:00,123.5788,57db9b3c29606808
2022-11-15,2022-11-21,2022-11-22T22:00:00+00:00,123.1759,57db9b3c29606808
2022-11-16,2022-11-21,2022-11-22T22:00:00+00:00,123.4178,57db9b3c29606808
2022-11-17,2022-11-21,2022-11-22T22:00:00+00:00,124.1229,57db9b3c29606808
2022-11-18,2022-11-21,2022-11-22T22:00:00+00:00,123.9828,57db9b3c29606808
2022-11-21,2022-11-28,2022-11-29T22:00:00+00:00,124.8448,36c29eab8cbc68bd
2022-11-22,2022-11-28,2022-11-29T22:00:00+00:00,124.3777,36c29eab8cbc68bd
2022-11-23,2022-11-28,2022-11-29T22:00:00+00:00,123.8988,36c29eab8cbc68bd
2022-11-25,2022-11-28,2022-11-29T22:00:00+00:00,123.4863,36c29eab8cbc68bd
2022-11-28,2022-12-05,2022-12-06T22:00:00+00:00,123.7593,836d195143c1e682
2022-11-29,2022-12-05,2022-12-06T22:00:00+00:00,123.8068,836d195143c1e682
2022-11-30,2022-12-05,2022-12-06T22:00:00+00:00,123.6502,836d195143c1e682
2022-12-01,2022-12-05,2022-12-06T22:00:00+00:00,122.1324,836d195143c1e682
2022-12-02,2022-12-05,2022-12-06T22:00:00+00:00,122.1251,836d195143c1e682
2022-12-05,2022-12-12,2022-12-13T22:00:00+00:00,122.7270,ae797f8d833d0e25
2022-12-06,2022-12-12,2022-12-13T22:00:00+00:00,123.1031,ae797f8d833d0e25
2022-12-07,2022-12-12,2022-12-13T22:00:00+00:00,122.8464,ae797f8d833d0e25
2022-12-08,2022-12-12,2022-12-13T22:00:00+00:00,122.5098,ae797f8d833d0e25
2022-12-09,2022-12-12,2022-12-13T22:00:00+00:00,122.5047,ae797f8d833d0e25
2022-12-12,2022-12-19,2022-12-20T22:00:00+00:00,122.8596,dbb67dd6145620a6
2022-12-13,2022-12-19,2022-12-20T22:00:00+00:00,121.9363,dbb67dd6145620a6
2022-12-14,2022-12-19,2022-12-20T22:00:00+00:00,121.9111,dbb67dd6145620a6
2022-12-15,2022-12-19,2022-12-20T22:00:00+00:00,122.6533,dbb67dd6145620a6
2022-12-16,2022-12-19,2022-12-20T22:00:00+00:00,122.7419,dbb67dd6145620a6
2022-12-19,2022-12-27,2022-12-28T22:00:00+00:00,122.6367,7e052adc069ecbc6
2022-12-20,2022-12-27,2022-12-28T22:00:00+00:00,122.2122,7e052adc069ecbc6
2022-12-21,2022-12-27,2022-12-28T22:00:00+00:00,122.3811,7e052adc069ecbc6
2022-12-22,2022-12-27,2022-12-28T22:00:00+00:00,122.3367,7e052adc069ecbc6
2022-12-23,2022-12-27,2022-12-28T22:00:00+00:00,122.0889,7e052adc069ecbc6
2022-12-27,2023-01-03,2023-01-04T22:00:00+00:00,121.8653,12fe347b29e39e15
2022-12-28,2023-01-03,2023-01-04T22:00:00+00:00,122.1301,12fe347b29e39e15
2022-12-29,2023-01-03,2023-01-04T22:00:00+00:00,121.7775,12fe347b29e39e15
2022-12-30,2023-01-03,2023-01-04T22:00:00+00:00,121.5147,12fe347b29e39e15
2023-01-03,2023-01-09,2023-01-10T22:00:00+00:00,122.1578,101591d4110fcf0f
2023-01-04,2023-01-09,2023-01-10T22:00:00+00:00,121.5901,101591d4110fcf0f
2023-01-05,2023-01-09,2023-01-10T22:00:00+00:00,122.1643,101591d4110fcf0f
2023-01-06,2023-01-09,2023-01-10T22:00:00+00:00,121.1711,101591d4110fcf0f
2023-01-09,2023-01-17,2023-01-18T22:00:00+00:00,120.2094,21a42deaf4d22075
2023-01-10,2023-01-17,2023-01-18T22:00:00+00:00,120.3230,21a42deaf4d22075
2023-01-11,2023-01-17,2023-01-18T22:00:00+00:00,120.2437,21a42deaf4d22075
2023-01-12,2023-01-17,2023-01-18T22:00:00+00:00,119.5014,21a42deaf4d22075
2023-01-13,2023-01-17,2023-01-18T22:00:00+00:00,119.2232,21a42deaf4d22075
2023-01-17,2023-01-23,2023-01-24T22:00:00+00:00,119.3143,4337a7fa4e858f99
2023-01-18,2023-01-23,2023-01-24T22:00:00+00:00,119.1686,4337a7fa4e858f99
2023-01-19,2023-01-23,2023-01-24T22:00:00+00:00,119.6770,4337a7fa4e858f99
2023-01-20,2023-01-23,2023-01-24T22:00:00+00:00,119.4619,4337a7fa4e858f99
2023-01-23,2023-01-30,2023-01-31T22:00:00+00:00,119.2856,9c07b3a45de1b985
2023-01-24,2023-01-30,2023-01-31T22:00:00+00:00,119.2370,9c07b3a45de1b985
2023-01-25,2023-01-30,2023-01-31T22:00:00+00:00,119.1106,9c07b3a45de1b985
2023-01-26,2023-01-30,2023-01-31T22:00:00+00:00,119.1674,9c07b3a45de1b985
2023-01-27,2023-01-30,2023-01-31T22:00:00+00:00,119.0724,9c07b3a45de1b985
2019-12-02,2023-02-06,2023-02-07T22:00:00+00:00,116.9695,4b6903c4536edae1
2019-12-03,2023-02-06,2023-02-07T22:00:00+00:00,116.8946,4b6903c4536edae1
2019-12-04,2023-02-06,2023-02-07T22:00:00+00:00,116.6969,4b6903c4536edae1
2019-12-05,2023-02-06,2023-02-07T22:00:00+00:00,116.3888,4b6903c4536edae1
2019-12-06,2023-02-06,2023-02-07T22:00:00+00:00,116.5425,4b6903c4536edae1
2019-12-09,2023-02-06,2023-02-07T22:00:00+00:00,116.3328,4b6903c4536edae1
2019-12-10,2023-02-06,2023-02-07T22:00:00+00:00,116.2588,4b6903c4536edae1
2019-12-11,2023-02-06,2023-02-07T22:00:00+00:00,116.1524,4b6903c4536edae1
2019-12-12,2023-02-06,2023-02-07T22:00:00+00:00,115.8786,4b6903c4536edae1
2019-12-13,2023-02-06,2023-02-07T22:00:00+00:00,115.7007,4b6903c4536edae1
2019-12-16,2023-02-06,2023-02-07T22:00:00+00:00,115.5590,4b6903c4536edae1
2019-12-17,2023-02-06,2023-02-07T22:00:00+00:00,115.5593,4b6903c4536edae1
2019-12-18,2023-02-06,2023-02-07T22:00:00+00:00,115.6659,4b6903c4536edae1
2019-12-19,2023-02-06,2023-02-07T22:00:00+00:00,115.6029,4b6903c4536edae1
2019-12-20,2023-02-06,2023-02-07T22:00:00+00:00,115.7636,4b6903c4536edae1
2019-12-23,2023-02-06,2023-02-07T22:00:00+00:00,115.8098,4b6903c4536edae1
2019-12-26,2023-02-06,2023-02-07T22:00:00+00:00,115.6379,4b6903c4536edae1
2019-12-27,2023-02-06,2023-02-07T22:00:00+00:00,115.2239,4b6903c4536edae1
2019-12-30,2023-02-06,2023-02-07T22:00:00+00:00,114.9670,4b6903c4536edae1
2019-12-31,2023-02-06,2023-02-07T22:00:00+00:00,114.6728,4b6903c4536edae1
2020-01-02,2023-02-06,2023-02-07T22:00:00+00:00,114.9778,4b6903c4536edae1
2020-01-03,2023-02-06,2023-02-07T22:00:00+00:00,114.9895,4b6903c4536edae1
2020-01-06,2023-02-06,2023-02-07T22:00:00+00:00,114.9588,4b6903c4536edae1
2020-01-07,2023-02-06,2023-02-07T22:00:00+00:00,115.1501,4b6903c4536edae1
2020-01-08,2023-02-06,2023-02-07T22:00:00+00:00,115.1354,4b6903c4536edae1
2020-01-09,2023-02-06,2023-02-07T22:00:00+00:00,115.2358,4b6903c4536edae1
2020-01-10,2023-02-06,2023-02-07T22:00:00+00:00,115.0705,4b6903c4536edae1
2020-01-13,2023-02-06,2023-02-07T22:00:00+00:00,115.0370,4b6903c4536edae1
2020-01-14,2023-02-06,2023-02-07T22:00:00+00:00,115.0264,4b6903c4536edae1
2020-01-15,2023-02-06,2023-02-07T22:00:00+00:00,114.9558,4b6903c4536edae1
2020-01-16,2023-02-06,2023-02-07T22:00:00+00:00,115.0032,4b6903c4536edae1
2020-01-17,2023-02-06,2023-02-07T22:00:00+00:00,115.0675,4b6903c4536edae1
2020-01-21,2023-02-06,2023-02-07T22:00:00+00:00,115.1900,4b6903c4536edae1
2020-01-22,2023-02-06,2023-02-07T22:00:00+00:00,115.2297,4b6903c4536edae1
2020-01-23,2023-02-06,2023-02-07T22:00:00+00:00,115.5570,4b6903c4536edae1
2020-01-24,2023-02-06,2023-02-07T22:00:00+00:00,115.5578,4b6903c4536edae1
2020-01-27,2023-02-06,2023-02-07T22:00:00+00:00,115.8025,4b6903c4536edae1
2020-01-28,2023-02-06,2023-02-07T22:00:00+00:00,115.7261,4b6903c4536edae1
2020-01-29,2023-02-06,2023-02-07T22:00:00+00:00,115.7022,4b6903c4536edae1
2020-01-30,2023-02-06,2023-02-07T22:00:00+00:00,115.8098,4b6903c4536edae1
2020-01-31,2023-02-06,2023-02-07T22:00:00+00:00,115.7371,4b6903c4536edae1
2020-02-03,2023-02-06,2023-02-07T22:00:00+00:00,116.1207,4b6903c4536edae1
2020-02-04,2023-02-06,2023-02-07T22:00:00+00:00,115.9326,4b6903c4536edae1
2020-02-05,2023-02-06,2023-02-07T22:00:00+00:00,116.0121,4b6903c4536edae1
2020-02-06,2023-02-06,2023-02-07T22:00:00+00:00,116.1548,4b6903c4536edae1
2020-02-07,2023-02-06,2023-02-07T22:00:00+00:00,116.5117,4b6903c4536edae1
2020-02-10,2023-02-06,2023-02-07T22:00:00+00:00,116.5742,4b6903c4536edae1
2020-02-11,2023-02-06,2023-02-07T22:00:00+00:00,116.3615,4b6903c4536edae1
2020-02-12,2023-02-06,2023-02-07T22:00:00+00:00,116.2824,4b6903c4536edae1
2020-02-13,2023-02-06,2023-02-07T22:00:00+00:00,116.4030,4b6903c4536edae1
2020-02-14,2023-02-06,2023-02-07T22:00:00+00:00,116.4252,4b6903c4536edae1
2020-02-18,2023-02-06,2023-02-07T22:00:00+00:00,116.6068,4b6903c4536edae1
2020-02-19,2023-02-06,2023-02-07T22:00:00+00:00,116.7858,4b6903c4536edae1
2020-02-20,2023-02-06,2023-02-07T22:00:00+00:00,117.2488,4b6903c4536edae1
2020-02-21,2023-02-06,2023-02-07T22:00:00+00:00,117.0510,4b6903c4536edae1
2020-02-24,2023-02-06,2023-02-07T22:00:00+00:00,117.4056,4b6903c4536edae1
2020-02-25,2023-02-06,2023-02-07T22:00:00+00:00,117.2462,4b6903c4536edae1
2020-02-26,2023-02-06,2023-02-07T22:00:00+00:00,117.4089,4b6903c4536edae1
2020-02-27,2023-02-06,2023-02-07T22:00:00+00:00,117.3717,4b6903c4536edae1
2020-02-28,2023-02-06,2023-02-07T22:00:00+00:00,117.6593,4b6903c4536edae1
2020-03-03,2023-02-06,2023-02-07T22:00:00+00:00,116.4976,4b6903c4536edae1
2020-03-04,2023-02-06,2023-02-07T22:00:00+00:00,116.7812,4b6903c4536edae1
2020-03-05,2023-02-06,2023-02-07T22:00:00+00:00,116.7919,4b6903c4536edae1
2020-03-06,2023-02-06,2023-02-07T22:00:00+00:00,116.7125,4b6903c4536edae1
2020-03-09,2023-02-06,2023-02-07T22:00:00+00:00,117.1900,4b6903c4536edae1
2020-03-10,2023-02-06,2023-02-07T22:00:00+00:00,117.9045,4b6903c4536edae1
2020-03-11,2023-02-06,2023-02-07T22:00:00+00:00,118.2531,4b6903c4536edae1
2020-03-12,2023-02-06,2023-02-07T22:00:00+00:00,120.4905,4b6903c4536edae1
2020-03-13,2023-02-06,2023-02-07T22:00:00+00:00,120.4402,4b6903c4536edae1
2020-03-16,2023-02-06,2023-02-07T22:00:00+00:00,120.9368,4b6903c4536edae1
2020-03-17,2023-02-06,2023-02-07T22:00:00+00:00,122.4819,4b6903c4536edae1
2020-03-18,2023-02-06,2023-02-07T22:00:00+00:00,124.1622,4b6903c4536edae1
2020-03-19,2023-02-06,2023-02-07T22:00:00+00:00,125.0599,4b6903c4536edae1
2020-03-20,2023-02-06,2023-02-07T22:00:00+00:00,124.9371,4b6903c4536edae1
2020-03-23,2023-02-06,2023-02-07T22:00:00+00:00,126.1264,4b6903c4536edae1
2020-03-24,2023-02-06,2023-02-07T22:00:00+00:00,125.5011,4b6903c4536edae1
2020-03-25,2023-02-06,2023-02-07T22:00:00+00:00,124.7930,4b6903c4536edae1
2020-03-26,2023-02-06,2023-02-07T22:00:00+00:00,122.4336,4b6903c4536edae1
2020-03-27,2023-02-06,2023-02-07T22:00:00+00:00,122.4041,4b6903c4536edae1
2020-03-30,2023-02-06,2023-02-07T22:00:00+00:00,123.2926,4b6903c4536edae1
2020-03-31,2023-02-06,2023-02-07T22:00:00+00:00,122.5335,4b6903c4536edae1
2020-04-01,2023-02-06,2023-02-07T22:00:00+00:00,123.7963,4b6903c4536edae1
2020-04-02,2023-02-06,2023-02-07T22:00:00+00:00,123.5938,4b6903c4536edae1
2020-04-03,2023-02-06,2023-02-07T22:00:00+00:00,124.4177,4b6903c4536edae1
2020-04-06,2023-02-06,2023-02-07T22:00:00+00:00,124.1631,4b6903c4536edae1
2020-04-07,2023-02-06,2023-02-07T22:00:00+00:00,123.0986,4b6903c4536edae1
2020-04-08,2023-02-06,2023-02-07T22:00:00+00:00,123.2246,4b6903c4536edae1
2020-04-09,2023-02-06,2023-02-07T22:00:00+00:00,122.4782,4b6903c4536edae1
2020-04-10,2023-02-06,2023-02-07T22:00:00+00:00,122.1617,4b6903c4536edae1
2020-04-13,2023-02-06,2023-02-07T22:00:00+00:00,122.5230,4b6903c4536edae1
2020-04-14,2023-02-06,2023-02-07T22:00:00+00:00,122.1154,4b6903c4536edae1
2020-04-15,2023-02-06,2023-02-07T22:00:00+00:00,123.0778,4b6903c4536edae1
2020-04-16,2023-02-06,2023-02-07T22:00:00+00:00,123.4638,4b6903c4536edae1
2020-04-17,2023-02-06,2023-02-07T22:00:00+00:00,122.8736,4b6903c4536edae1
2020-04-20,2023-02-06,2023-02-07T22:00:00+00:00,123.1062,4b6903c4536edae1
2020-04-21,2023-02-06,2023-02-07T22:00:00+00:00,123.9139,4b6903c4536edae1
2020-04-22,2023-02-06,2023-02-07T22:00:00+00:00,123.9288,4b6903c4536edae1
2020-04-23,2023-02-06,2023-02-07T22:00:00+00:00,123.7582,4b6903c4536edae1
2020-04-24,2023-02-06,2023-02-07T22:00:00+00:00,124.1654,4b6903c4536edae1
2020-04-27,2023-02-06,2023-02-07T22:00:00+00:00,123.8887,4b6903c4536edae1
2020-04-28,2023-02-06,2023-02-07T22:00:00+00:00,123.3734,4b6903c4536edae1
2020-04-29,2023-02-06,2023-02-07T22:00:00+00:00,122.7824,4b6903c4536edae1
2020-04-30,2023-02-06,2023-02-07T22:00:00+00:00,122.3317,4b6903c4536edae1
2020-05-01,2023-02-06,2023-02-07T22:00:00+00:00,123.1536,4b6903c4536edae1
2020-05-04,2023-02-06,2023-02-07T22:00:00+00:00,123.2156,4b6903c4536edae1
2020-05-05,2023-02-06,2023-02-07T22:00:00+00:00,122.8062,4b6903c4536edae1
2020-05-06,2023-02-06,2023-02-07T22:00:00+00:00,123.6123,4b6903c4536edae1
2020-05-07,2023-02-06,2023-02-07T22:00:00+00:00,123.1286,4b6903c4536edae1
2020-05-08,2023-02-06,2023-02-07T22:00:00+00:00,122.5416,4b6903c4536edae1
2020-05-11,2023-02-06,2023-02-07T22:00:00+00:00,123.2370,4b6903c4536edae1
2020-05-12,2023-02-06,2023-02-07T22:00:00+00:00,123.0637,4b6903c4536edae1
2020-05-13,2023-02-06,2023-02-07T22:00:00+00:00,123.5448,4b6903c4536edae1
2020-05-14,2023-02-06,2023-02-07T22:00:00+00:00,123.6466,4b6903c4536edae1
2020-05-15,2023-02-06,2023-02-07T22:00:00+00:00,123.6023,4b6903c4536edae1
2020-05-18,2023-02-06,2023-02-07T22:00:00+00:00,122.8005,4b6903c4536edae1
2020-05-19,2023-02-06,2023-02-07T22:00:00+00:00,122.5695,4b6903c4536edae1
2020-05-20,2023-02-06,2023-02-07T22:00:00+00:00,122.1046,4b6903c4536edae1
2020-05-21,2023-02-06,2023-02-07T22:00:00+00:00,122.0947,4b6903c4536edae1
2020-05-22,2023-02-06,2023-02-07T22:00:00+00:00,122.3238,4b6903c4536edae1
2020-05-26,2023-02-06,2023-02-07T22:00:00+00:00,121.3904,4b6903c4536edae1
2020-05-27,2023-02-06,2023-02-07T22:00:00+00:00,121.5714,4b6903c4536edae1
2020-05-28,2023-02-06,2023-02-07T22:00:00+00:00,121.0178,4b6903c4536edae1
2020-05-29,2023-02-06,2023-02-07T22:00:00+00:00,120.9497,4b6903c4536edae1
2020-06-01,2023-02-06,2023-02-07T22:00:00+00:00,120.2730,4b6903c4536edae1
2020-06-02,2023-02-06,2023-02-07T22:00:00+00:00,119.6902,4b6903c4536edae1
2020-06-03,2023-02-06,2023-02-07T22:00:00+00:00,119.2604,4b6903c4536edae1
2020-06-04,2023-02-06,2023-02-07T22:00:00+00:00,119.3066,4b6903c4536edae1
2020-06-05,2023-02-06,2023-02-07T22:00:00+00:00,118.8182,4b6903c4536edae1
2020-06-08,2023-02-06,2023-02-07T22:00:00+00:00,118.6666,4b6903c4536edae1
2020-06-09,2023-02-06,2023-02-07T22:00:00+00:00,118.5939,4b6903c4536edae1
2020-06-10,2023-02-06,2023-02-07T22:00:00+00:00,118.5276,4b6903c4536edae1
2020-06-11,2023-02-06,2023-02-07T22:00:00+00:00,119.2387,4b6903c4536edae1
2020-06-12,2023-02-06,2023-02-07T22:00:00+00:00,119.6680,4b6903c4536edae1
2020-06-15,2023-02-06,2023-02-07T22:00:00+00:00,119.9579,4b6903c4536edae1
2020-06-16,2023-02-06,2023-02-07T22:00:00+00:00,119.5708,4b6903c4536edae1
2020-06-17,2023-02-06,2023-02-07T22:00:00+00:00,119.9144,4b6903c4536edae1
2020-06-18,2023-02-06,2023-02-07T22:00:00+00:00,120.2211,4b6903c4536edae1
2020-06-19,2023-02-06,2023-02-07T22:00:00+00:00,120.2221,4b6903c4536edae1
2020-06-22,2023-02-06,2023-02-07T22:00:00+00:00,119.7574,4b6903c4536edae1
2020-06-23,2023-02-06,2023-02-07T22:00:00+00:00,119.3332,4b6903c4536edae1
2020-06-24,2023-02-06,2023-02-07T22:00:00+00:00,119.9789,4b6903c4536edae1
2020-06-25,2023-02-06,2023-02-07T22:00:00+00:00,120.3041,4b6903c4536edae1
2020-06-26,2023-02-06,2023-02-07T22:00:00+00:00,120.5375,4b6903c4536edae1
2020-06-29,2023-02-06,2023-02-07T22:00:00+00:00,120.6704,4b6903c4536edae1
2020-06-30,2023-02-06,2023-02-07T22:00:00+00:00,120.4697,4b6903c4536edae1
2020-07-01,2023-02-06,2023-02-07T22:00:00+00:00,120.0858,4b6903c4536edae1
2020-07-02,2023-02-06,2023-02-07T22:00:00+00:00,119.8608,4b6903c4536edae1
2020-07-06,2023-02-06,2023-02-07T22:00:00+00:00,119.2902,4b6903c4536edae1
2020-07-07,2023-02-06,2023-02-07T22:00:00+00:00,119.5768,4b6903c4536edae1
2020-07-08,2023-02-06,2023-02-07T22:00:00+00:00,119.5578,4b6903c4536edae1
2020-07-09,2023-02-06,2023-02-07T22:00:00+00:00,119.5175,4b6903c4536edae1
2020-07-10,2023-02-06,2023-02-07T22:00:00+00:00,119.3555,4b6903c4536edae1
2020-07-13,2023-02-06,2023-02-07T22:00:00+00:00,119.1938,4b6903c4536edae1
2020-07-14,2023-02-06,2023-02-07T22:00:00+00:00,119.3949,4b6903c4536edae1
2020-07-15,2023-02-06,2023-02-07T22:00:00+00:00,119.0378,4b6903c4536edae1
2020-07-16,2023-02-06,2023-02-07T22:00:00+00:00,118.9322,4b6903c4536edae1
2020-07-17,2023-02-06,2023-02-07T22:00:00+00:00,119.1290,4b6903c4536edae1
2020-07-20,2023-02-06,2023-02-07T22:00:00+00:00,119.0538,4b6903c4536edae1
2020-07-21,2023-02-06,2023-02-07T22:00:00+00:00,118.4100,4b6903c4536edae1
2020-07-22,2023-02-06,2023-02-07T22:00:00+00:00,118.1400,4b6903c4536edae1
2020-07-23,2023-02-06,2023-02-07T22:00:00+00:00,118.0678,4b6903c4536edae1
2020-07-24,2023-02-06,2023-02-07T22:00:00+00:00,118.1394,4b6903c4536edae1
2020-07-27,2023-02-06,2023-02-07T22:00:00+00:00,117.3932,4b6903c4536edae1
2020-07-28,2023-02-06,2023-02-07T22:00:00+00:00,117.3253,4b6903c4536edae1
2020-07-29,2023-02-06,2023-02-07T22:00:00+00:00,117.2190,4b6903c4536edae1
2020-07-30,2023-02-06,2023-02-07T22:00:00+00:00,117.4075,4b6903c4536edae1
2020-07-31,2023-02-06,2023-02-07T22:00:00+00:00,117.2150,4b6903c4536edae1
2020-08-03,2023-02-06,2023-02-07T22:00:00+00:00,117.8139,4b6903c4536edae1
2020-08-04,2023-02-06,2023-02-07T22:00:00+00:00,117.7902,4b6903c4536edae1
2020-08-05,2023-02-06,2023-02-07T22:00:00+00:00,116.8806,4b6903c4536edae1
2020-08-06,2023-02-06,2023-02-07T22:00:00+00:00,117.0493,4b6903c4536edae1
2020-08-07,2023-02-06,2023-02-07T22:00:00+00:00,117.6306,4b6903c4536edae1
2020-08-10,2023-02-06,2023-02-07T22:00:00+00:00,117.5890,4b6903c4536edae1
2020-08-11,2023-02-06,2023-02-07T22:00:00+00:00,117.3851,4b6903c4536edae1
2020-08-12,2023-02-06,2023-02-07T22:00:00+00:00,117.2629,4b6903c4536edae1
2020-08-13,2023-02-06,2023-02-07T22:00:00+00:00,117.1264,4b6903c4536edae1
2020-08-14,2023-02-06,2023-02-07T22:00:00+00:00,116.9464,4b6903c4536edae1
2020-08-17,2023-02-06,2023-02-07T22:00:00+00:00,116.7561,4b6903c4536edae1
2020-08-18,2023-02-06,2023-02-07T22:00:00+00:00,116.5670,4b6903c4536edae1
2020-08-19,2023-02-06,2023-02-07T22:00:00+00:00,116.5741,4b6903c4536edae1
2020-08-20,2023-02-06,2023-02-07T22:00:00+00:00,116.8195,4b6903c4536edae1
2020-08-21,2023-02-06,2023-02-07T22:00:00+00:00,117.0638,4b6903c4536edae1
2020-08-24,2023-02-06,2023-02-07T22:00:00+00:00,116.9193,4b6903c4536edae1
2020-08-25,2023-02-06,2023-02-07T22:00:00+00:00,116.8280,4b6903c4536edae1
2020-08-26,2023-02-06,2023-02-07T22:00:00+00:00,116.6315,4b6903c4536edae1
2020-08-27,2023-02-06,2023-02-07T22:00:00+00:00,116.6571,4b6903c4536edae1
2020-08-28,2023-02-06,2023-02-07T22:00:00+00:00,115.9459,4b6903c4536edae1
2020-08-31,2023-02-06,2023-02-07T22:00:00+00:00,115.7673,4b6903c4536edae1
2020-09-01,2023-02-06,2023-02-07T22:00:00+00:00,115.5771,4b6903c4536edae1
2020-09-02,2023-02-06,2023-02-07T22:00:00+00:00,116.0382,4b6903c4536edae1
2020-09-03,2023-02-06,2023-02-07T22:00:00+00:00,116.0758,4b6903c4536edae1
2020-09-04,2023-02-06,2023-02-07T22:00:00+00:00,116.0420,4b6903c4536edae1
2020-09-08,2023-02-06,2023-02-07T22:00:00+00:00,116.4681,4b6903c4536edae1
2020-09-09,2023-02-06,2023-02-07T22:00:00+00:00,116.1355,4b6903c4536edae1
2020-09-10,2023-02-06,2023-02-07T22:00:00+00:00,115.8867,4b6903c4536edae1
2020-09-11,2023-02-06,2023-02-07T22:00:00+00:00,116.0924,4b6903c4536edae1
2020-09-14,2023-02-06,2023-02-07T22:00:00+00:00,115.6483,4b6903c4536edae1
2020-09-15,2023-02-06,2023-02-07T22:00:00+00:00,115.5956,4b6903c4536edae1
2020-09-16,2023-02-06,2023-02-07T22:00:00+00:00,115.3583,4b6903c4536edae1
2020-09-17,2023-02-06,2023-02-07T22:00:00+00:00,115.4435,4b6903c4536edae1
2020-09-18,2023-02-06,2023-02-07T22:00:00+00:00,115.2440,4b6903c4536edae1
2020-09-21,2023-02-06,2023-02-07T22:00:00+00:00,116.3826,4b6903c4536edae1
2020-09-22,2023-02-06,2023-02-07T22:00:00+00:00,116.5482,4b6903c4536edae1
2020-09-23,2023-02-06,2023-02-07T22:00:00+00:00,117.2576,4b6903c4536edae1
2020-09-24,2023-02-06,2023-02-07T22:00:00+00:00,117.5524,4b6903c4536edae1
2020-09-25,2023-02-06,2023-02-07T22:00:00+00:00,117.8730,4b6903c4536edae1
2020-09-28,2023-02-06,2023-02-07T22:00:00+00:00,117.6232,4b6903c4536edae1
2020-09-29,2023-02-06,2023-02-07T22:00:00+00:00,117.5317,4b6903c4536edae1
2020-09-30,2023-02-06,2023-02-07T22:00:00+00:00,116.9516,4b6903c4536edae1
2020-10-01,2023-02-06,2023-02-07T22:00:00+00:00,116.7286,4b6903c4536edae1
2020-10-02,2023-02-06,2023-02-07T22:00:00+00:00,116.7375,4b6903c4536edae1
2020-10-05,2023-02-06,2023-02-07T22:00:00+00:00,116.1824,4b6903c4536edae1
2020-10-06,2023-02-06,2023-02-07T22:00:00+00:00,116.2733,4b6903c4536edae1
2020-10-07,2023-02-06,2023-02-07T22:00:00+00:00,116.3500,4b6903c4536edae1
2020-10-08,2023-02-06,2023-02-07T22:00:00+00:00,116.1710,4b6903c4536edae1
2020-10-09,2023-02-06,2023-02-07T22:00:00+00:00,115.2803,4b6903c4536edae1
2020-10-13,2023-02-06,2023-02-07T22:00:00+00:00,115.9154,4b6903c4536edae1
2020-10-14,2023-02-06,2023-02-07T22:00:00+00:00,115.6918,4b6903c4536edae1
2020-10-15,2023-02-06,2023-02-07T22:00:00+00:00,116.1003,4b6903c4536edae1
2020-10-16,2023-02-06,2023-02-07T22:00:00+00:00,115.7715,4b6903c4536edae1
2020-10-19,2023-02-06,2023-02-07T22:00:00+00:00,115.4069,4b6903c4536edae1
2020-10-20,2023-02-06,2023-02-07T22:00:00+00:00,115.2519,4b6903c4536edae1
2020-10-21,2023-02-06,2023-02-07T22:00:00+00:00,114.9142,4b6903c4536edae1
2020-10-22,2023-02-06,2023-02-07T22:00:00+00:00,115.1194,4b6903c4536edae1
2020-10-23,2023-02-06,2023-02-07T22:00:00+00:00,115.0159,4b6903c4536edae1
2020-10-26,2023-02-06,2023-02-07T22:00:00+00:00,115.2831,4b6903c4536edae1
2020-10-27,2023-02-06,2023-02-07T22:00:00+00:00,115.0167,4b6903c4536edae1
2020-10-28,2023-02-06,2023-02-07T22:00:00+00:00,115.8053,4b6903c4536edae1
2020-10-29,2023-02-06,2023-02-07T22:00:00+00:00,116.3091,4b6903c4536edae1
2020-10-30,2023-02-06,2023-02-07T22:00:00+00:00,116.1372,4b6903c4536edae1
2020-11-02,2023-02-06,2023-02-07T22:00:00+00:00,116.2382,4b6903c4536edae1
2020-11-03,2023-02-06,2023-02-07T22:00:00+00:00,115.4826,4b6903c4536edae1
2020-11-04,2023-02-06,2023-02-07T22:00:00+00:00,115.1698,4b6903c4536edae1
2020-11-05,2023-02-06,2023-02-07T22:00:00+00:00,114.4578,4b6903c4536edae1
2020-11-06,2023-02-06,2023-02-07T22:00:00+00:00,113.9939,4b6903c4536edae1
2020-11-09,2023-02-06,2023-02-07T22:00:00+00:00,114.0914,4b6903c4536edae1
2020-11-10,2023-02-06,2023-02-07T22:00:00+00:00,114.0772,4b6903c4536edae1
2020-11-12,2023-02-06,2023-02-07T22:00:00+00:00,114.2852,4b6903c4536edae1
2020-11-13,2023-02-06,2023-02-07T22:00:00+00:00,114.2406,4b6903c4536edae1
2020-11-16,2023-02-06,2023-02-07T22:00:00+00:00,113.8321,4b6903c4536edae1
2020-11-17,2023-02-06,2023-02-07T22:00:00+00:00,113.6824,4b6903c4536edae1
2020-11-18,2023-02-06,2023-02-07T22:00:00+00:00,113.4608,4b6903c4536edae1
2020-11-19,2023-02-06,2023-02-07T22:00:00+00:00,113.6948,4b6903c4536edae1
2020-11-20,2023-02-06,2023-02-07T22:00:00+00:00,113.4898,4b6903c4536edae1
2020-11-23,2023-02-06,2023-02-07T22:00:00+00:00,113.7557,4b6903c4536edae1
2020-11-24,2023-02-06,2023-02-07T22:00:00+00:00,113.4332,4b6903c4536edae1
2020-11-25,2023-02-06,2023-02-07T22:00:00+00:00,113.1841,4b6903c4536edae1
2020-11-30,2023-02-06,2023-02-07T22:00:00+00:00,113.2274,4b6903c4536edae1
2020-12-01,2023-02-06,2023-02-07T22:00:00+00:00,112.8087,4b6903c4536edae1
2020-12-02,2023-02-06,2023-02-07T22:00:00+00:00,112.6138,4b6903c4536edae1
2020-12-03,2023-02-06,2023-02-07T22:00:00+00:00,112.0257,4b6903c4536edae1
2020-12-04,2023-02-06,2023-02-07T22:00:00+00:00,111.7797,4b6903c4536edae1
2020-12-07,2023-02-06,2023-02-07T22:00:00+00:00,111.8401,4b6903c4536edae1
2020-12-08,2023-02-06,2023-02-07T22:00:00+00:00,111.8656,4b6903c4536edae1
2020-12-09,2023-02-06,2023-02-07T22:00:00+00:00,112.0326,4b6903c4536edae1
2020-12-10,2023-02-06,2023-02-07T22:00:00+00:00,111.9811,4b6903c4536edae1
2020-12-11,2023-02-06,2023-02-07T22:00:00+00:00,112.1438,4b6903c4536edae1
2020-12-14,2023-02-06,2023-02-07T22:00:00+00:00,112.1734,4b6903c4536edae1
2020-12-15,2023-02-06,2023-02-07T22:00:00+00:00,111.8628,4b6903c4536edae1
2020-12-16,2023-02-06,2023-02-07T22:00:00+00:00,111.7182,4b6903c4536edae1
2020-12-17,2023-02-06,2023-02-07T22:00:00+00:00,111.2253,4b6903c4536edae1
2020-12-18,2023-02-06,2023-02-07T22:00:00+00:00,111.6099,4b6903c4536edae1
2020-12-21,2023-02-06,2023-02-07T22:00:00+00:00,111.9437,4b6903c4536edae1
2020-12-22,2023-02-06,2023-02-07T22:00:00+00:00,112.1968,4b6903c4536edae1
2020-12-23,2023-02-06,2023-02-07T22:00:00+00:00,111.9834,4b6903c4536edae1
2020-12-28,2023-02-06,2023-02-07T22:00:00+00:00,111.9779,4b6903c4536edae1
2020-12-29,2023-02-06,2023-02-07T22:00:00+00:00,111.5201,4b6903c4536edae1
2020-12-30,2023-02-06,2023-02-07T22:00:00+00:00,111.3116,4b6903c4536edae1
2020-12-31,2023-02-06,2023-02-07T22:00:00+00:00,111.3203,4b6903c4536edae1
2021-01-04,2023-02-06,2023-02-07T22:00:00+00:00,111.2098,4b6903c4536edae1
2021-01-05,2023-02-06,2023-02-07T22:00:00+00:00,110.9612,4b6903c4536edae1
2021-01-06,2023-02-06,2023-02-07T22:00:00+00:00,110.8531,4b6903c4536edae1
2021-01-07,2023-02-06,2023-02-07T22:00:00+00:00,111.3085,4b6903c4536edae1
2021-01-08,2023-02-06,2023-02-07T22:00:00+00:00,111.2894,4b6903c4536edae1
2021-01-11,2023-02-06,2023-02-07T22:00:00+00:00,111.8303,4b6903c4536edae1
2021-01-12,2023-02-06,2023-02-07T22:00:00+00:00,111.5542,4b6903c4536edae1
2021-01-13,2023-02-06,2023-02-07T22:00:00+00:00,111.3656,4b6903c4536edae1
2021-01-14,2023-02-06,2023-02-07T22:00:00+00:00,111.1600,4b6903c4536edae1
2021-01-15,2023-02-06,2023-02-07T22:00:00+00:00,111.5123,4b6903c4536edae1
2021-01-19,2023-02-06,2023-02-07T22:00:00+00:00,111.4545,4b6903c4536edae1
2021-01-21,2023-02-06,2023-02-07T22:00:00+00:00,111.2007,4b6903c4536edae1
2021-01-22,2023-02-06,2023-02-07T22:00:00+00:00,111.5568,4b6903c4536edae1
2021-01-25,2023-02-06,2023-02-07T22:00:00+00:00,111.8734,4b6903c4536edae1
2021-01-26,2023-02-06,2023-02-07T22:00:00+00:00,111.6627,4b6903c4536edae1
2021-01-27,2023-02-06,2023-02-07T22:00:00+00:00,112.0843,4b6903c4536edae1
2021-01-28,2023-02-06,2023-02-07T22:00:00+00:00,112.0112,4b6903c4536edae1
2021-01-29,2023-02-06,2023-02-07T22:00:00+00:00,111.9568,4b6903c4536edae1
2021-02-01,2023-02-06,2023-02-07T22:00:00+00:00,112.4246,4b6903c4536edae1
2021-02-02,2023-02-06,2023-02-07T22:00:00+00:00,112.2893,4b6903c4536edae1
2021-02-03,2023-02-06,2023-02-07T22:00:00+00:00,112.2609,4b6903c4536edae1
2021-02-04,2023-02-06,2023-02-07T22:00:00+00:00,112.7523,4b6903c4536edae1
2021-02-05,2023-02-06,2023-02-07T22:00:00+00:00,112.2421,4b6903c4536edae1
2021-02-08,2023-02-06,2023-02-07T22:00:00+00:00,112.0470,4b6903c4536edae1
2021-02-09,2023-02-06,2023-02-07T22:00:00+00:00,111.7731,4b6903c4536edae1
2021-02-10,2023-02-06,2023-02-07T22:00:00+00:00,111.5899,4b6903c4536edae1
2021-02-11,2023-02-06,2023-02-07T22:00:00+00:00,111.5329,4b6903c4536edae1
2021-02-12,2023-02-06,2023-02-07T22:00:00+00:00,111.4945,4b6903c4536edae1
2021-02-16,2023-02-06,2023-02-07T22:00:00+00:00,111.7957,4b6903c4536edae1
2021-02-17,2023-02-06,2023-02-07T22:00:00+00:00,112.0267,4b6903c4536edae1
2021-02-18,2023-02-06,2023-02-07T22:00:00+00:00,112.1699,4b6903c4536edae1
2021-02-19,2023-02-06,2023-02-07T22:00:00+00:00,111.7165,4b6903c4536edae1
2021-02-22,2023-02-06,2023-02-07T22:00:00+00:00,111.9309,4b6903c4536edae1
2021-02-23,2023-02-06,2023-02-07T22:00:00+00:00,111.9097,4b6903c4536edae1
2021-02-24,2023-02-06,2023-02-07T22:00:00+00:00,111.7324,4b6903c4536edae1
2021-02-25,2023-02-06,2023-02-07T22:00:00+00:00,111.9402,4b6903c4536edae1
2021-02-26,2023-02-06,2023-02-07T22:00:00+00:00,112.8424,4b6903c4536edae1
2021-03-01,2023-02-06,2023-02-07T22:00:00+00:00,112.5361,4b6903c4536edae1
2021-03-02,2023-02-06,2023-02-07T22:00:00+00:00,112.5458,4b6903c4536edae1
2021-03-03,2023-02-06,2023-02-07T22:00:00+00:00,112.7753,4b6903c4536edae1
2021-03-04,2023-02-06,2023-02-07T22:00:00+00:00,112.7157,4b6903c4536edae1
2021-03-05,2023-02-06,2023-02-07T22:00:00+00:00,113.7620,4b6903c4536edae1
2021-03-08,2023-02-06,2023-02-07T22:00:00+00:00,114.2827,4b6903c4536edae1
2021-03-09,2023-02-06,2023-02-07T22:00:00+00:00,113.9434,4b6903c4536edae1
2021-03-10,2023-02-06,2023-02-07T22:00:00+00:00,113.6007,4b6903c4536edae1
2021-03-11,2023-02-06,2023-02-07T22:00:00+00:00,112.9338,4b6903c4536edae1
2021-03-12,2023-02-06,2023-02-07T22:00:00+00:00,113.0404,4b6903c4536edae1
2021-03-15,2023-02-06,2023-02-07T22:00:00+00:00,113.2065,4b6903c4536edae1
2021-03-16,2023-02-06,2023-02-07T22:00:00+00:00,112.9968,4b6903c4536edae1
2021-03-17,2023-02-06,2023-02-07T22:00:00+00:00,113.1725,4b6903c4536edae1
2021-03-18,2023-02-06,2023-02-07T22:00:00+00:00,112.7866,4b6903c4536edae1
2021-03-19,2023-02-06,2023-02-07T22:00:00+00:00,112.9865,4b6903c4536edae1
2021-03-22,2023-02-06,2023-02-07T22:00:00+00:00,113.0147,4b6903c4536edae1
2021-03-23,2023-02-06,2023-02-07T22:00:00+00:00,113.3024,4b6903c4536edae1
2021-03-24,2023-02-06,2023-02-07T22:00:00+00:00,113.6680,4b6903c4536edae1
2021-03-25,2023-02-06,2023-02-07T22:00:00+00:00,114.0128,4b6903c4536edae1
2021-03-26,2023-02-06,2023-02-07T22:00:00+00:00,113.7518,4b6903c4536edae1
2021-03-29,2023-02-06,2023-02-07T22:00:00+00:00,113.9439,4b6903c4536edae1
2021-03-30,2023-02-06,2023-02-07T22:00:00+00:00,114.2138,4b6903c4536edae1
2021-03-31,2023-02-06,2023-02-07T22:00:00+00:00,113.8337,4b6903c4536edae1
2021-04-01,2023-02-06,2023-02-07T22:00:00+00:00,113.7489,4b6903c4536edae1
2021-04-02,2023-02-06,2023-02-07T22:00:00+00:00,113.7414,4b6903c4536edae1
2021-04-05,2023-02-06,2023-02-07T22:00:00+00:00,113.4050,4b6903c4536edae1
2021-04-06,2023-02-06,2023-02-07T22:00:00+00:00,113.1556,4b6903c4536edae1
2021-04-07,2023-02-06,2023-02-07T22:00:00+00:00,113.2518,4b6903c4536edae1
2021-04-08,2023-02-06,2023-02-07T22:00:00+00:00,113.0995,4b6903c4536edae1
2021-04-09,2023-02-06,2023-02-07T22:00:00+00:00,113.2118,4b6903c4536edae1
2021-04-12,2023-02-06,2023-02-07T22:00:00+00:00,113.1902,4b6903c4536edae1
2021-04-13,2023-02-06,2023-02-07T22:00:00+00:00,113.0474,4b6903c4536edae1
2021-04-14,2023-02-06,2023-02-07T22:00:00+00:00,112.7935,4b6903c4536edae1
2021-04-15,2023-02-06,2023-02-07T22:00:00+00:00,112.6249,4b6903c4536edae1
2021-04-16,2023-02-06,2023-02-07T22:00:00+00:00,112.4894,4b6903c4536edae1
2021-04-19,2023-02-06,2023-02-07T22:00:00+00:00,112.1906,4b6903c4536edae1
2021-04-20,2023-02-06,2023-02-07T22:00:00+00:00,112.2418,4b6903c4536edae1
2021-04-21,2023-02-06,2023-02-07T22:00:00+00:00,112.1841,4b6903c4536edae1
2021-04-22,2023-02-06,2023-02-07T22:00:00+00:00,112.2360,4b6903c4536edae1
2021-04-23,2023-02-06,2023-02-07T22:00:00+00:00,112.0955,4b6903c4536edae1
2021-04-26,2023-02-06,2023-02-07T22:00:00+00:00,111.8187,4b6903c4536edae1
2021-04-27,2023-02-06,2023-02-07T22:00:00+00:00,111.9189,4b6903c4536edae1
2021-04-28,2023-02-06,2023-02-07T22:00:00+00:00,111.8003,4b6903c4536edae1
2021-04-29,2023-02-06,2023-02-07T22:00:00+00:00,111.7582,4b6903c4536edae1
2021-04-30,2023-02-06,2023-02-07T22:00:00+00:00,112.0959,4b6903c4536edae1
2021-05-03,2023-02-06,2023-02-07T22:00:00+00:00,112.0180,4b6903c4536edae1
2021-05-04,2023-02-06,2023-02-07T22:00:00+00:00,112.3024,4b6903c4536edae1
2021-05-05,2023-02-06,2023-02-07T22:00:00+00:00,112.1646,4b6903c4536edae1
2021-05-06,2023-02-06,2023-02-07T22:00:00+00:00,111.8534,4b6903c4536edae1
2021-05-07,2023-02-06,2023-02-07T22:00:00+00:00,111.0378,4b6903c4536edae1
2021-05-10,2023-02-06,2023-02-07T22:00:00+00:00,110.8041,4b6903c4536edae1
2021-05-11,2023-02-06,2023-02-07T22:00:00+00:00,110.9051,4b6903c4536edae1
2021-05-12,2023-02-06,2023-02-07T22:00:00+00:00,111.5781,4b6903c4536edae1
2021-05-13,2023-02-06,2023-02-07T22:00:00+00:00,111.6092,4b6903c4536edae1
2021-05-14,2023-02-06,2023-02-07T22:00:00+00:00,111.1488,4b6903c4536edae1
2021-05-17,2023-02-06,2023-02-07T22:00:00+00:00,111.0927,4b6903c4536edae1
2021-05-18,2023-02-06,2023-02-07T22:00:00+00:00,110.8461,4b6903c4536edae1
2021-05-19,2023-02-06,2023-02-07T22:00:00+00:00,110.8945,4b6903c4536edae1
2021-05-20,2023-02-06,2023-02-07T22:00:00+00:00,110.8760,4b6903c4536edae1
2021-05-21,2023-02-06,2023-02-07T22:00:00+00:00,111.0734,4b6903c4536edae1
2021-05-24,2023-02-06,2023-02-07T22:00:00+00:00,110.9268,4b6903c4536edae1
2021-05-25,2023-02-06,2023-02-07T22:00:00+00:00,110.8570,4b6903c4536edae1
2021-05-26,2023-02-06,2023-02-07T22:00:00+00:00,110.8821,4b6903c4536edae1
2021-05-27,2023-02-06,2023-02-07T22:00:00+00:00,110.8842,4b6903c4536edae1
2021-05-28,2023-02-06,2023-02-07T22:00:00+00:00,110.7719,4b6903c4536edae1
2021-06-01,2023-02-06,2023-02-07T22:00:00+00:00,110.5192,4b6903c4536edae1
2021-06-02,2023-02-06,2023-02-07T22:00:00+00:00,110.5934,4b6903c4536edae1
2021-06-03,2023-02-06,2023-02-07T22:00:00+00:00,111.1913,4b6903c4536edae1
2021-06-04,2023-02-06,2023-02-07T22:00:00+00:00,110.7653,4b6903c4536edae1
2021-06-07,2023-02-06,2023-02-07T22:00:00+00:00,110.5281,4b6903c4536edae1
2021-06-08,2023-02-06,2023-02-07T22:00:00+00:00,110.6612,4b6903c4536edae1
2021-06-09,2023-02-06,2023-02-07T22:00:00+00:00,110.5821,4b6903c4536edae1
2021-06-10,2023-02-06,2023-02-07T22:00:00+00:00,110.5572,4b6903c4536edae1
2021-06-11,2023-02-06,2023-02-07T22:00:00+00:00,111.1056,4b6903c4536edae1
2021-06-14,2023-02-06,2023-02-07T22:00:00+00:00,110.9783,4b6903c4536edae1
2021-06-15,2023-02-06,2023-02-07T22:00:00+00:00,111.3641,4b6903c4536edae1
2021-06-16,2023-02-06,2023-02-07T22:00:00+00:00,111.1290,4b6903c4536edae1
2021-06-17,2023-02-06,2023-02-07T22:00:00+00:00,112.5876,4b6903c4536edae1
2021-06-18,2023-02-06,2023-02-07T22:00:00+00:00,113.0508,4b6903c4536edae1
2021-06-21,2023-02-06,2023-02-07T22:00:00+00:00,112.8505,4b6903c4536edae1
2021-06-22,2023-02-06,2023-02-07T22:00:00+00:00,112.9290,4b6903c4536edae1
2021-06-23,2023-02-06,2023-02-07T22:00:00+00:00,112.3929,4b6903c4536edae1
2021-06-24,2023-02-06,2023-02-07T22:00:00+00:00,112.3341,4b6903c4536edae1
2021-06-25,2023-02-06,2023-02-07T22:00:00+00:00,111.9722,4b6903c4536edae1
2021-06-28,2023-02-06,2023-02-07T22:00:00+00:00,112.0306,4b6903c4536edae1
2021-06-29,2023-02-06,2023-02-07T22:00:00+00:00,112.2665,4b6903c4536edae1
2021-06-30,2023-02-06,2023-02-07T22:00:00+00:00,112.5583,4b6903c4536edae1
2021-07-01,2023-02-06,2023-02-07T22:00:00+00:00,112.7458,4b6903c4536edae1
2021-07-02,2023-02-06,2023-02-07T22:00:00+00:00,112.5484,4b6903c4536edae1
2021-07-06,2023-02-06,2023-02-07T22:00:00+00:00,112.9573,4b6903c4536edae1
2021-07-07,2023-02-06,2023-02-07T22:00:00+00:00,113.1102,4b6903c4536edae1
2021-07-08,2023-02-06,2023-02-07T22:00:00+00:00,113.0834,4b6903c4536edae1
2021-07-09,2023-02-06,2023-02-07T22:00:00+00:00,112.8442,4b6903c4536edae1
2021-07-12,2023-02-06,2023-02-07T22:00:00+00:00,112.7675,4b6903c4536edae1
2021-07-13,2023-02-06,2023-02-07T22:00:00+00:00,113.0126,4b6903c4536edae1
2021-07-14,2023-02-06,2023-02-07T22:00:00+00:00,112.8852,4b6903c4536edae1
2021-07-15,2023-02-06,2023-02-07T22:00:00+00:00,113.0084,4b6903c4536edae1
2021-07-16,2023-02-06,2023-02-07T22:00:00+00:00,113.0461,4b6903c4536edae1
2021-07-19,2023-02-06,2023-02-07T22:00:00+00:00,113.5497,4b6903c4536edae1
2021-07-20,2023-02-06,2023-02-07T22:00:00+00:00,113.7536,4b6903c4536edae1
2021-07-21,2023-02-06,2023-02-07T22:00:00+00:00,113.3992,4b6903c4536edae1
2021-07-22,2023-02-06,2023-02-07T22:00:00+00:00,113.4759,4b6903c4536edae1
2021-07-23,2023-02-06,2023-02-07T22:00:00+00:00,113.4452,4b6903c4536edae1
2021-07-26,2023-02-06,2023-02-07T22:00:00+00:00,113.2306,4b6903c4536edae1
2021-07-27,2023-02-06,2023-02-07T22:00:00+00:00,113.2293,4b6903c4536edae1
2021-07-28,2023-02-06,2023-02-07T22:00:00+00:00,113.1870,4b6903c4536edae1
2021-07-29,2023-02-06,2023-02-07T22:00:00+00:00,112.4905,4b6903c4536edae1
2021-07-30,2023-02-06,2023-02-07T22:00:00+00:00,112.6785,4b6903c4536edae1
2021-08-02,2023-02-06,2023-02-07T22:00:00+00:00,112.6758,4b6903c4536edae1
2021-08-03,2023-02-06,2023-02-07T22:00:00+00:00,112.8304,4b6903c4536edae1
2021-08-04,2023-02-06,2023-02-07T22:00:00+00:00,112.9033,4b6903c4536edae1
2021-08-05,2023-02-06,2023-02-07T22:00:00+00:00,112.7754,4b6903c4536edae1
2021-08-06,2023-02-06,2023-02-07T22:00:00+00:00,113.3160,4b6903c4536edae1
2021-08-09,2023-02-06,2023-02-07T22:00:00+00:00,113.4594,4b6903c4536edae1
2021-08-10,2023-02-06,2023-02-07T22:00:00+00:00,113.5041,4b6903c4536edae1
2021-08-11,2023-02-06,2023-02-07T22:00:00+00:00,113.2884,4b6903c4536edae1
2021-08-12,2023-02-06,2023-02-07T22:00:00+00:00,113.2745,4b6903c4536edae1
2021-08-13,2023-02-06,2023-02-07T22:00:00+00:00,113.0676,4b6903c4536edae1
2021-08-16,2023-02-06,2023-02-07T22:00:00+00:00,113.1755,4b6903c4536edae1
2021-08-17,2023-02-06,2023-02-07T22:00:00+00:00,113.6227,4b6903c4536edae1
2021-08-18,2023-02-06,2023-02-07T22:00:00+00:00,113.7013,4b6903c4536edae1
2021-08-19,2023-02-06,2023-02-07T22:00:00+00:00,114.1151,4b6903c4536edae1
2021-08-20,2023-02-06,2023-02-07T22:00:00+00:00,114.5069,4b6903c4536edae1
2021-08-23,2023-02-06,2023-02-07T22:00:00+00:00,113.9500,4b6903c4536edae1
2021-08-24,2023-02-06,2023-02-07T22:00:00+00:00,113.6873,4b6903c4536edae1
2021-08-25,2023-02-06,2023-02-07T22:00:00+00:00,113.6395,4b6903c4536edae1
2021-08-26,2023-02-06,2023-02-07T22:00:00+00:00,113.7956,4b6903c4536edae1
2021-08-27,2023-02-06,2023-02-07T22:00:00+00:00,113.3479,4b6903c4536edae1
2021-08-30,2023-02-06,2023-02-07T22:00:00+00:00,113.2522,4b6903c4536edae1
2021-08-31,2023-02-06,2023-02-07T22:00:00+00:00,113.1132,4b6903c4536edae1
2021-09-01,2023-02-06,2023-02-07T22:00:00+00:00,112.8788,4b6903c4536edae1
2021-09-02,2023-02-06,2023-02-07T22:00:00+00:00,112.7926,4b6903c4536edae1
2021-09-03,2023-02-06,2023-02-07T22:00:00+00:00,112.5541,4b6903c4536edae1
2021-09-07,2023-02-06,2023-02-07T22:00:00+00:00,112.9845,4b6903c4536edae1
2021-09-08,2023-02-06,2023-02-07T22:00:00+00:00,113.2361,4b6903c4536edae1
2021-09-09,2023-02-06,2023-02-07T22:00:00+00:00,113.0482,4b6903c4536edae1
2021-09-10,2023-02-06,2023-02-07T22:00:00+00:00,112.9468,4b6903c4536edae1
2021-09-13,2023-02-06,2023-02-07T22:00:00+00:00,113.0380,4b6903c4536edae1
2021-09-14,2023-02-06,2023-02-07T22:00:00+00:00,113.0099,4b6903c4536edae1
2021-09-15,2023-02-06,2023-02-07T22:00:00+00:00,112.9810,4b6903c4536edae1
2021-09-16,2023-02-06,2023-02-07T22:00:00+00:00,113.3068,4b6903c4536edae1
2021-09-17,2023-02-06,2023-02-07T22:00:00+00:00,113.6015,4b6903c4536edae1
2021-09-20,2023-02-06,2023-02-07T22:00:00+00:00,113.9451,4b6903c4536edae1
2021-09-21,2023-02-06,2023-02-07T22:00:00+00:00,113.8209,4b6903c4536edae1
2021-09-22,2023-02-06,2023-02-07T22:00:00+00:00,113.6254,4b6903c4536edae1
2021-09-23,2023-02-06,2023-02-07T22:00:00+00:00,113.5174,4b6903c4536edae1
2021-09-24,2023-02-06,2023-02-07T22:00:00+00:00,113.7646,4b6903c4536edae1
2021-09-27,2023-02-06,2023-02-07T22:00:00+00:00,113.7484,4b6903c4536edae1
2021-09-28,2023-02-06,2023-02-07T22:00:00+00:00,114.2524,4b6903c4536edae1
2021-09-29,2023-02-06,2023-02-07T22:00:00+00:00,114.7142,4b6903c4536edae1
2021-09-30,2023-02-06,2023-02-07T22:00:00+00:00,114.6461,4b6903c4536edae1
2021-10-01,2023-02-06,2023-02-07T22:00:00+00:00,114.3857,4b6903c4536edae1
2021-10-04,2023-02-06,2023-02-07T22:00:00+00:00,114.2818,4b6903c4536edae1
2021-10-05,2023-02-06,2023-02-07T22:00:00+00:00,114.3740,4b6903c4536edae1
2021-10-06,2023-02-06,2023-02-07T22:00:00+00:00,114.7264,4b6903c4536edae1
2021-10-07,2023-02-06,2023-02-07T22:00:00+00:00,114.5133,4b6903c4536edae1
2021-10-08,2023-02-06,2023-02-07T22:00:00+00:00,114.6095,4b6903c4536edae1
2021-10-12,2023-02-06,2023-02-07T22:00:00+00:00,114.7658,4b6903c4536edae1
2021-10-13,2023-02-06,2023-02-07T22:00:00+00:00,114.4815,4b6903c4536edae1
2021-10-14,2023-02-06,2023-02-07T22:00:00+00:00,114.2175,4b6903c4536edae1
2021-10-15,2023-02-06,2023-02-07T22:00:00+00:00,114.1020,4b6903c4536edae1
2021-10-18,2023-02-06,2023-02-07T22:00:00+00:00,114.0008,4b6903c4536edae1
2021-10-19,2023-02-06,2023-02-07T22:00:00+00:00,113.6576,4b6903c4536edae1
2021-10-20,2023-02-06,2023-02-07T22:00:00+00:00,113.5194,4b6903c4536edae1
2021-10-21,2023-02-06,2023-02-07T22:00:00+00:00,113.6310,4b6903c4536edae1
2021-10-22,2023-02-06,2023-02-07T22:00:00+00:00,113.6810,4b6903c4536edae1
2021-10-25,2023-02-06,2023-02-07T22:00:00+00:00,113.6153,4b6903c4536edae1
2021-10-26,2023-02-06,2023-02-07T22:00:00+00:00,113.6842,4b6903c4536edae1
2021-10-27,2023-02-06,2023-02-07T22:00:00+00:00,113.6326,4b6903c4536edae1
2021-10-28,2023-02-06,2023-02-07T22:00:00+00:00,113.4520,4b6903c4536edae1
2021-10-29,2023-02-06,2023-02-07T22:00:00+00:00,114.1482,4b6903c4536edae1
2021-11-01,2023-02-06,2023-02-07T22:00:00+00:00,114.2237,4b6903c4536edae1
2021-11-02,2023-02-06,2023-02-07T22:00:00+00:00,114.2992,4b6903c4536edae1
2021-11-03,2023-02-06,2023-02-07T22:00:00+00:00,114.3753,4b6903c4536edae1
2021-11-04,2023-02-06,2023-02-07T22:00:00+00:00,114.3685,4b6903c4536edae1
2021-11-05,2023-02-06,2023-02-07T22:00:00+00:00,114.0846,4b6903c4536edae1
2021-11-08,2023-02-06,2023-02-07T22:00:00+00:00,113.8369,4b6903c4536edae1
2021-11-09,2023-02-06,2023-02-07T22:00:00+00:00,113.7721,4b6903c4536edae1
2021-11-10,2023-02-06,2023-02-07T22:00:00+00:00,114.1590,4b6903c4536edae1
2021-11-12,2023-02-06,2023-02-07T22:00:00+00:00,114.5230,4b6903c4536edae1
2021-11-15,2023-02-06,2023-02-07T22:00:00+00:00,114.5976,4b6903c4536edae1
2021-11-16,2023-02-06,2023-02-07T22:00:00+00:00,115.1462,4b6903c4536edae1
2021-11-17,2023-02-06,2023-02-07T22:00:00+00:00,115.0355,4b6903c4536edae1
2021-11-18,2023-02-06,2023-02-07T22:00:00+00:00,115.0777,4b6903c4536edae1
2021-11-19,2023-02-06,2023-02-07T22:00:00+00:00,115.2287,4b6903c4536edae1
2021-11-22,2023-02-06,2023-02-07T22:00:00+00:00,115.6582,4b6903c4536edae1
2021-11-23,2023-02-06,2023-02-07T22:00:00+00:00,116.0236,4b6903c4536edae1
2021-11-24,2023-02-06,2023-02-07T22:00:00+00:00,116.2838,4b6903c4536edae1
2021-11-26,2023-02-06,2023-02-07T22:00:00+00:00,116.5252,4b6903c4536edae1
2021-11-29,2023-02-06,2023-02-07T22:00:00+00:00,116.5945,4b6903c4536edae1
2021-11-30,2023-02-06,2023-02-07T22:00:00+00:00,116.2180,4b6903c4536edae1
2021-12-01,2023-02-06,2023-02-07T22:00:00+00:00,115.9000,4b6903c4536edae1
2021-12-02,2023-02-06,2023-02-07T22:00:00+00:00,116.0286,4b6903c4536edae1
2021-12-03,2023-02-06,2023-02-07T22:00:00+00:00,116.2488,4b6903c4536edae1
2021-12-06,2023-02-06,2023-02-07T22:00:00+00:00,116.1633,4b6903c4536edae1
2021-12-07,2023-02-06,2023-02-07T22:00:00+00:00,115.8650,4b6903c4536edae1
2021-12-08,2023-02-06,2023-02-07T22:00:00+00:00,115.4509,4b6903c4536edae1
2021-12-09,2023-02-06,2023-02-07T22:00:00+00:00,115.7870,4b6903c4536edae1
2021-12-10,2023-02-06,2023-02-07T22:00:00+00:00,115.5818,4b6903c4536edae1
2021-12-13,2023-02-06,2023-02-07T22:00:00+00:00,115.8501,4b6903c4536edae1
2021-12-14,2023-02-06,2023-02-07T22:00:00+00:00,116.2484,4b6903c4536edae1
2021-12-15,2023-02-06,2023-02-07T22:00:00+00:00,116.4301,4b6903c4536edae1
2021-12-16,2023-02-06,2023-02-07T22:00:00+00:00,115.7231,4b6903c4536edae1
2021-12-17,2023-02-06,2023-02-07T22:00:00+00:00,115.7976,4b6903c4536edae1
2021-12-20,2023-02-06,2023-02-07T22:00:00+00:00,116.0153,4b6903c4536edae1
2021-12-21,2023-02-06,2023-02-07T22:00:00+00:00,116.1156,4b6903c4536edae1
2021-12-22,2023-02-06,2023-02-07T22:00:00+00:00,115.7568,4b6903c4536edae1
2021-12-23,2023-02-06,2023-02-07T22:00:00+00:00,115.5426,4b6903c4536edae1
2021-12-27,2023-02-06,2023-02-07T22:00:00+00:00,115.4779,4b6903c4536edae1
2021-12-28,2023-02-06,2023-02-07T22:00:00+00:00,115.4279,4b6903c4536edae1
2021-12-29,2023-02-06,2023-02-07T22:00:00+00:00,115.3773,4b6903c4536edae1
2021-12-30,2023-02-06,2023-02-07T22:00:00+00:00,115.2924,4b6903c4536edae1
2022-01-03,2023-02-06,2023-02-07T22:00:00+00:00,115.4102,4b6903c4536edae1
2022-01-04,2023-02-06,2023-02-07T22:00:00+00:00,115.3238,4b6903c4536edae1
2022-01-05,2023-02-06,2023-02-07T22:00:00+00:00,115.1558,4b6903c4536edae1
2022-01-06,2023-02-06,2023-02-07T22:00:00+00:00,115.4221,4b6903c4536edae1
2022-01-07,2023-02-06,2023-02-07T22:00:00+00:00,115.0641,4b6903c4536edae1
2022-01-10,2023-02-06,2023-02-07T22:00:00+00:00,115.2341,4b6903c4536edae1
2022-01-11,2023-02-06,2023-02-07T22:00:00+00:00,114.8520,4b6903c4536edae1
2022-01-12,2023-02-06,2023-02-07T22:00:00+00:00,114.3798,4b6903c4536edae1
2022-01-13,2023-02-06,2023-02-07T22:00:00+00:00,114.2084,4b6903c4536edae1
2022-01-14,2023-02-06,2023-02-07T22:00:00+00:00,114.4045,4b6903c4536edae1
2022-01-18,2023-02-06,2023-02-07T22:00:00+00:00,114.7533,4b6903c4536edae1
2022-01-19,2023-02-06,2023-02-07T22:00:00+00:00,114.6272,4b6903c4536edae1
2022-01-20,2023-02-06,2023-02-07T22:00:00+00:00,114.4819,4b6903c4536edae1
2022-01-21,2023-02-06,2023-02-07T22:00:00+00:00,114.6262,4b6903c4536edae1
2022-01-24,2023-02-06,2023-02-07T22:00:00+00:00,115.2085,4b6903c4536edae1
2022-01-25,2023-02-06,2023-02-07T22:00:00+00:00,115.1693,4b6903c4536edae1
2022-01-26,2023-02-06,2023-02-07T22:00:00+00:00,115.1017,4b6903c4536edae1
2022-01-27,2023-02-06,2023-02-07T22:00:00+00:00,115.9723,4b6903c4536edae1
2022-01-28,2023-02-06,2023-02-07T22:00:00+00:00,116.0306,4b6903c4536edae1
2022-01-31,2023-02-06,2023-02-07T22:00:00+00:00,115.5667,4b6903c4536edae1
2022-02-01,2023-02-06,2023-02-07T22:00:00+00:00,115.3726,4b6903c4536edae1
2022-02-02,2023-02-06,2023-02-07T22:00:00+00:00,115.1617,4b6903c4536edae1
2022-02-03,2023-02-06,2023-02-07T22:00:00+00:00,114.9240,4b6903c4536edae1
2022-02-04,2023-02-06,2023-02-07T22:00:00+00:00,115.1489,4b6903c4536edae1
2022-02-07,2023-02-06,2023-02-07T22:00:00+00:00,115.0220,4b6903c4536edae1
2022-02-08,2023-02-06,2023-02-07T22:00:00+00:00,115.1010,4b6903c4536edae1
2022-02-09,2023-02-06,2023-02-07T22:00:00+00:00,114.8360,4b6903c4536edae1
2022-02-10,2023-02-06,2023-02-07T22:00:00+00:00,114.5711,4b6903c4536edae1
2022-02-11,2023-02-06,2023-02-07T22:00:00+00:00,114.8568,4b6903c4536edae1
2022-02-14,2023-02-06,2023-02-07T22:00:00+00:00,115.2012,4b6903c4536edae1
2022-02-15,2023-02-06,2023-02-07T22:00:00+00:00,114.9348,4b6903c4536edae1
2022-02-16,2023-02-06,2023-02-07T22:00:00+00:00,114.6971,4b6903c4536edae1
2022-02-17,2023-02-06,2023-02-07T22:00:00+00:00,114.6867,4b6903c4536edae1
2022-02-18,2023-02-06,2023-02-07T22:00:00+00:00,114.8057,4b6903c4536edae1
2022-02-22,2023-02-06,2023-02-07T22:00:00+00:00,114.7172,4b6903c4536edae1
2022-02-23,2023-02-06,2023-02-07T22:00:00+00:00,114.6853,4b6903c4536edae1
2022-02-24,2023-02-06,2023-02-07T22:00:00+00:00,115.9586,4b6903c4536edae1
2022-02-25,2023-02-06,2023-02-07T22:00:00+00:00,115.2742,4b6903c4536edae1
2022-02-28,2023-02-06,2023-02-07T22:00:00+00:00,115.2931,4b6903c4536edae1
2022-03-01,2023-02-06,2023-02-07T22:00:00+00:00,115.8831,4b6903c4536edae1
2022-03-02,2023-02-06,2023-02-07T22:00:00+00:00,115.8281,4b6903c4536edae1
2022-03-03,2023-02-06,2023-02-07T22:00:00+00:00,116.0198,4b6903c4536edae1
2022-03-04,2023-02-06,2023-02-07T22:00:00+00:00,116.7299,4b6903c4536edae1
2022-03-07,2023-02-06,2023-02-07T22:00:00+00:00,117.4591,4b6903c4536edae1
2022-03-08,2023-02-06,2023-02-07T22:00:00+00:00,117.7000,4b6903c4536edae1
2022-03-09,2023-02-06,2023-02-07T22:00:00+00:00,116.7173,4b6903c4536edae1
2022-03-10,2023-02-06,2023-02-07T22:00:00+00:00,116.8532,4b6903c4536edae1
2022-03-11,2023-02-06,2023-02-07T22:00:00+00:00,117.1274,4b6903c4536edae1
2022-03-14,2023-02-06,2023-02-07T22:00:00+00:00,117.2438,4b6903c4536edae1
2022-03-15,2023-02-06,2023-02-07T22:00:00+00:00,117.3029,4b6903c4536edae1
2022-03-16,2023-02-06,2023-02-07T22:00:00+00:00,116.8654,4b6903c4536edae1
2022-03-17,2023-02-06,2023-02-07T22:00:00+00:00,116.1148,4b6903c4536edae1
2022-03-18,2023-02-06,2023-02-07T22:00:00+00:00,116.2161,4b6903c4536edae1
2022-03-21,2023-02-06,2023-02-07T22:00:00+00:00,116.0252,4b6903c4536edae1
2022-03-22,2023-02-06,2023-02-07T22:00:00+00:00,116.1654,4b6903c4536edae1
2022-03-23,2023-02-06,2023-02-07T22:00:00+00:00,116.0702,4b6903c4536edae1
2022-03-24,2023-02-06,2023-02-07T22:00:00+00:00,116.0328,4b6903c4536edae1
2022-03-25,2023-02-06,2023-02-07T22:00:00+00:00,115.8678,4b6903c4536edae1
2022-03-28,2023-02-06,2023-02-07T22:00:00+00:00,116.2449,4b6903c4536edae1
2022-03-29,2023-02-06,2023-02-07T22:00:00+00:00,115.6164,4b6903c4536edae1
2022-03-30,2023-02-06,2023-02-07T22:00:00+00:00,115.1226,4b6903c4536edae1
2022-03-31,2023-02-06,2023-02-07T22:00:00+00:00,115.2445,4b6903c4536edae1
2022-04-01,2023-02-06,2023-02-07T22:00:00+00:00,115.5139,4b6903c4536edae1
2022-04-04,2023-02-06,2023-02-07T22:00:00+00:00,115.4466,4b6903c4536edae1
2022-04-05,2023-02-06,2023-02-07T22:00:00+00:00,115.7518,4b6903c4536edae1
2022-04-06,2023-02-06,2023-02-07T22:00:00+00:00,116.0177,4b6903c4536edae1
2022-04-07,2023-02-06,2023-02-07T22:00:00+00:00,116.3496,4b6903c4536edae1
2022-04-08,2023-02-06,2023-02-07T22:00:00+00:00,116.4177,4b6903c4536edae1
2022-04-11,2023-02-06,2023-02-07T22:00:00+00:00,116.5583,4b6903c4536edae1
2022-04-12,2023-02-06,2023-02-07T22:00:00+00:00,116.4058,4b6903c4536edae1
2022-04-13,2023-02-06,2023-02-07T22:00:00+00:00,116.2932,4b6903c4536edae1
2022-04-14,2023-02-06,2023-02-07T22:00:00+00:00,116.7606,4b6903c4536edae1
2022-04-15,2023-02-06,2023-02-07T22:00:00+00:00,116.7137,4b6903c4536edae1
2022-04-18,2023-02-06,2023-02-07T22:00:00+00:00,116.8545,4b6903c4536edae1
2022-04-19,2023-02-06,2023-02-07T22:00:00+00:00,117.1443,4b6903c4536edae1
2022-04-20,2023-02-06,2023-02-07T22:00:00+00:00,116.7633,4b6903c4536edae1
2022-04-21,2023-02-06,2023-02-07T22:00:00+00:00,117.1711,4b6903c4536edae1
2022-04-22,2023-02-06,2023-02-07T22:00:00+00:00,118.0334,4b6903c4536edae1
2022-04-25,2023-02-06,2023-02-07T22:00:00+00:00,118.6324,4b6903c4536edae1
2022-04-26,2023-02-06,2023-02-07T22:00:00+00:00,118.9579,4b6903c4536edae1
2022-04-27,2023-02-06,2023-02-07T22:00:00+00:00,119.4542,4b6903c4536edae1
2022-04-28,2023-02-06,2023-02-07T22:00:00+00:00,120.0505,4b6903c4536edae1
2022-04-29,2023-02-06,2023-02-07T22:00:00+00:00,119.4772,4b6903c4536edae1
2022-05-02,2023-02-06,2023-02-07T22:00:00+00:00,119.8619,4b6903c4536edae1
2022-05-03,2023-02-06,2023-02-07T22:00:00+00:00,119.6770,4b6903c4536edae1
2022-05-04,2023-02-06,2023-02-07T22:00:00+00:00,119.5197,4b6903c4536edae1
2022-05-05,2023-02-06,2023-02-07T22:00:00+00:00,119.9567,4b6903c4536edae1
2022-05-06,2023-02-06,2023-02-07T22:00:00+00:00,119.8387,4b6903c4536edae1
2022-05-09,2023-02-06,2023-02-07T22:00:00+00:00,120.4824,4b6903c4536edae1
2022-05-10,2023-02-06,2023-02-07T22:00:00+00:00,120.7609,4b6903c4536edae1
2022-05-11,2023-02-06,2023-02-07T22:00:00+00:00,120.3613,4b6903c4536edae1
2022-05-12,2023-02-06,2023-02-07T22:00:00+00:00,121.2339,4b6903c4536edae1
2022-05-13,2023-02-06,2023-02-07T22:00:00+00:00,120.8099,4b6903c4536edae1
2022-05-16,2023-02-06,2023-02-07T22:00:00+00:00,120.6536,4b6903c4536edae1
2022-05-17,2023-02-06,2023-02-07T22:00:00+00:00,119.8656,4b6903c4536edae1
2022-05-18,2023-02-06,2023-02-07T22:00:00+00:00,119.9986,4b6903c4536edae1
2022-05-19,2023-02-06,2023-02-07T22:00:00+00:00,119.3928,4b6903c4536edae1
2022-05-20,2023-02-06,2023-02-07T22:00:00+00:00,119.3220,4b6903c4536edae1
2022-05-23,2023-02-06,2023-02-07T22:00:00+00:00,118.6605,4b6903c4536edae1
2022-05-24,2023-02-06,2023-02-07T22:00:00+00:00,118.5609,4b6903c4536edae1
2022-05-25,2023-02-06,2023-02-07T22:00:00+00:00,118.9145,4b6903c4536edae1
2022-05-26,2023-02-06,2023-02-07T22:00:00+00:00,118.7586,4b6903c4536edae1
2022-05-27,2023-02-06,2023-02-07T22:00:00+00:00,118.2787,4b6903c4536edae1
2022-05-31,2023-02-06,2023-02-07T22:00:00+00:00,118.0559,4b6903c4536edae1
2022-06-01,2023-02-06,2023-02-07T22:00:00+00:00,118.6793,4b6903c4536edae1
2022-06-02,2023-02-06,2023-02-07T22:00:00+00:00,118.0589,4b6903c4536edae1
2022-06-03,2023-02-06,2023-02-07T22:00:00+00:00,118.2054,4b6903c4536edae1
2022-06-06,2023-02-06,2023-02-07T22:00:00+00:00,118.2782,4b6903c4536edae1
2022-06-07,2023-02-06,2023-02-07T22:00:00+00:00,118.4232,4b6903c4536edae1
2022-06-08,2023-02-06,2023-02-07T22:00:00+00:00,118.3824,4b6903c4536edae1
2022-06-09,2023-02-06,2023-02-07T22:00:00+00:00,118.8836,4b6903c4536edae1
2022-06-10,2023-02-06,2023-02-07T22:00:00+00:00,119.9422,4b6903c4536edae1
2022-06-13,2023-02-06,2023-02-07T22:00:00+00:00,121.0807,4b6903c4536edae1
2022-06-14,2023-02-06,2023-02-07T22:00:00+00:00,121.5898,4b6903c4536edae1
2022-06-15,2023-02-06,2023-02-07T22:00:00+00:00,121.5462,4b6903c4536edae1
2022-06-16,2023-02-06,2023-02-07T22:00:00+00:00,120.5963,4b6903c4536edae1
2022-06-17,2023-02-06,2023-02-07T22:00:00+00:00,121.1529,4b6903c4536edae1
2022-06-21,2023-02-06,2023-02-07T22:00:00+00:00,120.5505,4b6903c4536edae1
2022-06-22,2023-02-06,2023-02-07T22:00:00+00:00,120.4383,4b6903c4536edae1
2022-06-23,2023-02-06,2023-02-07T22:00:00+00:00,120.6703,4b6903c4536edae1
2022-06-24,2023-02-06,2023-02-07T22:00:00+00:00,120.3971,4b6903c4536edae1
2022-06-27,2023-02-06,2023-02-07T22:00:00+00:00,120.0907,4b6903c4536edae1
2022-06-28,2023-02-06,2023-02-07T22:00:00+00:00,120.5248,4b6903c4536edae1
2022-06-29,2023-02-06,2023-02-07T22:00:00+00:00,120.8569,4b6903c4536edae1
2022-06-30,2023-02-06,2023-02-07T22:00:00+00:00,120.8719,4b6903c4536edae1
2022-07-01,2023-02-06,2023-02-07T22:00:00+00:00,121.3983,4b6903c4536edae1
2022-07-05,2023-02-06,2023-02-07T22:00:00+00:00,122.5303,4b6903c4536edae1
2022-07-06,2023-02-06,2023-02-07T22:00:00+00:00,122.9059,4b6903c4536edae1
2022-07-07,2023-02-06,2023-02-07T22:00:00+00:00,122.6334,4b6903c4536edae1
2022-07-08,2023-02-06,2023-02-07T22:00:00+00:00,122.3794,4b6903c4536edae1
2022-07-11,2023-02-06,2023-02-07T22:00:00+00:00,123.1972,4b6903c4536edae1
2022-07-12,2023-02-06,2023-02-07T22:00:00+00:00,123.3302,4b6903c4536edae1
2022-07-13,2023-02-06,2023-02-07T22:00:00+00:00,123.1654,4b6903c4536edae1
2022-07-14,2023-02-06,2023-02-07T22:00:00+00:00,123.9404,4b6903c4536edae1
2022-07-15,2023-02-06,2023-02-07T22:00:00+00:00,123.3601,4b6903c4536edae1
2022-07-18,2023-02-06,2023-02-07T22:00:00+00:00,122.6637,4b6903c4536edae1
2022-07-19,2023-02-06,2023-02-07T22:00:00+00:00,122.3745,4b6903c4536edae1
2022-07-20,2023-02-06,2023-02-07T22:00:00+00:00,122.4864,4b6903c4536edae1
2022-07-21,2023-02-06,2023-02-07T22:00:00+00:00,122.8004,4b6903c4536edae1
2022-07-22,2023-02-06,2023-02-07T22:00:00+00:00,122.3473,4b6903c4536edae1
2022-07-25,2023-02-06,2023-02-07T22:00:00+00:00,122.3579,4b6903c4536edae1
2022-07-26,2023-02-06,2023-02-07T22:00:00+00:00,122.6609,4b6903c4536edae1
2022-07-27,2023-02-06,2023-02-07T22:00:00+00:00,122.7174,4b6903c4536edae1
2022-07-28,2023-02-06,2023-02-07T22:00:00+00:00,122.0240,4b6903c4536edae1
2022-07-29,2023-02-06,2023-02-07T22:00:00+00:00,121.6934,4b6903c4536edae1
2022-08-01,2023-02-06,2023-02-07T22:00:00+00:00,121.3454,4b6903c4536edae1
2022-08-02,2023-02-06,2023-02-07T22:00:00+00:00,121.8569,4b6903c4536edae1
2022-08-03,2023-02-06,2023-02-07T22:00:00+00:00,122.2930,4b6903c4536edae1
2022-08-04,2023-02-06,2023-02-07T22:00:00+00:00,121.7517,4b6903c4536edae1
2022-08-05,2023-02-06,2023-02-07T22:00:00+00:00,122.2345,4b6903c4536edae1
2022-08-08,2023-02-06,2023-02-07T22:00:00+00:00,121.7944,4b6903c4536edae1
2022-08-09,2023-02-06,2023-02-07T22:00:00+00:00,121.7824,4b6903c4536edae1
2022-08-10,2023-02-06,2023-02-07T22:00:00+00:00,120.6894,4b6903c4536edae1
2022-08-11,2023-02-06,2023-02-07T22:00:00+00:00,120.6550,4b6903c4536edae1
2022-08-12,2023-02-06,2023-02-07T22:00:00+00:00,120.9499,4b6903c4536edae1
2022-08-15,2023-02-06,2023-02-07T22:00:00+00:00,121.3583,4b6903c4536edae1
2022-08-16,2023-02-06,2023-02-07T22:00:00+00:00,121.6112,4b6903c4536edae1
2022-08-17,2023-02-06,2023-02-07T22:00:00+00:00,121.9910,4b6903c4536edae1
2022-08-18,2023-02-06,2023-02-07T22:00:00+00:00,122.2758,4b6903c4536edae1
2022-08-19,2023-02-06,2023-02-07T22:00:00+00:00,122.9575,4b6903c4536edae1
2022-08-22,2023-02-06,2023-02-07T22:00:00+00:00,123.5096,4b6903c4536edae1
2022-08-23,2023-02-06,2023-02-07T22:00:00+00:00,122.9691,4b6903c4536edae1
2022-08-24,2023-02-06,2023-02-07T22:00:00+00:00,123.0226,4b6903c4536edae1
2022-08-25,2023-02-06,2023-02-07T22:00:00+00:00,122.9714,4b6903c4536edae1
2022-08-26,2023-02-06,2023-02-07T22:00:00+00:00,122.9847,4b6903c4536edae1
2022-08-29,2023-02-06,2023-02-07T22:00:00+00:00,123.3931,4b6903c4536edae1
2022-08-30,2023-02-06,2023-02-07T22:00:00+00:00,123.6070,4b6903c4536edae1
2022-08-31,2023-02-06,2023-02-07T22:00:00+00:00,123.4535,4b6903c4536edae1
2022-09-01,2023-02-06,2023-02-07T22:00:00+00:00,124.3064,4b6903c4536edae1
2022-09-02,2023-02-06,2023-02-07T22:00:00+00:00,123.6919,4b6903c4536edae1
2022-09-06,2023-02-06,2023-02-07T22:00:00+00:00,124.6871,4b6903c4536edae1
2022-09-07,2023-02-06,2023-02-07T22:00:00+00:00,124.7649,4b6903c4536edae1
2022-09-08,2023-02-06,2023-02-07T22:00:00+00:00,124.5036,4b6903c4536edae1
2022-09-09,2023-02-06,2023-02-07T22:00:00+00:00,123.7185,4b6903c4536edae1
2022-09-12,2023-02-06,2023-02-07T22:00:00+00:00,123.2800,4b6903c4536edae1
2022-09-13,2023-02-06,2023-02-07T22:00:00+00:00,124.3481,4b6903c4536edae1
2022-09-14,2023-02-06,2023-02-07T22:00:00+00:00,124.3788,4b6903c4536edae1
2022-09-15,2023-02-06,2023-02-07T22:00:00+00:00,124.8118,4b6903c4536edae1
2022-09-16,2023-02-06,2023-02-07T22:00:00+00:00,124.8039,4b6903c4536edae1
2022-09-19,2023-02-06,2023-02-07T22:00:00+00:00,124.9384,4b6903c4536edae1
2022-09-20,2023-02-06,2023-02-07T22:00:00+00:00,125.0583,4b6903c4536edae1
2022-09-21,2023-02-06,2023-02-07T22:00:00+00:00,125.6664,4b6903c4536edae1
2022-09-22,2023-02-06,2023-02-07T22:00:00+00:00,126.0729,4b6903c4536edae1
2022-09-23,2023-02-06,2023-02-07T22:00:00+00:00,127.1690,4b6903c4536edae1
2022-09-26,2023-02-06,2023-02-07T22:00:00+00:00,128.3196,4b6903c4536edae1
2022-09-27,2023-02-06,2023-02-07T22:00:00+00:00,128.3198,4b6903c4536edae1
2022-09-28,2023-02-06,2023-02-07T22:00:00+00:00,127.9785,4b6903c4536edae1
2022-09-29,2023-02-06,2023-02-07T22:00:00+00:00,127.4238,4b6903c4536edae1
2022-09-30,2023-02-06,2023-02-07T22:00:00+00:00,127.4039,4b6903c4536edae1
2022-10-03,2023-02-06,2023-02-07T22:00:00+00:00,126.9770,4b6903c4536edae1
2022-10-04,2023-02-06,2023-02-07T22:00:00+00:00,126.1065,4b6903c4536edae1
2022-10-05,2023-02-06,2023-02-07T22:00:00+00:00,126.7759,4b6903c4536edae1
2022-10-06,2023-02-06,2023-02-07T22:00:00+00:00,127.1507,4b6903c4536edae1
2022-10-07,2023-02-06,2023-02-07T22:00:00+00:00,127.2150,4b6903c4536edae1
2022-10-11,2023-02-06,2023-02-07T22:00:00+00:00,127.5866,4b6903c4536edae1
2022-10-12,2023-02-06,2023-02-07T22:00:00+00:00,128.0611,4b6903c4536edae1
2022-10-13,2023-02-06,2023-02-07T22:00:00+00:00,127.6538,4b6903c4536edae1
2022-10-14,2023-02-06,2023-02-07T22:00:00+00:00,128.2418,4b6903c4536edae1
2022-10-17,2023-02-06,2023-02-07T22:00:00+00:00,127.5780,4b6903c4536edae1
2022-10-18,2023-02-06,2023-02-07T22:00:00+00:00,127.8430,4b6903c4536edae1
2022-10-19,2023-02-06,2023-02-07T22:00:00+00:00,128.3211,4b6903c4536edae1
2022-10-20,2023-02-06,2023-02-07T22:00:00+00:00,127.9346,4b6903c4536edae1
2022-10-21,2023-02-06,2023-02-07T22:00:00+00:00,127.6060,4b6903c4536edae1
2022-10-24,2023-02-06,2023-02-07T22:00:00+00:00,127.9692,4b6903c4536edae1
2022-10-25,2023-02-06,2023-02-07T22:00:00+00:00,127.3311,4b6903c4536edae1
2022-10-26,2023-02-06,2023-02-07T22:00:00+00:00,126.4195,4b6903c4536edae1
2022-10-27,2023-02-06,2023-02-07T22:00:00+00:00,126.6541,4b6903c4536edae1
2022-10-28,2023-02-06,2023-02-07T22:00:00+00:00,127.1645,4b6903c4536edae1
2022-10-31,2023-02-06,2023-02-07T22:00:00+00:00,127.5786,4b6903c4536edae1
2022-11-01,2023-02-06,2023-02-07T22:00:00+00:00,127.3480,4b6903c4536edae1
2022-11-02,2023-02-06,2023-02-07T22:00:00+00:00,127.2652,4b6903c4536edae1
2022-11-03,2023-02-06,2023-02-07T22:00:00+00:00,128.1087,4b6903c4536edae1
2022-11-04,2023-02-06,2023-02-07T22:00:00+00:00,127.1053,4b6903c4536edae1
2022-11-07,2023-02-06,2023-02-07T22:00:00+00:00,126.2613,4b6903c4536edae1
2022-11-08,2023-02-06,2023-02-07T22:00:00+00:00,125.6077,4b6903c4536edae1
2022-11-09,2023-02-06,2023-02-07T22:00:00+00:00,125.9479,4b6903c4536edae1
2022-11-10,2023-02-06,2023-02-07T22:00:00+00:00,124.6714,4b6903c4536edae1
2022-11-14,2023-02-06,2023-02-07T22:00:00+00:00,123.3884,4b6903c4536edae1
2022-11-15,2023-02-06,2023-02-07T22:00:00+00:00,122.9951,4b6903c4536edae1
2022-11-16,2023-02-06,2023-02-07T22:00:00+00:00,123.2430,4b6903c4536edae1
2022-11-17,2023-02-06,2023-02-07T22:00:00+00:00,123.9460,4b6903c4536edae1
2022-11-18,2023-02-06,2023-02-07T22:00:00+00:00,123.8169,4b6903c4536edae1
2022-11-21,2023-02-06,2023-02-07T22:00:00+00:00,124.6611,4b6903c4536edae1
2022-11-22,2023-02-06,2023-02-07T22:00:00+00:00,124.1986,4b6903c4536edae1
2022-11-23,2023-02-06,2023-02-07T22:00:00+00:00,123.7340,4b6903c4536edae1
2022-11-25,2023-02-06,2023-02-07T22:00:00+00:00,123.3171,4b6903c4536edae1
2022-11-28,2023-02-06,2023-02-07T22:00:00+00:00,123.5866,4b6903c4536edae1
2022-11-29,2023-02-06,2023-02-07T22:00:00+00:00,123.6284,4b6903c4536edae1
2022-11-30,2023-02-06,2023-02-07T22:00:00+00:00,123.4670,4b6903c4536edae1
2022-12-01,2023-02-06,2023-02-07T22:00:00+00:00,121.9697,4b6903c4536edae1
2022-12-02,2023-02-06,2023-02-07T22:00:00+00:00,121.9745,4b6903c4536edae1
2022-12-05,2023-02-06,2023-02-07T22:00:00+00:00,122.5802,4b6903c4536edae1
2022-12-06,2023-02-06,2023-02-07T22:00:00+00:00,122.9649,4b6903c4536edae1
2022-12-07,2023-02-06,2023-02-07T22:00:00+00:00,122.7015,4b6903c4536edae1
2022-12-08,2023-02-06,2023-02-07T22:00:00+00:00,122.3684,4b6903c4536edae1
2022-12-09,2023-02-06,2023-02-07T22:00:00+00:00,122.3712,4b6903c4536edae1
2022-12-12,2023-02-06,2023-02-07T22:00:00+00:00,122.7245,4b6903c4536edae1
2022-12-13,2023-02-06,2023-02-07T22:00:00+00:00,121.8116,4b6903c4536edae1
2022-12-14,2023-02-06,2023-02-07T22:00:00+00:00,121.7922,4b6903c4536edae1
2022-12-15,2023-02-06,2023-02-07T22:00:00+00:00,122.5201,4b6903c4536edae1
2022-12-16,2023-02-06,2023-02-07T22:00:00+00:00,122.6127,4b6903c4536edae1
2022-12-19,2023-02-06,2023-02-07T22:00:00+00:00,122.5102,4b6903c4536edae1
2022-12-20,2023-02-06,2023-02-07T22:00:00+00:00,122.1117,4b6903c4536edae1
2022-12-21,2023-02-06,2023-02-07T22:00:00+00:00,122.2665,4b6903c4536edae1
2022-12-22,2023-02-06,2023-02-07T22:00:00+00:00,122.2105,4b6903c4536edae1
2022-12-23,2023-02-06,2023-02-07T22:00:00+00:00,121.9579,4b6903c4536edae1
2022-12-27,2023-02-06,2023-02-07T22:00:00+00:00,121.7378,4b6903c4536edae1
2022-12-28,2023-02-06,2023-02-07T22:00:00+00:00,121.9983,4b6903c4536edae1
2022-12-29,2023-02-06,2023-02-07T22:00:00+00:00,121.6556,4b6903c4536edae1
2022-12-30,2023-02-06,2023-02-07T22:00:00+00:00,121.4047,4b6903c4536edae1
2023-01-03,2023-02-06,2023-02-07T22:00:00+00:00,122.0410,4b6903c4536edae1
2023-01-04,2023-02-06,2023-02-07T22:00:00+00:00,121.4767,4b6903c4536edae1
2023-01-05,2023-02-06,2023-02-07T22:00:00+00:00,122.0316,4b6903c4536edae1
2023-01-06,2023-02-06,2023-02-07T22:00:00+00:00,121.0440,4b6903c4536edae1
2023-01-09,2023-02-06,2023-02-07T22:00:00+00:00,120.0928,4b6903c4536edae1
2023-01-10,2023-02-06,2023-02-07T22:00:00+00:00,120.1881,4b6903c4536edae1
2023-01-11,2023-02-06,2023-02-07T22:00:00+00:00,120.0968,4b6903c4536edae1
2023-01-12,2023-02-06,2023-02-07T22:00:00+00:00,119.3624,4b6903c4536edae1
2023-01-13,2023-02-06,2023-02-07T22:00:00+00:00,119.0901,4b6903c4536edae1
2023-01-17,2023-02-06,2023-02-07T22:00:00+00:00,119.1802,4b6903c4536edae1
2023-01-18,2023-02-06,2023-02-07T22:00:00+00:00,119.0426,4b6903c4536edae1
2023-01-19,2023-02-06,2023-02-07T22:00:00+00:00,119.5592,4b6903c4536edae1
2023-01-20,2023-02-06,2023-02-07T22:00:00+00:00,119.3251,4b6903c4536edae1
2023-01-23,2023-02-06,2023-02-07T22:00:00+00:00,119.1417,4b6903c4536edae1
2023-01-24,2023-02-06,2023-02-07T22:00:00+00:00,119.0923,4b6903c4536edae1
2023-01-25,2023-02-06,2023-02-07T22:00:00+00:00,118.9715,4b6903c4536edae1
2023-01-26,2023-02-06,2023-02-07T22:00:00+00:00,119.0236,4b6903c4536edae1
2023-01-27,2023-02-06,2023-02-07T22:00:00+00:00,118.9295,4b6903c4536edae1
2023-01-30,2023-02-06,2023-02-07T22:00:00+00:00,118.8786,4b6903c4536edae1
2023-01-31,2023-02-06,2023-02-07T22:00:00+00:00,118.9619,4b6903c4536edae1
2023-02-01,2023-02-06,2023-02-07T22:00:00+00:00,118.6101,4b6903c4536edae1
2023-02-02,2023-02-06,2023-02-07T22:00:00+00:00,118.3164,4b6903c4536edae1
2023-02-03,2023-02-06,2023-02-07T22:00:00+00:00,119.4642,4b6903c4536edae1
2023-02-06,2023-02-13,2023-02-14T22:00:00+00:00,120.4610,3a10400fcdc0601b
2023-02-07,2023-02-13,2023-02-14T22:00:00+00:00,120.2808,3a10400fcdc0601b
2023-02-08,2023-02-13,2023-02-14T22:00:00+00:00,120.1010,3a10400fcdc0601b
2023-02-09,2023-02-13,2023-02-14T22:00:00+00:00,119.9425,3a10400fcdc0601b
2023-02-10,2023-02-13,2023-02-14T22:00:00+00:00,120.1228,3a10400fcdc0601b
2023-02-13,2023-02-21,2023-02-22T22:00:00+00:00,119.9952,2bb1f9d4a3976f2b
2023-02-14,2023-02-21,2023-02-22T22:00:00+00:00,119.9426,2bb1f9d4a3976f2b
2023-02-15,2023-02-21,2023-02-22T22:00:00+00:00,120.4772,2bb1f9d4a3976f2b
2023-02-16,2023-02-21,2023-02-22T22:00:00+00:00,120.4938,2bb1f9d4a3976f2b
2023-02-17,2023-02-21,2023-02-22T22:00:00+00:00,120.5898,2bb1f9d4a3976f2b
2023-02-21,2023-02-27,2023-02-28T22:00:00+00:00,120.6705,b08a266a2317662c
2023-02-22,2023-02-27,2023-02-28T22:00:00+00:00,120.8904,b08a266a2317662c
2023-02-23,2023-02-27,2023-02-28T22:00:00+00:00,121.1348,b08a266a2317662c
2023-02-24,2023-02-27,2023-02-28T22:00:00+00:00,121.6304,b08a266a2317662c
2023-02-27,2023-03-06,2023-03-07T22:00:00+00:00,121.4665,67bd3d741cf2bf8b
2023-02-28,2023-03-06,2023-03-07T22:00:00+00:00,121.4065,67bd3d741cf2bf8b
2023-03-01,2023-03-06,2023-03-07T22:00:00+00:00,120.6963,67bd3d741cf2bf8b
2023-03-02,2023-03-06,2023-03-07T22:00:00+00:00,121.1967,67bd3d741cf2bf8b
2023-03-03,2023-03-06,2023-03-07T22:00:00+00:00,120.8531,67bd3d741cf2bf8b
2023-03-06,2023-03-13,2023-03-14T22:00:00+00:00,120.5949,f31235fb1685ab45
2023-03-07,2023-03-13,2023-03-14T22:00:00+00:00,121.5364,f31235fb1685ab45
2023-03-08,2023-03-13,2023-03-14T22:00:00+00:00,121.5306,f31235fb1685ab45
2023-03-09,2023-03-13,2023-03-14T22:00:00+00:00,121.5307,f31235fb1685ab45
2023-03-10,2023-03-13,2023-03-14T22:00:00+00:00,121.2924,f31235fb1685ab45
2023-03-13,2023-03-20,2023-03-21T22:00:00+00:00,120.8944,d723267941dc6e08
2023-03-14,2023-03-20,2023-03-21T22:00:00+00:00,121.0358,d723267941dc6e08
2023-03-15,2023-03-20,2023-03-21T22:00:00+00:00,122.0832,d723267941dc6e08
2023-03-16,2023-03-20,2023-03-21T22:00:00+00:00,121.7344,d723267941dc6e08
2023-03-17,2023-03-20,2023-03-21T22:00:00+00:00,121.5752,d723267941dc6e08
2023-03-20,2023-03-27,2023-03-28T22:00:00+00:00,121.0546,909f3a4014f57af9
2023-03-21,2023-03-27,2023-03-28T22:00:00+00:00,120.9481,909f3a4014f57af9
2023-03-22,2023-03-27,2023-03-28T22:00:00+00:00,120.6877,909f3a4014f57af9
2023-03-23,2023-03-27,2023-03-28T22:00:00+00:00,119.8090,909f3a4014f57af9
2023-03-24,2023-03-27,2023-03-28T22:00:00+00:00,120.5030,909f3a4014f57af9
2023-03-27,2023-04-03,2023-04-04T22:00:00+00:00,120.3227,0e619c20649eba5a
2023-03-28,2023-04-03,2023-04-04T22:00:00+00:00,119.8059,0e619c20649eba5a
2023-03-29,2023-04-03,2023-04-04T22:00:00+00:00,119.8398,0e619c20649eba5a
2023-03-30,2023-04-03,2023-04-04T22:00:00+00:00,119.5304,0e619c20649eba5a
2023-03-31,2023-04-03,2023-04-04T22:00:00+00:00,119.4828,0e619c20649eba5a
2023-04-03,2023-04-10,2023-04-11T22:00:00+00:00,119.4623,d951f628dc3c8659
2023-04-04,2023-04-10,2023-04-11T22:00:00+00:00,119.2988,d951f628dc3c8659
2023-04-05,2023-04-10,2023-04-11T22:00:00+00:00,119.4385,d951f628dc3c8659
2023-04-06,2023-04-10,2023-04-11T22:00:00+00:00,119.4597,d951f628dc3c8659
2023-04-07,2023-04-10,2023-04-11T22:00:00+00:00,119.5033,d951f628dc3c8659
2023-04-10,2023-04-17,2023-04-18T22:00:00+00:00,119.9292,e33deaf6f568ca1f
2023-04-11,2023-04-17,2023-04-18T22:00:00+00:00,119.6822,e33deaf6f568ca1f
2023-04-12,2023-04-17,2023-04-18T22:00:00+00:00,119.1829,e33deaf6f568ca1f
2023-04-13,2023-04-17,2023-04-18T22:00:00+00:00,118.5922,e33deaf6f568ca1f
2023-04-14,2023-04-17,2023-04-18T22:00:00+00:00,119.0301,e33deaf6f568ca1f
2023-04-17,2023-04-24,2023-04-25T22:00:00+00:00,119.4406,9559a7f81a0da090
2023-04-18,2023-04-24,2023-04-25T22:00:00+00:00,119.2797,9559a7f81a0da090
2023-04-19,2023-04-24,2023-04-25T22:00:00+00:00,119.4828,9559a7f81a0da090
2023-04-20,2023-04-24,2023-04-25T22:00:00+00:00,119.2958,9559a7f81a0da090
2023-04-21,2023-04-24,2023-04-25T22:00:00+00:00,119.4921,9559a7f81a0da090
2023-04-24,2023-05-01,2023-05-02T22:00:00+00:00,119.3979,0fc91f0b52f3e036
2023-04-25,2023-05-01,2023-05-02T22:00:00+00:00,119.8047,0fc91f0b52f3e036
2023-04-26,2023-05-01,2023-05-02T22:00:00+00:00,119.5323,0fc91f0b52f3e036
2023-04-27,2023-05-01,2023-05-02T22:00:00+00:00,119.6293,0fc91f0b52f3e036
2023-04-28,2023-05-01,2023-05-02T22:00:00+00:00,119.4312,0fc91f0b52f3e036
2023-05-01,2023-05-08,2023-05-09T22:00:00+00:00,119.6311,4d734f4fa199a2bf
2023-05-02,2023-05-08,2023-05-09T22:00:00+00:00,119.8009,4d734f4fa199a2bf
2023-05-03,2023-05-08,2023-05-09T22:00:00+00:00,119.3301,4d734f4fa199a2bf
2023-05-04,2023-05-08,2023-05-09T22:00:00+00:00,119.2332,4d734f4fa199a2bf
2023-05-05,2023-05-08,2023-05-09T22:00:00+00:00,118.7707,4d734f4fa199a2bf
2023-05-08,2023-05-15,2023-05-16T22:00:00+00:00,118.7938,5abbdfc7681972e0
2023-05-09,2023-05-15,2023-05-16T22:00:00+00:00,119.0325,5abbdfc7681972e0
2023-05-10,2023-05-15,2023-05-16T22:00:00+00:00,118.8055,5abbdfc7681972e0
2023-05-11,2023-05-15,2023-05-16T22:00:00+00:00,119.2363,5abbdfc7681972e0
2023-05-12,2023-05-15,2023-05-16T22:00:00+00:00,119.5680,5abbdfc7681972e0
2023-05-15,2023-05-22,2023-05-23T22:00:00+00:00,119.3891,0f34f1c0ee9494ea
2023-05-16,2023-05-22,2023-05-23T22:00:00+00:00,119.4266,0f34f1c0ee9494ea
2023-05-17,2023-05-22,2023-05-23T22:00:00+00:00,119.8524,0f34f1c0ee9494ea
2023-05-18,2023-05-22,2023-05-23T22:00:00+00:00,120.3327,0f34f1c0ee9494ea
2023-05-19,2023-05-22,2023-05-23T22:00:00+00:00,120.0134,0f34f1c0ee9494ea
2023-05-22,2023-05-30,2023-05-31T22:00:00+00:00,120.3282,b40d59c40ca6375f
2023-05-23,2023-05-30,2023-05-31T22:00:00+00:00,120.5580,b40d59c40ca6375f
2023-05-24,2023-05-30,2023-05-31T22:00:00+00:00,120.7176,b40d59c40ca6375f
2023-05-25,2023-05-30,2023-05-31T22:00:00+00:00,121.0812,b40d59c40ca6375f
2023-05-26,2023-05-30,2023-05-31T22:00:00+00:00,120.8713,b40d59c40ca6375f
2023-05-30,2023-06-05,2023-06-06T22:00:00+00:00,120.8136,7da9d7e42870f92c
2023-05-31,2023-06-05,2023-06-06T22:00:00+00:00,121.2284,7da9d7e42870f92c
2023-06-01,2023-06-05,2023-06-06T22:00:00+00:00,120.3486,7da9d7e42870f92c
2023-06-02,2023-06-05,2023-06-06T22:00:00+00:00,120.2952,7da9d7e42870f92c
2023-06-05,2023-06-12,2023-06-13T22:00:00+00:00,120.3057,51cb613b406db77c
2023-06-06,2023-06-12,2023-06-13T22:00:00+00:00,120.2859,51cb613b406db77c
2023-06-07,2023-06-12,2023-06-13T22:00:00+00:00,120.1906,51cb613b406db77c
2023-06-08,2023-06-12,2023-06-13T22:00:00+00:00,119.9089,51cb613b406db77c
2023-06-09,2023-06-12,2023-06-13T22:00:00+00:00,119.7892,51cb613b406db77c
2023-06-12,2023-06-20,2023-06-21T22:00:00+00:00,120.0069,dc98bf89034eee5f
2023-06-13,2023-06-20,2023-06-21T22:00:00+00:00,119.5948,dc98bf89034eee5f
2023-06-14,2023-06-20,2023-06-21T22:00:00+00:00,119.1992,dc98bf89034eee5f
2023-06-15,2023-06-20,2023-06-21T22:00:00+00:00,118.9810,dc98bf89034eee5f
2023-06-16,2023-06-20,2023-06-21T22:00:00+00:00,118.8586,dc98bf89034eee5f
2023-06-20,2023-06-26,2023-06-27T22:00:00+00:00,119.3937,96d49f6228bcfcce
2023-06-21,2023-06-26,2023-06-27T22:00:00+00:00,119.1943,96d49f6228bcfcce
2023-06-22,2023-06-26,2023-06-27T22:00:00+00:00,119.2259,96d49f6228bcfcce
2023-06-23,2023-06-26,2023-06-27T22:00:00+00:00,119.6068,96d49f6228bcfcce
2023-06-26,2023-07-03,2023-07-04T22:00:00+00:00,119.5728,5d201e9efce56d43
2023-06-27,2023-07-03,2023-07-04T22:00:00+00:00,119.3992,5d201e9efce56d43
2023-06-28,2023-07-03,2023-07-04T22:00:00+00:00,119.8396,5d201e9efce56d43
2023-06-29,2023-07-03,2023-07-04T22:00:00+00:00,120.0324,5d201e9efce56d43
2023-06-30,2023-07-03,2023-07-04T22:00:00+00:00,119.8885,5d201e9efce56d43
2023-07-03,2023-07-10,2023-07-11T22:00:00+00:00,119.7385,07eecb92e8a79319
2023-07-05,2023-07-10,2023-07-11T22:00:00+00:00,119.8730,07eecb92e8a79319
2023-07-06,2023-07-10,2023-07-11T22:00:00+00:00,120.3250,07eecb92e8a79319
2023-07-07,2023-07-10,2023-07-11T22:00:00+00:00,119.6019,07eecb92e8a79319
2023-07-10,2023-07-17,2023-07-18T22:00:00+00:00,119.4908,c261bfade0ac7e9d
2023-07-11,2023-07-17,2023-07-18T22:00:00+00:00,119.2556,c261bfade0ac7e9d
2023-07-12,2023-07-17,2023-07-18T22:00:00+00:00,118.1838,c261bfade0ac7e9d
2023-07-13,2023-07-17,2023-07-18T22:00:00+00:00,117.7307,c261bfade0ac7e9d
2023-07-14,2023-07-17,2023-07-18T22:00:00+00:00,117.5952,c261bfade0ac7e9d
2023-07-17,2023-07-24,2023-07-25T22:00:00+00:00,117.6944,9fece5e96c8b42fa
2023-07-18,2023-07-24,2023-07-25T22:00:00+00:00,117.5985,9fece5e96c8b42fa
2023-07-19,2023-07-24,2023-07-25T22:00:00+00:00,117.9361,9fece5e96c8b42fa
2023-07-20,2023-07-24,2023-07-25T22:00:00+00:00,118.1357,9fece5e96c8b42fa
2023-07-21,2023-07-24,2023-07-25T22:00:00+00:00,118.4822,9fece5e96c8b42fa
2023-07-24,2023-07-31,2023-08-01T22:00:00+00:00,118.3569,a7b202865c730ec8
2023-07-25,2023-07-31,2023-08-01T22:00:00+00:00,118.3581,a7b202865c730ec8
2023-07-26,2023-07-31,2023-08-01T22:00:00+00:00,118.2730,a7b202865c730ec8
2023-07-27,2023-07-31,2023-08-01T22:00:00+00:00,118.4167,a7b202865c730ec8
2023-07-28,2023-07-31,2023-08-01T22:00:00+00:00,118.3110,a7b202865c730ec8
2023-07-31,2023-08-07,2023-08-08T22:00:00+00:00,118.3389,1aa5937086d90854
2023-08-01,2023-08-07,2023-08-08T22:00:00+00:00,119.0768,1aa5937086d90854
2023-08-02,2023-08-07,2023-08-08T22:00:00+00:00,119.6214,1aa5937086d90854
2023-08-03,2023-08-07,2023-08-08T22:00:00+00:00,119.8590,1aa5937086d90854
2023-08-04,2023-08-07,2023-08-08T22:00:00+00:00,119.3321,1aa5937086d90854
2023-08-07,2023-08-14,2023-08-15T22:00:00+00:00,119.5933,c61e90ac7f328e0a
2023-08-08,2023-08-14,2023-08-15T22:00:00+00:00,120.1516,c61e90ac7f328e0a
2023-08-09,2023-08-14,2023-08-15T22:00:00+00:00,119.9972,c61e90ac7f328e0a
2023-08-10,2023-08-14,2023-08-15T22:00:00+00:00,119.7033,c61e90ac7f328e0a
2023-08-11,2023-08-14,2023-08-15T22:00:00+00:00,120.1754,c61e90ac7f328e0a
2023-08-14,2023-08-21,2023-08-22T22:00:00+00:00,120.6118,fafe54f43c92df16
2023-08-15,2023-08-21,2023-08-22T22:00:00+00:00,120.7552,fafe54f43c92df16
2023-08-16,2023-08-21,2023-08-22T22:00:00+00:00,120.8880,fafe54f43c92df16
2023-08-17,2023-08-21,2023-08-22T22:00:00+00:00,121.0475,fafe54f43c92df16
2023-08-18,2023-08-21,2023-08-22T22:00:00+00:00,120.9433,fafe54f43c92df16
2023-08-21,2023-08-28,2023-08-29T22:00:00+00:00,120.9790,a41bac54124f1f29
2023-08-22,2023-08-28,2023-08-29T22:00:00+00:00,120.8849,a41bac54124f1f29
2023-08-23,2023-08-28,2023-08-29T22:00:00+00:00,120.5617,a41bac54124f1f29
2023-08-24,2023-08-28,2023-08-29T22:00:00+00:00,120.7540,a41bac54124f1f29
2023-08-25,2023-08-28,2023-08-29T22:00:00+00:00,121.0314,a41bac54124f1f29
2023-08-28,2023-09-05,2023-09-06T22:00:00+00:00,120.8465,ef33c120120a7b8e
2023-08-29,2023-09-05,2023-09-06T22:00:00+00:00,120.7971,ef33c120120a7b8e
2023-08-30,2023-09-05,2023-09-06T22:00:00+00:00,120.3571,ef33c120120a7b8e
2023-08-31,2023-09-05,2023-09-06T22:00:00+00:00,120.7427,ef33c120120a7b8e
2023-09-01,2023-09-05,2023-09-06T22:00:00+00:00,121.2476,ef33c120120a7b8e
2023-09-05,2023-09-11,2023-09-12T22:00:00+00:00,121.9307,0863845d5f675729
2023-09-06,2023-09-11,2023-09-12T22:00:00+00:00,122.3531,0863845d5f675729
2023-09-07,2023-09-11,2023-09-12T22:00:00+00:00,122.4381,0863845d5f675729
2023-09-08,2023-09-11,2023-09-12T22:00:00+00:00,122.4476,0863845d5f675729
2023-09-11,2023-09-18,2023-09-19T22:00:00+00:00,121.8185,33aeb3b2c1834df5
2023-09-12,2023-09-18,2023-09-19T22:00:00+00:00,121.7721,33aeb3b2c1834df5
2023-09-13,2023-09-18,2023-09-19T22:00:00+00:00,121.5454,33aeb3b2c1834df5
2023-09-14,2023-09-18,2023-09-19T22:00:00+00:00,121.7192,33aeb3b2c1834df5
2023-09-15,2023-09-18,2023-09-19T22:00:00+00:00,121.6815,33aeb3b2c1834df5
2023-09-18,2023-09-25,2023-09-26T22:00:00+00:00,121.6895,7660ae3972e6b1cb
2023-09-19,2023-09-25,2023-09-26T22:00:00+00:00,121.6672,7660ae3972e6b1cb
2023-09-20,2023-09-25,2023-09-26T22:00:00+00:00,121.4705,7660ae3972e6b1cb
2023-09-21,2023-09-25,2023-09-26T22:00:00+00:00,122.0390,7660ae3972e6b1cb
2023-09-22,2023-09-25,2023-09-26T22:00:00+00:00,122.0164,7660ae3972e6b1cb
2023-09-25,2023-10-02,2023-10-03T22:00:00+00:00,122.5803,0b8d6f192bec419e
2023-09-26,2023-10-02,2023-10-03T22:00:00+00:00,122.9224,0b8d6f192bec419e
2023-09-27,2023-10-02,2023-10-03T22:00:00+00:00,123.4153,0b8d6f192bec419e
2023-09-28,2023-10-02,2023-10-03T22:00:00+00:00,122.9827,0b8d6f192bec419e
2023-09-29,2023-10-02,2023-10-03T22:00:00+00:00,122.7675,0b8d6f192bec419e
2023-10-02,2023-10-10,2023-10-11T22:00:00+00:00,123.4820,0e38a3bbe1091551
2023-10-03,2023-10-10,2023-10-11T22:00:00+00:00,124.1715,0e38a3bbe1091551
2023-10-04,2023-10-10,2023-10-11T22:00:00+00:00,123.9977,0e38a3bbe1091551
2023-10-05,2023-10-10,2023-10-11T22:00:00+00:00,124.2799,0e38a3bbe1091551
2023-10-06,2023-10-10,2023-10-11T22:00:00+00:00,123.7760,0e38a3bbe1091551
2023-10-10,2023-10-16,2023-10-17T22:00:00+00:00,123.3705,c3e1634cecfb7901
2023-10-11,2023-10-16,2023-10-17T22:00:00+00:00,123.2255,c3e1634cecfb7901
2023-10-12,2023-10-16,2023-10-17T22:00:00+00:00,123.6265,c3e1634cecfb7901
2023-10-13,2023-10-16,2023-10-17T22:00:00+00:00,123.9889,c3e1634cecfb7901
2023-10-16,2023-10-23,2023-10-24T22:00:00+00:00,123.7393,bf11b89da0e2ab02
2023-10-17,2023-10-23,2023-10-24T22:00:00+00:00,123.5584,bf11b89da0e2ab02
2023-10-18,2023-10-23,2023-10-24T22:00:00+00:00,124.2110,bf11b89da0e2ab02
2023-10-19,2023-10-23,2023-10-24T22:00:00+00:00,124.1967,bf11b89da0e2ab02
2023-10-20,2023-10-23,2023-10-24T22:00:00+00:00,124.0137,bf11b89da0e2ab02
2023-10-23,2023-10-30,2023-10-31T22:00:00+00:00,123.7081,6954d9c48b8622b1
2023-10-24,2023-10-30,2023-10-31T22:00:00+00:00,124.0275,6954d9c48b8622b1
2023-10-25,2023-10-30,2023-10-31T22:00:00+00:00,124.1700,6954d9c48b8622b1
2023-10-26,2023-10-30,2023-10-31T22:00:00+00:00,124.3841,6954d9c48b8622b1
2023-10-27,2023-10-30,2023-10-31T22:00:00+00:00,124.0232,6954d9c48b8622b1
2023-10-30,2023-11-06,2023-11-07T22:00:00+00:00,123.8098,fd40d19c92408886
2023-10-31,2023-11-06,2023-11-07T22:00:00+00:00,124.2261,fd40d19c92408886
2023-11-01,2023-11-06,2023-11-07T22:00:00+00:00,124.1819,fd40d19c92408886
2023-11-02,2023-11-06,2023-11-07T22:00:00+00:00,123.3192,fd40d19c92408886
2023-11-03,2023-11-06,2023-11-07T22:00:00+00:00,122.2337,fd40d19c92408886
2023-11-06,2023-11-13,2023-11-14T22:00:00+00:00,122.0962,94c190e8e63c2bf6
2023-11-07,2023-11-13,2023-11-14T22:00:00+00:00,122.5100,94c190e8e63c2bf6
2023-11-08,2023-11-13,2023-11-14T22:00:00+00:00,122.5279,94c190e8e63c2bf6
2023-11-09,2023-11-13,2023-11-14T22:00:00+00:00,122.5677,94c190e8e63c2bf6
2023-11-13,2023-11-20,2023-11-21T22:00:00+00:00,122.8593,aaf8b874b46eb279
2023-11-14,2023-11-20,2023-11-21T22:00:00+00:00,121.8173,aaf8b874b46eb279
2023-11-15,2023-11-20,2023-11-21T22:00:00+00:00,121.5318,aaf8b874b46eb279
2023-11-16,2023-11-20,2023-11-21T22:00:00+00:00,121.6194,aaf8b874b46eb279
2023-11-17,2023-11-20,2023-11-21T22:00:00+00:00,121.2886,aaf8b874b46eb279
2023-11-20,2023-11-27,2023-11-28T22:00:00+00:00,120.6820,dfa9eb36fd7e3b29
2023-11-21,2023-11-27,2023-11-28T22:00:00+00:00,120.6244,dfa9eb36fd7e3b29
2023-11-22,2023-11-27,2023-11-28T22:00:00+00:00,121.0830,dfa9eb36fd7e3b29
2023-11-24,2023-11-27,2023-11-28T22:00:00+00:00,120.6465,dfa9eb36fd7e3b29
2023-11-27,2023-12-04,2023-12-05T22:00:00+00:00,120.6074,27c2977bd181e00a
2023-11-28,2023-12-04,2023-12-05T22:00:00+00:00,120.0411,27c2977bd181e00a
2023-11-29,2023-12-04,2023-12-05T22:00:00+00:00,120.2380,27c2977bd181e00a
2023-11-30,2023-12-04,2023-12-05T22:00:00+00:00,120.6511,27c2977bd181e00a
2023-12-01,2023-12-04,2023-12-05T22:00:00+00:00,120.3697,27c2977bd181e00a
2023-12-04,2023-12-11,2023-12-12T22:00:00+00:00,120.8737,c496974bfc197616
2023-12-05,2023-12-11,2023-12-12T22:00:00+00:00,121.1713,c496974bfc197616
2023-12-06,2023-12-11,2023-12-12T22:00:00+00:00,120.9488,c496974bfc197616
2023-12-07,2023-12-11,2023-12-12T22:00:00+00:00,120.9980,c496974bfc197616
2023-12-08,2023-12-11,2023-12-12T22:00:00+00:00,121.1516,c496974bfc197616
2019-12-02,2023-12-18,2023-12-19T22:00:00+00:00,116.9664,dbd5a8c4f5808900
2019-12-03,2023-12-18,2023-12-19T22:00:00+00:00,116.8916,dbd5a8c4f5808900
2019-12-04,2023-12-18,2023-12-19T22:00:00+00:00,116.6938,dbd5a8c4f5808900
2019-12-05,2023-12-18,2023-12-19T22:00:00+00:00,116.3857,dbd5a8c4f5808900
2019-12-06,2023-12-18,2023-12-19T22:00:00+00:00,116.5394,dbd5a8c4f5808900
2019-12-09,2023-12-18,2023-12-19T22:00:00+00:00,116.3296,dbd5a8c4f5808900
2019-12-10,2023-12-18,2023-12-19T22:00:00+00:00,116.2557,dbd5a8c4f5808900
2019-12-11,2023-12-18,2023-12-19T22:00:00+00:00,116.1492,dbd5a8c4f5808900
2019-12-12,2023-12-18,2023-12-19T22:00:00+00:00,115.8755,dbd5a8c4f5808900
2019-12-13,2023-12-18,2023-12-19T22:00:00+00:00,115.6976,dbd5a8c4f5808900
2019-12-16,2023-12-18,2023-12-19T22:00:00+00:00,115.5559,dbd5a8c4f5808900
2019-12-17,2023-12-18,2023-12-19T22:00:00+00:00,115.5561,dbd5a8c4f5808900
2019-12-18,2023-12-18,2023-12-19T22:00:00+00:00,115.6627,dbd5a8c4f5808900
2019-12-19,2023-12-18,2023-12-19T22:00:00+00:00,115.5997,dbd5a8c4f5808900
2019-12-20,2023-12-18,2023-12-19T22:00:00+00:00,115.7604,dbd5a8c4f5808900
2019-12-23,2023-12-18,2023-12-19T22:00:00+00:00,115.8066,dbd5a8c4f5808900
2019-12-26,2023-12-18,2023-12-19T22:00:00+00:00,115.6347,dbd5a8c4f5808900
2019-12-27,2023-12-18,2023-12-19T22:00:00+00:00,115.2207,dbd5a8c4f5808900
2019-12-30,2023-12-18,2023-12-19T22:00:00+00:00,114.9639,dbd5a8c4f5808900
2019-12-31,2023-12-18,2023-12-19T22:00:00+00:00,114.6697,dbd5a8c4f5808900
2020-01-02,2023-12-18,2023-12-19T22:00:00+00:00,114.9746,dbd5a8c4f5808900
2020-01-03,2023-12-18,2023-12-19T22:00:00+00:00,114.9862,dbd5a8c4f5808900
2020-01-06,2023-12-18,2023-12-19T22:00:00+00:00,114.9552,dbd5a8c4f5808900
2020-01-07,2023-12-18,2023-12-19T22:00:00+00:00,115.1467,dbd5a8c4f5808900
2020-01-08,2023-12-18,2023-12-19T22:00:00+00:00,115.1318,dbd5a8c4f5808900
2020-01-09,2023-12-18,2023-12-19T22:00:00+00:00,115.2325,dbd5a8c4f5808900
2020-01-10,2023-12-18,2023-12-19T22:00:00+00:00,115.0671,dbd5a8c4f5808900
2020-01-13,2023-12-18,2023-12-19T22:00:00+00:00,115.0337,dbd5a8c4f5808900
2020-01-14,2023-12-18,2023-12-19T22:00:00+00:00,115.0233,dbd5a8c4f5808900
2020-01-15,2023-12-18,2023-12-19T22:00:00+00:00,114.9526,dbd5a8c4f5808900
2020-01-16,2023-12-18,2023-12-19T22:00:00+00:00,114.9999,dbd5a8c4f5808900
2020-01-17,2023-12-18,2023-12-19T22:00:00+00:00,115.0642,dbd5a8c4f5808900
2020-01-21,2023-12-18,2023-12-19T22:00:00+00:00,115.1865,dbd5a8c4f5808900
2020-01-22,2023-12-18,2023-12-19T22:00:00+00:00,115.2264,dbd5a8c4f5808900
2020-01-23,2023-12-18,2023-12-19T22:00:00+00:00,115.5537,dbd5a8c4f5808900
2020-01-24,2023-12-18,2023-12-19T22:00:00+00:00,115.5545,dbd5a8c4f5808900
2020-01-27,2023-12-18,2023-12-19T22:00:00+00:00,115.7994,dbd5a8c4f5808900
2020-01-28,2023-12-18,2023-12-19T22:00:00+00:00,115.7226,dbd5a8c4f5808900
2020-01-29,2023-12-18,2023-12-19T22:00:00+00:00,115.6986,dbd5a8c4f5808900
2020-01-30,2023-12-18,2023-12-19T22:00:00+00:00,115.8065,dbd5a8c4f5808900
2020-01-31,2023-12-18,2023-12-19T22:00:00+00:00,115.7342,dbd5a8c4f5808900
2020-02-03,2023-12-18,2023-12-19T22:00:00+00:00,116.1176,dbd5a8c4f5808900
2020-02-04,2023-12-18,2023-12-19T22:00:00+00:00,115.9290,dbd5a8c4f5808900
2020-02-05,2023-12-18,2023-12-19T22:00:00+00:00,116.0082,dbd5a8c4f5808900
2020-02-06,2023-12-18,2023-12-19T22:00:00+00:00,116.1508,dbd5a8c4f5808900
2020-02-07,2023-12-18,2023-12-19T22:00:00+00:00,116.5075,dbd5a8c4f5808900
2020-02-10,2023-12-18,2023-12-19T22:00:00+00:00,116.5701,dbd5a8c4f5808900
2020-02-11,2023-12-18,2023-12-19T22:00:00+00:00,116.3572,dbd5a8c4f5808900
2020-02-12,2023-12-18,2023-12-19T22:00:00+00:00,116.2777,dbd5a8c4f5808900
2020-02-13,2023-12-18,2023-12-19T22:00:00+00:00,116.3980,dbd5a8c4f5808900
2020-02-14,2023-12-18,2023-12-19T22:00:00+00:00,116.4200,dbd5a8c4f5808900
2020-02-18,2023-12-18,2023-12-19T22:00:00+00:00,116.6016,dbd5a8c4f5808900
2020-02-19,2023-12-18,2023-12-19T22:00:00+00:00,116.7802,dbd5a8c4f5808900
2020-02-20,2023-12-18,2023-12-19T22:00:00+00:00,117.2434,dbd5a8c4f5808900
2020-02-21,2023-12-18,2023-12-19T22:00:00+00:00,117.0456,dbd5a8c4f5808900
2020-02-24,2023-12-18,2023-12-19T22:00:00+00:00,117.4010,dbd5a8c4f5808900
2020-02-25,2023-12-18,2023-12-19T22:00:00+00:00,117.2417,dbd5a8c4f5808900
2020-02-26,2023-12-18,2023-12-19T22:00:00+00:00,117.4048,dbd5a8c4f5808900
2020-02-27,2023-12-18,2023-12-19T22:00:00+00:00,117.3686,dbd5a8c4f5808900
2020-02-28,2023-12-18,2023-12-19T22:00:00+00:00,117.6573,dbd5a8c4f5808900
2020-03-02,2023-12-18,2023-12-19T22:00:00+00:00,116.8148,dbd5a8c4f5808900
2020-03-03,2023-12-18,2023-12-19T22:00:00+00:00,116.4958,dbd5a8c4f5808900
2020-03-04,2023-12-18,2023-12-19T22:00:00+00:00,116.7799,dbd5a8c4f5808900
2020-03-05,2023-12-18,2023-12-19T22:00:00+00:00,116.7913,dbd5a8c4f5808900
2020-03-06,2023-12-18,2023-12-19T22:00:00+00:00,116.7132,dbd5a8c4f5808900
2020-03-09,2023-12-18,2023-12-19T22:00:00+00:00,117.1927,dbd5a8c4f5808900
2020-03-10,2023-12-18,2023-12-19T22:00:00+00:00,117.9082,dbd5a8c4f5808900
2020-03-11,2023-12-18,2023-12-19T22:00:00+00:00,118.2564,dbd5a8c4f5808900
2020-03-12,2023-12-18,2023-12-19T22:00:00+00:00,120.4945,dbd5a8c4f5808900
2020-03-13,2023-12-18,2023-12-19T22:00:00+00:00,120.4439,dbd5a8c4f5808900
2020-03-16,2023-12-18,2023-12-19T22:00:00+00:00,120.9417,dbd5a8c4f5808900
2020-03-17,2023-12-18,2023-12-19T22:00:00+00:00,122.4875,dbd5a8c4f5808900
2020-03-18,2023-12-18,2023-12-19T22:00:00+00:00,124.1693,dbd5a8c4f5808900
2020-03-19,2023-12-18,2023-12-19T22:00:00+00:00,125.0662,dbd5a8c4f5808900
2020-03-20,2023-12-18,2023-12-19T22:00:00+00:00,124.9425,dbd5a8c4f5808900
2020-03-23,2023-12-18,2023-12-19T22:00:00+00:00,126.1342,dbd5a8c4f5808900
2020-03-24,2023-12-18,2023-12-19T22:00:00+00:00,125.5092,dbd5a8c4f5808900
2020-03-25,2023-12-18,2023-12-19T22:00:00+00:00,124.7995,dbd5a8c4f5808900
2020-03-26,2023-12-18,2023-12-19T22:00:00+00:00,122.4384,dbd5a8c4f5808900
2020-03-27,2023-12-18,2023-12-19T22:00:00+00:00,122.4097,dbd5a8c4f5808900
2020-03-30,2023-12-18,2023-12-19T22:00:00+00:00,123.2997,dbd5a8c4f5808900
2020-03-31,2023-12-18,2023-12-19T22:00:00+00:00,122.5394,dbd5a8c4f5808900
2020-04-01,2023-12-18,2023-12-19T22:00:00+00:00,123.8033,dbd5a8c4f5808900
2020-04-02,2023-12-18,2023-12-19T22:00:00+00:00,123.5994,dbd5a8c4f5808900
2020-04-03,2023-12-18,2023-12-19T22:00:00+00:00,124.4237,dbd5a8c4f5808900
2020-04-06,2023-12-18,2023-12-19T22:00:00+00:00,124.1692,dbd5a8c4f5808900
2020-04-07,2023-12-18,2023-12-19T22:00:00+00:00,123.1038,dbd5a8c4f5808900
2020-04-08,2023-12-18,2023-12-19T22:00:00+00:00,123.2299,dbd5a8c4f5808900
2020-04-09,2023-12-18,2023-12-19T22:00:00+00:00,122.4834,dbd5a8c4f5808900
2020-04-10,2023-12-18,2023-12-19T22:00:00+00:00,122.1668,dbd5a8c4f5808900
2020-04-13,2023-12-18,2023-12-19T22:00:00+00:00,122.5282,dbd5a8c4f5808900
2020-04-14,2023-12-18,2023-12-19T22:00:00+00:00,122.1204,dbd5a8c4f5808900
2020-04-15,2023-12-18,2023-12-19T22:00:00+00:00,123.0840,dbd5a8c4f5808900
2020-04-16,2023-12-18,2023-12-19T22:00:00+00:00,123.4698,dbd5a8c4f5808900
2020-04-17,2023-12-18,2023-12-19T22:00:00+00:00,122.8791,dbd5a8c4f5808900
2020-04-20,2023-12-18,2023-12-19T22:00:00+00:00,123.1121,dbd5a8c4f5808900
2020-04-21,2023-12-18,2023-12-19T22:00:00+00:00,123.9207,dbd5a8c4f5808900
2020-04-22,2023-12-18,2023-12-19T22:00:00+00:00,123.9354,dbd5a8c4f5808900
2020-04-23,2023-12-18,2023-12-19T22:00:00+00:00,123.7645,dbd5a8c4f5808900
2020-04-24,2023-12-18,2023-12-19T22:00:00+00:00,124.1720,dbd5a8c4f5808900
2020-04-27,2023-12-18,2023-12-19T22:00:00+00:00,123.8954,dbd5a8c4f5808900
2020-04-28,2023-12-18,2023-12-19T22:00:00+00:00,123.3794,dbd5a8c4f5808900
2020-04-29,2023-12-18,2023-12-19T22:00:00+00:00,122.7877,dbd5a8c4f5808900
2020-04-30,2023-12-18,2023-12-19T22:00:00+00:00,122.3375,dbd5a8c4f5808900
2020-05-01,2023-12-18,2023-12-19T22:00:00+00:00,123.1615,dbd5a8c4f5808900
2020-05-04,2023-12-18,2023-12-19T22:00:00+00:00,123.2224,dbd5a8c4f5808900
2020-05-05,2023-12-18,2023-12-19T22:00:00+00:00,122.8117,dbd5a8c4f5808900
2020-05-06,2023-12-18,2023-12-19T22:00:00+00:00,123.6188,dbd5a8c4f5808900
2020-05-07,2023-12-18,2023-12-19T22:00:00+00:00,123.1339,dbd5a8c4f5808900
2020-05-08,2023-12-18,2023-12-19T22:00:00+00:00,122.5465,dbd5a8c4f5808900
2020-05-11,2023-12-18,2023-12-19T22:00:00+00:00,123.2423,dbd5a8c4f5808900
2020-05-12,2023-12-18,2023-12-19T22:00:00+00:00,123.0694,dbd5a8c4f5808900
2020-05-13,2023-12-18,2023-12-19T22:00:00+00:00,123.5512,dbd5a8c4f5808900
2020-05-14,2023-12-18,2023-12-19T22:00:00+00:00,123.6524,dbd5a8c4f5808900
2020-05-15,2023-12-18,2023-12-19T22:00:00+00:00,123.6080,dbd5a8c4f5808900
2020-05-18,2023-12-18,2023-12-19T22:00:00+00:00,122.8055,dbd5a8c4f5808900
2020-05-19,2023-12-18,2023-12-19T22:00:00+00:00,122.5744,dbd5a8c4f5808900
2020-05-20,2023-12-18,2023-12-19T22:00:00+00:00,122.1093,dbd5a8c4f5808900
2020-05-21,2023-12-18,2023-12-19T22:00:00+00:00,122.0990,dbd5a8c4f5808900
2020-05-22,2023-12-18,2023-12-19T22:00:00+00:00,122.3278,dbd5a8c4f5808900
2020-05-26,2023-12-18,2023-12-19T22:00:00+00:00,121.3933,dbd5a8c4f5808900
2020-05-27,2023-12-18,2023-12-19T22:00:00+00:00,121.5741,dbd5a8c4f5808900
2020-05-28,2023-12-18,2023-12-19T22:00:00+00:00,121.0207,dbd5a8c4f5808900
2020-05-29,2023-12-18,2023-12-19T22:00:00+00:00,120.9530,dbd5a8c4f5808900
2020-06-01,2023-12-18,2023-12-19T22:00:00+00:00,120.2753,dbd5a8c4f5808900
2020-06-02,2023-12-18,2023-12-19T22:00:00+00:00,119.6920,dbd5a8c4f5808900
2020-06-03,2023-12-18,2023-12-19T22:00:00+00:00,119.2625,dbd5a8c4f5808900
2020-06-04,2023-12-18,2023-12-19T22:00:00+00:00,119.3094,dbd5a8c4f5808900
2020-06-05,2023-12-18,2023-12-19T22:00:00+00:00,118.8202,dbd5a8c4f5808900
2020-06-08,2023-12-18,2023-12-19T22:00:00+00:00,118.6687,dbd5a8c4f5808900
2020-06-09,2023-12-18,2023-12-19T22:00:00+00:00,118.5967,dbd5a8c4f5808900
2020-06-10,2023-12-18,2023-12-19T22:00:00+00:00,118.5307,dbd5a8c4f5808900
2020-06-11,2023-12-18,2023-12-19T22:00:00+00:00,119.2435,dbd5a8c4f5808900
2020-06-12,2023-12-18,2023-12-19T22:00:00+00:00,119.6719,dbd5a8c4f5808900
2020-06-15,2023-12-18,2023-12-19T22:00:00+00:00,119.9622,dbd5a8c4f5808900
2020-06-16,2023-12-18,2023-12-19T22:00:00+00:00,119.5744,dbd5a8c4f5808900
2020-06-17,2023-12-18,2023-12-19T22:00:00+00:00,119.9180,dbd5a8c4f5808900
2020-06-18,2023-12-18,2023-12-19T22:00:00+00:00,120.2252,dbd5a8c4f5808900
2020-06-19,2023-12-18,2023-12-19T22:00:00+00:00,120.2260,dbd5a8c4f5808900
2020-06-22,2023-12-18,2023-12-19T22:00:00+00:00,119.7613,dbd5a8c4f5808900
2020-06-23,2023-12-18,2023-12-19T22:00:00+00:00,119.3372,dbd5a8c4f5808900
2020-06-24,2023-12-18,2023-12-19T22:00:00+00:00,119.9834,dbd5a8c4f5808900
2020-06-25,2023-12-18,2023-12-19T22:00:00+00:00,120.3089,dbd5a8c4f5808900
2020-06-26,2023-12-18,2023-12-19T22:00:00+00:00,120.5425,dbd5a8c4f5808900
2020-06-29,2023-12-18,2023-12-19T22:00:00+00:00,120.6757,dbd5a8c4f5808900
2020-06-30,2023-12-18,2023-12-19T22:00:00+00:00,120.4746,dbd5a8c4f5808900
2020-07-01,2023-12-18,2023-12-19T22:00:00+00:00,120.0902,dbd5a8c4f5808900
2020-07-02,2023-12-18,2023-12-19T22:00:00+00:00,119.8648,dbd5a8c4f5808900
2020-07-06,2023-12-18,2023-12-19T22:00:00+00:00,119.2941,dbd5a8c4f5808900
2020-07-07,2023-12-18,2023-12-19T22:00:00+00:00,119.5814,dbd5a8c4f5808900
2020-07-08,2023-12-18,2023-12-19T22:00:00+00:00,119.5625,dbd5a8c4f5808900
2020-07-09,2023-12-18,2023-12-19T22:00:00+00:00,119.5221,dbd5a8c4f5808900
2020-07-10,2023-12-18,2023-12-19T22:00:00+00:00,119.3601,dbd5a8c4f5808900
2020-07-13,2023-12-18,2023-12-19T22:00:00+00:00,119.1984,dbd5a8c4f5808900
2020-07-14,2023-12-18,2023-12-19T22:00:00+00:00,119.3999,dbd5a8c4f5808900
2020-07-15,2023-12-18,2023-12-19T22:00:00+00:00,119.0423,dbd5a8c4f5808900
2020-07-16,2023-12-18,2023-12-19T22:00:00+00:00,118.9368,dbd5a8c4f5808900
2020-07-17,2023-12-18,2023-12-19T22:00:00+00:00,119.1340,dbd5a8c4f5808900
2020-07-20,2023-12-18,2023-12-19T22:00:00+00:00,119.0588,dbd5a8c4f5808900
2020-07-21,2023-12-18,2023-12-19T22:00:00+00:00,118.4145,dbd5a8c4f5808900
2020-07-22,2023-12-18,2023-12-19T22:00:00+00:00,118.1446,dbd5a8c4f5808900
2020-07-23,2023-12-18,2023-12-19T22:00:00+00:00,118.0724,dbd5a8c4f5808900
2020-07-24,2023-12-18,2023-12-19T22:00:00+00:00,118.1445,dbd5a8c4f5808900
2020-07-27,2023-12-18,2023-12-19T22:00:00+00:00,117.3982,dbd5a8c4f5808900
2020-07-28,2023-12-18,2023-12-19T22:00:00+00:00,117.3301,dbd5a8c4f5808900
2020-07-29,2023-12-18,2023-12-19T22:00:00+00:00,117.2242,dbd5a8c4f5808900
2020-07-30,2023-12-18,2023-12-19T22:00:00+00:00,117.4133,dbd5a8c4f5808900
2020-07-31,2023-12-18,2023-12-19T22:00:00+00:00,117.2208,dbd5a8c4f5808900
2020-08-03,2023-12-18,2023-12-19T22:00:00+00:00,117.8199,dbd5a8c4f5808900
2020-08-04,2023-12-18,2023-12-19T22:00:00+00:00,117.7962,dbd5a8c4f5808900
2020-08-05,2023-12-18,2023-12-19T22:00:00+00:00,116.8865,dbd5a8c4f5808900
2020-08-06,2023-12-18,2023-12-19T22:00:00+00:00,117.0550,dbd5a8c4f5808900
2020-08-07,2023-12-18,2023-12-19T22:00:00+00:00,117.6365,dbd5a8c4f5808900
2020-08-10,2023-12-18,2023-12-19T22:00:00+00:00,117.5946,dbd5a8c4f5808900
2020-08-11,2023-12-18,2023-12-19T22:00:00+00:00,117.3902,dbd5a8c4f5808900
2020-08-12,2023-12-18,2023-12-19T22:00:00+00:00,117.2679,dbd5a8c4f5808900
2020-08-13,2023-12-18,2023-12-19T22:00:00+00:00,117.1313,dbd5a8c4f5808900
2020-08-14,2023-12-18,2023-12-19T22:00:00+00:00,116.9512,dbd5a8c4f5808900
2020-08-17,2023-12-18,2023-12-19T22:00:00+00:00,116.7609,dbd5a8c4f5808900
2020-08-18,2023-12-18,2023-12-19T22:00:00+00:00,116.5722,dbd5a8c4f5808900
2020-08-19,2023-12-18,2023-12-19T22:00:00+00:00,116.5789,dbd5a8c4f5808900
2020-08-20,2023-12-18,2023-12-19T22:00:00+00:00,116.8243,dbd5a8c4f5808900
2020-08-21,2023-12-18,2023-12-19T22:00:00+00:00,117.0682,dbd5a8c4f5808900
2020-08-24,2023-12-18,2023-12-19T22:00:00+00:00,116.9238,dbd5a8c4f5808900
2020-08-25,2023-12-18,2023-12-19T22:00:00+00:00,116.8324,dbd5a8c4f5808900
2020-08-26,2023-12-18,2023-12-19T22:00:00+00:00,116.6358,dbd5a8c4f5808900
2020-08-27,2023-12-18,2023-12-19T22:00:00+00:00,116.6614,dbd5a8c4f5808900
2020-08-28,2023-12-18,2023-12-19T22:00:00+00:00,115.9506,dbd5a8c4f5808900
2020-08-31,2023-12-18,2023-12-19T22:00:00+00:00,115.7717,dbd5a8c4f5808900
2020-09-01,2023-12-18,2023-12-19T22:00:00+00:00,115.5814,dbd5a8c4f5808900
2020-09-02,2023-12-18,2023-12-19T22:00:00+00:00,116.0423,dbd5a8c4f5808900
2020-09-03,2023-12-18,2023-12-19T22:00:00+00:00,116.0799,dbd5a8c4f5808900
2020-09-04,2023-12-18,2023-12-19T22:00:00+00:00,116.0457,dbd5a8c4f5808900
2020-09-08,2023-12-18,2023-12-19T22:00:00+00:00,116.4725,dbd5a8c4f5808900
2020-09-09,2023-12-18,2023-12-19T22:00:00+00:00,116.1396,dbd5a8c4f5808900
2020-09-10,2023-12-18,2023-12-19T22:00:00+00:00,115.8906,dbd5a8c4f5808900
2020-09-11,2023-12-18,2023-12-19T22:00:00+00:00,116.0963,dbd5a8c4f5808900
2020-09-14,2023-12-18,2023-12-19T22:00:00+00:00,115.6523,dbd5a8c4f5808900
2020-09-15,2023-12-18,2023-12-19T22:00:00+00:00,115.5996,dbd5a8c4f5808900
2020-09-16,2023-12-18,2023-12-19T22:00:00+00:00,115.3623,dbd5a8c4f5808900
2020-09-17,2023-12-18,2023-12-19T22:00:00+00:00,115.4476,dbd5a8c4f5808900
2020-09-18,2023-12-18,2023-12-19T22:00:00+00:00,115.2480,dbd5a8c4f5808900
2020-09-21,2023-12-18,2023-12-19T22:00:00+00:00,116.3873,dbd5a8c4f5808900
2020-09-22,2023-12-18,2023-12-19T22:00:00+00:00,116.5529,dbd5a8c4f5808900
2020-09-23,2023-12-18,2023-12-19T22:00:00+00:00,117.2631,dbd5a8c4f5808900
2020-09-24,2023-12-18,2023-12-19T22:00:00+00:00,117.5578,dbd5a8c4f5808900
2020-09-25,2023-12-18,2023-12-19T22:00:00+00:00,117.8786,dbd5a8c4f5808900
2020-09-28,2023-12-18,2023-12-19T22:00:00+00:00,117.6290,dbd5a8c4f5808900
2020-09-29,2023-12-18,2023-12-19T22:00:00+00:00,117.5379,dbd5a8c4f5808900
2020-09-30,2023-12-18,2023-12-19T22:00:00+00:00,116.9570,dbd5a8c4f5808900
2020-10-01,2023-12-18,2023-12-19T22:00:00+00:00,116.7339,dbd5a8c4f5808900
2020-10-02,2023-12-18,2023-12-19T22:00:00+00:00,116.7424,dbd5a8c4f5808900
2020-10-05,2023-12-18,2023-12-19T22:00:00+00:00,116.1870,dbd5a8c4f5808900
2020-10-06,2023-12-18,2023-12-19T22:00:00+00:00,116.2781,dbd5a8c4f5808900
2020-10-07,2023-12-18,2023-12-19T22:00:00+00:00,116.3548,dbd5a8c4f5808900
2020-10-08,2023-12-18,2023-12-19T22:00:00+00:00,116.1753,dbd5a8c4f5808900
2020-10-09,2023-12-18,2023-12-19T22:00:00+00:00,115.2843,dbd5a8c4f5808900
2020-10-13,2023-12-18,2023-12-19T22:00:00+00:00,115.9193,dbd5a8c4f5808900
2020-10-14,2023-12-18,2023-12-19T22:00:00+00:00,115.6959,dbd5a8c4f5808900
2020-10-15,2023-12-18,2023-12-19T22:00:00+00:00,116.1046,dbd5a8c4f5808900
2020-10-16,2023-12-18,2023-12-19T22:00:00+00:00,115.7754,dbd5a8c4f5808900
2020-10-19,2023-12-18,2023-12-19T22:00:00+00:00,115.4109,dbd5a8c4f5808900
2020-10-20,2023-12-18,2023-12-19T22:00:00+00:00,115.2558,dbd5a8c4f5808900
2020-10-21,2023-12-18,2023-12-19T22:00:00+00:00,114.9185,dbd5a8c4f5808900
2020-10-22,2023-12-18,2023-12-19T22:00:00+00:00,115.1234,dbd5a8c4f5808900
2020-10-23,2023-12-18,2023-12-19T22:00:00+00:00,115.0198,dbd5a8c4f5808900
2020-10-26,2023-12-18,2023-12-19T22:00:00+00:00,115.2872,dbd5a8c4f5808900
2020-10-27,2023-12-18,2023-12-19T22:00:00+00:00,115.0206,dbd5a8c4f5808900
2020-10-28,2023-12-18,2023-12-19T22:00:00+00:00,115.8099,dbd5a8c4f5808900
2020-10-29,2023-12-18,2023-12-19T22:00:00+00:00,116.3138,dbd5a8c4f5808900
2020-10-30,2023-12-18,2023-12-19T22:00:00+00:00,116.1417,dbd5a8c4f5808900
2020-11-02,2023-12-18,2023-12-19T22:00:00+00:00,116.2425,dbd5a8c4f5808900
2020-11-03,2023-12-18,2023-12-19T22:00:00+00:00,115.4864,dbd5a8c4f5808900
2020-11-04,2023-12-18,2023-12-19T22:00:00+00:00,115.1733,dbd5a8c4f5808900
2020-11-05,2023-12-18,2023-12-19T22:00:00+00:00,114.4615,dbd5a8c4f5808900
2020-11-06,2023-12-18,2023-12-19T22:00:00+00:00,113.9977,dbd5a8c4f5808900
2020-11-09,2023-12-18,2023-12-19T22:00:00+00:00,114.0942,dbd5a8c4f5808900
2020-11-10,2023-12-18,2023-12-19T22:00:00+00:00,114.0802,dbd5a8c4f5808900
2020-11-12,2023-12-18,2023-12-19T22:00:00+00:00,114.2889,dbd5a8c4f5808900
2020-11-13,2023-12-18,2023-12-19T22:00:00+00:00,114.2445,dbd5a8c4f5808900
2020-11-16,2023-12-18,2023-12-19T22:00:00+00:00,113.8356,dbd5a8c4f5808900
2020-11-17,2023-12-18,2023-12-19T22:00:00+00:00,113.6864,dbd5a8c4f5808900
2020-11-18,2023-12-18,2023-12-19T22:00:00+00:00,113.4645,dbd5a8c4f5808900
2020-11-19,2023-12-18,2023-12-19T22:00:00+00:00,113.6982,dbd5a8c4f5808900
2020-11-20,2023-12-18,2023-12-19T22:00:00+00:00,113.4932,dbd5a8c4f5808900
2020-11-23,2023-12-18,2023-12-19T22:00:00+00:00,113.7590,dbd5a8c4f5808900
2020-11-24,2023-12-18,2023-12-19T22:00:00+00:00,113.4361,dbd5a8c4f5808900
2020-11-25,2023-12-18,2023-12-19T22:00:00+00:00,113.1871,dbd5a8c4f5808900
2020-11-30,2023-12-18,2023-12-19T22:00:00+00:00,113.2308,dbd5a8c4f5808900
2020-12-01,2023-12-18,2023-12-19T22:00:00+00:00,112.8122,dbd5a8c4f5808900
2020-12-02,2023-12-18,2023-12-19T22:00:00+00:00,112.6174,dbd5a8c4f5808900
2020-12-03,2023-12-18,2023-12-19T22:00:00+00:00,112.0293,dbd5a8c4f5808900
2020-12-04,2023-12-18,2023-12-19T22:00:00+00:00,111.7826,dbd5a8c4f5808900
2020-12-07,2023-12-18,2023-12-19T22:00:00+00:00,111.8431,dbd5a8c4f5808900
2020-12-08,2023-12-18,2023-12-19T22:00:00+00:00,111.8684,dbd5a8c4f5808900
2020-12-09,2023-12-18,2023-12-19T22:00:00+00:00,112.0353,dbd5a8c4f5808900
2020-12-10,2023-12-18,2023-12-19T22:00:00+00:00,111.9839,dbd5a8c4f5808900
2020-12-11,2023-12-18,2023-12-19T22:00:00+00:00,112.1469,dbd5a8c4f5808900
2020-12-14,2023-12-18,2023-12-19T22:00:00+00:00,112.1770,dbd5a8c4f5808900
2020-12-15,2023-12-18,2023-12-19T22:00:00+00:00,111.8660,dbd5a8c4f5808900
2020-12-16,2023-12-18,2023-12-19T22:00:00+00:00,111.7215,dbd5a8c4f5808900
2020-12-17,2023-12-18,2023-12-19T22:00:00+00:00,111.2286,dbd5a8c4f5808900
2020-12-18,2023-12-18,2023-12-19T22:00:00+00:00,111.6136,dbd5a8c4f5808900
2020-12-21,2023-12-18,2023-12-19T22:00:00+00:00,111.9477,dbd5a8c4f5808900
2020-12-22,2023-12-18,2023-12-19T22:00:00+00:00,112.2010,dbd5a8c4f5808900
2020-12-23,2023-12-18,2023-12-19T22:00:00+00:00,111.9873,dbd5a8c4f5808900
2020-12-28,2023-12-18,2023-12-19T22:00:00+00:00,111.9821,dbd5a8c4f5808900
2020-12-29,2023-12-18,2023-12-19T22:00:00+00:00,111.5240,dbd5a8c4f5808900
2020-12-30,2023-12-18,2023-12-19T22:00:00+00:00,111.3156,dbd5a8c4f5808900
2020-12-31,2023-12-18,2023-12-19T22:00:00+00:00,111.3240,dbd5a8c4f5808900
2021-01-04,2023-12-18,2023-12-19T22:00:00+00:00,111.2143,dbd5a8c4f5808900
2021-01-05,2023-12-18,2023-12-19T22:00:00+00:00,110.9649,dbd5a8c4f5808900
2021-01-06,2023-12-18,2023-12-19T22:00:00+00:00,110.8573,dbd5a8c4f5808900
2021-01-07,2023-12-18,2023-12-19T22:00:00+00:00,111.3124,dbd5a8c4f5808900
2021-01-08,2023-12-18,2023-12-19T22:00:00+00:00,111.2930,dbd5a8c4f5808900
2021-01-11,2023-12-18,2023-12-19T22:00:00+00:00,111.8342,dbd5a8c4f5808900
2021-01-12,2023-12-18,2023-12-19T22:00:00+00:00,111.5584,dbd5a8c4f5808900
2021-01-13,2023-12-18,2023-12-19T22:00:00+00:00,111.3702,dbd5a8c4f5808900
2021-01-14,2023-12-18,2023-12-19T22:00:00+00:00,111.1639,dbd5a8c4f5808900
2021-01-15,2023-12-18,2023-12-19T22:00:00+00:00,111.5168,dbd5a8c4f5808900
2021-01-19,2023-12-18,2023-12-19T22:00:00+00:00,111.4591,dbd5a8c4f5808900
2021-01-21,2023-12-18,2023-12-19T22:00:00+00:00,111.2044,dbd5a8c4f5808900
2021-01-22,2023-12-18,2023-12-19T22:00:00+00:00,111.5602,dbd5a8c4f5808900
2021-01-25,2023-12-18,2023-12-19T22:00:00+00:00,111.8767,dbd5a8c4f5808900
2021-01-26,2023-12-18,2023-12-19T22:00:00+00:00,111.6661,dbd5a8c4f5808900
2021-01-27,2023-12-18,2023-12-19T22:00:00+00:00,112.0876,dbd5a8c4f5808900
2021-01-28,2023-12-18,2023-12-19T22:00:00+00:00,112.0150,dbd5a8c4f5808900
2021-01-29,2023-12-18,2023-12-19T22:00:00+00:00,111.9604,dbd5a8c4f5808900
2021-02-01,2023-12-18,2023-12-19T22:00:00+00:00,112.4282,dbd5a8c4f5808900
2021-02-02,2023-12-18,2023-12-19T22:00:00+00:00,112.2937,dbd5a8c4f5808900
2021-02-03,2023-12-18,2023-12-19T22:00:00+00:00,112.2648,dbd5a8c4f5808900
2021-02-04,2023-12-18,2023-12-19T22:00:00+00:00,112.7560,dbd5a8c4f5808900
2021-02-05,2023-12-18,2023-12-19T22:00:00+00:00,112.2463,dbd5a8c4f5808900
2021-02-08,2023-12-18,2023-12-19T22:00:00+00:00,112.0512,dbd5a8c4f5808900
2021-02-09,2023-12-18,2023-12-19T22:00:00+00:00,111.7768,dbd5a8c4f5808900
2021-02-10,2023-12-18,2023-12-19T22:00:00+00:00,111.5929,dbd5a8c4f5808900
2021-02-11,2023-12-18,2023-12-19T22:00:00+00:00,111.5364,dbd5a8c4f5808900
2021-02-12,2023-12-18,2023-12-19T22:00:00+00:00,111.4981,dbd5a8c4f5808900
2021-02-16,2023-12-18,2023-12-19T22:00:00+00:00,111.7984,dbd5a8c4f5808900
2021-02-17,2023-12-18,2023-12-19T22:00:00+00:00,112.0300,dbd5a8c4f5808900
2021-02-18,2023-12-18,2023-12-19T22:00:00+00:00,112.1718,dbd5a8c4f5808900
2021-02-19,2023-12-18,2023-12-19T22:00:00+00:00,111.7179,dbd5a8c4f5808900
2021-02-22,2023-12-18,2023-12-19T22:00:00+00:00,111.9316,dbd5a8c4f5808900
2021-02-23,2023-12-18,2023-12-19T22:00:00+00:00,111.9110,dbd5a8c4f5808900
2021-02-24,2023-12-18,2023-12-19T22:00:00+00:00,111.7339,dbd5a8c4f5808900
2021-02-26,2023-12-18,2023-12-19T22:00:00+00:00,112.8433,dbd5a8c4f5808900
2021-03-01,2023-12-18,2023-12-19T22:00:00+00:00,112.5380,dbd5a8c4f5808900
2021-03-02,2023-12-18,2023-12-19T22:00:00+00:00,112.5472,dbd5a8c4f5808900
2021-03-03,2023-12-18,2023-12-19T22:00:00+00:00,112.7761,dbd5a8c4f5808900
2021-03-04,2023-12-18,2023-12-19T22:00:00+00:00,112.7170,dbd5a8c4f5808900
2021-03-05,2023-12-18,2023-12-19T22:00:00+00:00,113.7626,dbd5a8c4f5808900
2021-03-08,2023-12-18,2023-12-19T22:00:00+00:00,114.2824,dbd5a8c4f5808900
2021-03-09,2023-12-18,2023-12-19T22:00:00+00:00,113.9431,dbd5a8c4f5808900
2021-03-10,2023-12-18,2023-12-19T22:00:00+00:00,113.6015,dbd5a8c4f5808900
2021-03-11,2023-12-18,2023-12-19T22:00:00+00:00,112.9345,dbd5a8c4f5808900
2021-03-12,2023-12-18,2023-12-19T22:00:00+00:00,113.0403,dbd5a8c4f5808900
2021-03-16,2023-12-18,2023-12-19T22:00:00+00:00,112.9970,dbd5a8c4f5808900
2021-03-17,2023-12-18,2023-12-19T22:00:00+00:00,113.1726,dbd5a8c4f5808900
2021-03-18,2023-12-18,2023-12-19T22:00:00+00:00,112.7872,dbd5a8c4f5808900
2021-03-19,2023-12-18,2023-12-19T22:00:00+00:00,112.9877,dbd5a8c4f5808900
2021-03-22,2023-12-18,2023-12-19T22:00:00+00:00,113.0154,dbd5a8c4f5808900
2021-03-23,2023-12-18,2023-12-19T22:00:00+00:00,113.3038,dbd5a8c4f5808900
2021-03-24,2023-12-18,2023-12-19T22:00:00+00:00,113.6690,dbd5a8c4f5808900
2021-03-25,2023-12-18,2023-12-19T22:00:00+00:00,114.0140,dbd5a8c4f5808900
2021-03-26,2023-12-18,2023-12-19T22:00:00+00:00,113.7532,dbd5a8c4f5808900
2021-03-29,2023-12-18,2023-12-19T22:00:00+00:00,113.9447,dbd5a8c4f5808900
2021-03-30,2023-12-18,2023-12-19T22:00:00+00:00,114.2152,dbd5a8c4f5808900
2021-03-31,2023-12-18,2023-12-19T22:00:00+00:00,113.8351,dbd5a8c4f5808900
2021-04-01,2023-12-18,2023-12-19T22:00:00+00:00,113.7504,dbd5a8c4f5808900
2021-04-02,2023-12-18,2023-12-19T22:00:00+00:00,113.7429,dbd5a8c4f5808900
2021-04-05,2023-12-18,2023-12-19T22:00:00+00:00,113.4060,dbd5a8c4f5808900
2021-04-06,2023-12-18,2023-12-19T22:00:00+00:00,113.1575,dbd5a8c4f5808900
2021-04-07,2023-12-18,2023-12-19T22:00:00+00:00,113.2540,dbd5a8c4f5808900
2021-04-08,2023-12-18,2023-12-19T22:00:00+00:00,113.1015,dbd5a8c4f5808900
2021-04-09,2023-12-18,2023-12-19T22:00:00+00:00,113.2132,dbd5a8c4f5808900
2021-04-12,2023-12-18,2023-12-19T22:00:00+00:00,113.1916,dbd5a8c4f5808900
2021-04-13,2023-12-18,2023-12-19T22:00:00+00:00,113.0489,dbd5a8c4f5808900
2021-04-14,2023-12-18,2023-12-19T22:00:00+00:00,112.7951,dbd5a8c4f5808900
2021-04-15,2023-12-18,2023-12-19T22:00:00+00:00,112.6274,dbd5a8c4f5808900
2021-04-16,2023-12-18,2023-12-19T22:00:00+00:00,112.4913,dbd5a8c4f5808900
2021-04-19,2023-12-18,2023-12-19T22:00:00+00:00,112.1929,dbd5a8c4f5808900
2021-04-20,2023-12-18,2023-12-19T22:00:00+00:00,112.2444,dbd5a8c4f5808900
2021-04-21,2023-12-18,2023-12-19T22:00:00+00:00,112.1862,dbd5a8c4f5808900
2021-04-22,2023-12-18,2023-12-19T22:00:00+00:00,112.2385,dbd5a8c4f5808900
2021-04-23,2023-12-18,2023-12-19T22:00:00+00:00,112.0981,dbd5a8c4f5808900
2021-04-26,2023-12-18,2023-12-19T22:00:00+00:00,111.8207,dbd5a8c4f5808900
2021-04-27,2023-12-18,2023-12-19T22:00:00+00:00,111.9203,dbd5a8c4f5808900
2021-04-28,2023-12-18,2023-12-19T22:00:00+00:00,111.8015,dbd5a8c4f5808900
2021-04-29,2023-12-18,2023-12-19T22:00:00+00:00,111.7583,dbd5a8c4f5808900
2021-05-03,2023-12-18,2023-12-19T22:00:00+00:00,112.0176,dbd5a8c4f5808900
2021-05-04,2023-12-18,2023-12-19T22:00:00+00:00,112.3021,dbd5a8c4f5808900
2021-05-05,2023-12-18,2023-12-19T22:00:00+00:00,112.1639,dbd5a8c4f5808900
2021-05-06,2023-12-18,2023-12-19T22:00:00+00:00,111.8525,dbd5a8c4f5808900
2021-05-07,2023-12-18,2023-12-19T22:00:00+00:00,111.0372,dbd5a8c4f5808900
2021-05-10,2023-12-18,2023-12-19T22:00:00+00:00,110.8030,dbd5a8c4f5808900
2021-05-11,2023-12-18,2023-12-19T22:00:00+00:00,110.9040,dbd5a8c4f5808900
2021-05-12,2023-12-18,2023-12-19T22:00:00+00:00,111.5762,dbd5a8c4f5808900
2021-05-13,2023-12-18,2023-12-19T22:00:00+00:00,111.6079,dbd5a8c4f5808900
2021-05-14,2023-12-18,2023-12-19T22:00:00+00:00,111.1476,dbd5a8c4f5808900
2021-05-17,2023-12-18,2023-12-19T22:00:00+00:00,111.0913,dbd5a8c4f5808900
2021-05-18,2023-12-18,2023-12-19T22:00:00+00:00,110.8446,dbd5a8c4f5808900
2021-05-19,2023-12-18,2023-12-19T22:00:00+00:00,110.8933,dbd5a8c4f5808900
2021-05-20,2023-12-18,2023-12-19T22:00:00+00:00,110.8741,dbd5a8c4f5808900
2021-05-21,2023-12-18,2023-12-19T22:00:00+00:00,111.0714,dbd5a8c4f5808900
2021-05-24,2023-12-18,2023-12-19T22:00:00+00:00,110.9254,dbd5a8c4f5808900
2021-05-25,2023-12-18,2023-12-19T22:00:00+00:00,110.8557,dbd5a8c4f5808900
2021-05-26,2023-12-18,2023-12-19T22:00:00+00:00,110.8814,dbd5a8c4f5808900
2021-05-27,2023-12-18,2023-12-19T22:00:00+00:00,110.8829,dbd5a8c4f5808900
2021-05-28,2023-12-18,2023-12-19T22:00:00+00:00,110.7711,dbd5a8c4f5808900
2021-06-01,2023-12-18,2023-12-19T22:00:00+00:00,110.5179,dbd5a8c4f5808900
2021-06-02,2023-12-18,2023-12-19T22:00:00+00:00,110.5924,dbd5a8c4f5808900
2021-06-03,2023-12-18,2023-12-19T22:00:00+00:00,111.1905,dbd5a8c4f5808900
2021-06-04,2023-12-18,2023-12-19T22:00:00+00:00,110.7645,dbd5a8c4f5808900
2021-06-07,2023-12-18,2023-12-19T22:00:00+00:00,110.5275,dbd5a8c4f5808900
2021-06-08,2023-12-18,2023-12-19T22:00:00+00:00,110.6608,dbd5a8c4f5808900
2021-06-09,2023-12-18,2023-12-19T22:00:00+00:00,110.5820,dbd5a8c4f5808900
2021-06-10,2023-12-18,2023-12-19T22:00:00+00:00,110.5570,dbd5a8c4f5808900
2021-06-11,2023-12-18,2023-12-19T22:00:00+00:00,111.1052,dbd5a8c4f5808900
2021-06-14,2023-12-18,2023-12-19T22:00:00+00:00,110.9779,dbd5a8c4f5808900
2021-06-15,2023-12-18,2023-12-19T22:00:00+00:00,111.3634,dbd5a8c4f5808900
2021-06-16,2023-12-18,2023-12-19T22:00:00+00:00,111.1287,dbd5a8c4f5808900
2021-06-17,2023-12-18,2023-12-19T22:00:00+00:00,112.5881,dbd5a8c4f5808900
2021-06-18,2023-12-18,2023-12-19T22:00:00+00:00,113.0517,dbd5a8c4f5808900
2021-06-21,2023-12-18,2023-12-19T22:00:00+00:00,112.8506,dbd5a8c4f5808900
2021-06-23,2023-12-18,2023-12-19T22:00:00+00:00,112.3931,dbd5a8c4f5808900
2021-06-24,2023-12-18,2023-12-19T22:00:00+00:00,112.3357,dbd5a8c4f5808900
2021-06-25,2023-12-18,2023-12-19T22:00:00+00:00,111.9742,dbd5a8c4f5808900
2021-06-28,2023-12-18,2023-12-19T22:00:00+00:00,112.0330,dbd5a8c4f5808900
2021-06-29,2023-12-18,2023-12-19T22:00:00+00:00,112.2692,dbd5a8c4f5808900
2021-06-30,2023-12-18,2023-12-19T22:00:00+00:00,112.5613,dbd5a8c4f5808900
2021-07-01,2023-12-18,2023-12-19T22:00:00+00:00,112.7484,dbd5a8c4f5808900
2021-07-02,2023-12-18,2023-12-19T22:00:00+00:00,112.5507,dbd5a8c4f5808900
2021-07-06,2023-12-18,2023-12-19T22:00:00+00:00,112.9602,dbd5a8c4f5808900
2021-07-07,2023-12-18,2023-12-19T22:00:00+00:00,113.1136,dbd5a8c4f5808900
2021-07-08,2023-12-18,2023-12-19T22:00:00+00:00,113.0863,dbd5a8c4f5808900
2021-07-09,2023-12-18,2023-12-19T22:00:00+00:00,112.8468,dbd5a8c4f5808900
2021-07-12,2023-12-18,2023-12-19T22:00:00+00:00,112.7701,dbd5a8c4f5808900
2021-07-13,2023-12-18,2023-12-19T22:00:00+00:00,113.0153,dbd5a8c4f5808900
2021-07-14,2023-12-18,2023-12-19T22:00:00+00:00,112.8885,dbd5a8c4f5808900
2021-07-15,2023-12-18,2023-12-19T22:00:00+00:00,113.0122,dbd5a8c4f5808900
2021-07-16,2023-12-18,2023-12-19T22:00:00+00:00,113.0504,dbd5a8c4f5808900
2021-07-19,2023-12-18,2023-12-19T22:00:00+00:00,113.5547,dbd5a8c4f5808900
2021-07-20,2023-12-18,2023-12-19T22:00:00+00:00,113.7582,dbd5a8c4f5808900
2021-07-21,2023-12-18,2023-12-19T22:00:00+00:00,113.4018,dbd5a8c4f5808900
2021-07-22,2023-12-18,2023-12-19T22:00:00+00:00,113.4788,dbd5a8c4f5808900
2021-07-23,2023-12-18,2023-12-19T22:00:00+00:00,113.4486,dbd5a8c4f5808900
2021-07-26,2023-12-18,2023-12-19T22:00:00+00:00,113.2335,dbd5a8c4f5808900
2021-07-27,2023-12-18,2023-12-19T22:00:00+00:00,113.2321,dbd5a8c4f5808900
2021-07-28,2023-12-18,2023-12-19T22:00:00+00:00,113.1899,dbd5a8c4f5808900
2021-07-29,2023-12-18,2023-12-19T22:00:00+00:00,112.4927,dbd5a8c4f5808900
2021-07-30,2023-12-18,2023-12-19T22:00:00+00:00,112.6808,dbd5a8c4f5808900
2021-08-02,2023-12-18,2023-12-19T22:00:00+00:00,112.6784,dbd5a8c4f5808900
2021-08-03,2023-12-18,2023-12-19T22:00:00+00:00,112.8331,dbd5a8c4f5808900
2021-08-04,2023-12-18,2023-12-19T22:00:00+00:00,112.9060,dbd5a8c4f5808900
2021-08-05,2023-12-18,2023-12-19T22:00:00+00:00,112.7780,dbd5a8c4f5808900
2021-08-06,2023-12-18,2023-12-19T22:00:00+00:00,113.3192,dbd5a8c4f5808900
2021-08-09,2023-12-18,2023-12-19T22:00:00+00:00,113.4625,dbd5a8c4f5808900
2021-08-10,2023-12-18,2023-12-19T22:00:00+00:00,113.5072,dbd5a8c4f5808900
2021-08-11,2023-12-18,2023-12-19T22:00:00+00:00,113.2917,dbd5a8c4f5808900
2021-08-12,2023-12-18,2023-12-19T22:00:00+00:00,113.2780,dbd5a8c4f5808900
2021-08-13,2023-12-18,2023-12-19T22:00:00+00:00,113.0708,dbd5a8c4f5808900
2021-08-16,2023-12-18,2023-12-19T22:00:00+00:00,113.1790,dbd5a8c4f5808900
2021-08-17,2023-12-18,2023-12-19T22:00:00+00:00,113.6263,dbd5a8c4f5808900
2021-08-18,2023-12-18,2023-12-19T22:00:00+00:00,113.7050,dbd5a8c4f5808900
2021-08-19,2023-12-18,2023-12-19T22:00:00+00:00,114.1195,dbd5a8c4f5808900
2021-08-20,2023-12-18,2023-12-19T22:00:00+00:00,114.5108,dbd5a8c4f5808900
2021-08-23,2023-12-18,2023-12-19T22:00:00+00:00,113.9526,dbd5a8c4f5808900
2021-08-24,2023-12-18,2023-12-19T22:00:00+00:00,113.6899,dbd5a8c4f5808900
2021-08-25,2023-12-18,2023-12-19T22:00:00+00:00,113.6424,dbd5a8c4f5808900
2021-08-26,2023-12-18,2023-12-19T22:00:00+00:00,113.7986,dbd5a8c4f5808900
2021-08-27,2023-12-18,2023-12-19T22:00:00+00:00,113.3511,dbd5a8c4f5808900
2021-08-30,2023-12-18,2023-12-19T22:00:00+00:00,113.2560,dbd5a8c4f5808900
2021-08-31,2023-12-18,2023-12-19T22:00:00+00:00,113.1175,dbd5a8c4f5808900
2021-09-01,2023-12-18,2023-12-19T22:00:00+00:00,112.8832,dbd5a8c4f5808900
2021-09-02,2023-12-18,2023-12-19T22:00:00+00:00,112.7966,dbd5a8c4f5808900
2021-09-03,2023-12-18,2023-12-19T22:00:00+00:00,112.5580,dbd5a8c4f5808900
2021-09-07,2023-12-18,2023-12-19T22:00:00+00:00,112.9892,dbd5a8c4f5808900
2021-09-08,2023-12-18,2023-12-19T22:00:00+00:00,113.2414,dbd5a8c4f5808900
2021-09-09,2023-12-18,2023-12-19T22:00:00+00:00,113.0530,dbd5a8c4f5808900
2021-09-10,2023-12-18,2023-12-19T22:00:00+00:00,112.9519,dbd5a8c4f5808900
2021-09-13,2023-12-18,2023-12-19T22:00:00+00:00,113.0432,dbd5a8c4f5808900
2021-09-14,2023-12-18,2023-12-19T22:00:00+00:00,113.0151,dbd5a8c4f5808900
2021-09-15,2023-12-18,2023-12-19T22:00:00+00:00,112.9862,dbd5a8c4f5808900
2021-09-16,2023-12-18,2023-12-19T22:00:00+00:00,113.3122,dbd5a8c4f5808900
2021-09-17,2023-12-18,2023-12-19T22:00:00+00:00,113.6074,dbd5a8c4f5808900
2021-09-20,2023-12-18,2023-12-19T22:00:00+00:00,113.9511,dbd5a8c4f5808900
2021-09-21,2023-12-18,2023-12-19T22:00:00+00:00,113.8266,dbd5a8c4f5808900
2021-09-22,2023-12-18,2023-12-19T22:00:00+00:00,113.6310,dbd5a8c4f5808900
2021-09-23,2023-12-18,2023-12-19T22:00:00+00:00,113.5224,dbd5a8c4f5808900
2021-09-24,2023-12-18,2023-12-19T22:00:00+00:00,113.7694,dbd5a8c4f5808900
2021-09-27,2023-12-18,2023-12-19T22:00:00+00:00,113.7532,dbd5a8c4f5808900
2021-09-28,2023-12-18,2023-12-19T22:00:00+00:00,114.2571,dbd5a8c4f5808900
2021-09-29,2023-12-18,2023-12-19T22:00:00+00:00,114.7191,dbd5a8c4f5808900
2021-09-30,2023-12-18,2023-12-19T22:00:00+00:00,114.6504,dbd5a8c4f5808900
2021-10-01,2023-12-18,2023-12-19T22:00:00+00:00,114.3899,dbd5a8c4f5808900
2021-10-04,2023-12-18,2023-12-19T22:00:00+00:00,114.2847,dbd5a8c4f5808900
2021-10-05,2023-12-18,2023-12-19T22:00:00+00:00,114.3767,dbd5a8c4f5808900
2021-10-06,2023-12-18,2023-12-19T22:00:00+00:00,114.7292,dbd5a8c4f5808900
2021-10-07,2023-12-18,2023-12-19T22:00:00+00:00,114.5156,dbd5a8c4f5808900
2021-10-08,2023-12-18,2023-12-19T22:00:00+00:00,114.6108,dbd5a8c4f5808900
2021-10-12,2023-12-18,2023-12-19T22:00:00+00:00,114.7667,dbd5a8c4f5808900
2021-10-13,2023-12-18,2023-12-19T22:00:00+00:00,114.4827,dbd5a8c4f5808900
2021-10-14,2023-12-18,2023-12-19T22:00:00+00:00,114.2181,dbd5a8c4f5808900
2021-10-15,2023-12-18,2023-12-19T22:00:00+00:00,114.1033,dbd5a8c4f5808900
2021-10-18,2023-12-18,2023-12-19T22:00:00+00:00,114.0022,dbd5a8c4f5808900
2021-10-19,2023-12-18,2023-12-19T22:00:00+00:00,113.6595,dbd5a8c4f5808900
2021-10-20,2023-12-18,2023-12-19T22:00:00+00:00,113.5210,dbd5a8c4f5808900
2021-10-21,2023-12-18,2023-12-19T22:00:00+00:00,113.6322,dbd5a8c4f5808900
2021-10-22,2023-12-18,2023-12-19T22:00:00+00:00,113.6828,dbd5a8c4f5808900
2021-10-25,2023-12-18,2023-12-19T22:00:00+00:00,113.6172,dbd5a8c4f5808900
2021-10-26,2023-12-18,2023-12-19T22:00:00+00:00,113.6863,dbd5a8c4f5808900
2021-10-27,2023-12-18,2023-12-19T22:00:00+00:00,113.6342,dbd5a8c4f5808900
2021-10-28,2023-12-18,2023-12-19T22:00:00+00:00,113.4530,dbd5a8c4f5808900
2021-10-29,2023-12-18,2023-12-19T22:00:00+00:00,114.1490,dbd5a8c4f5808900
2021-11-01,2023-12-18,2023-12-19T22:00:00+00:00,114.2231,dbd5a8c4f5808900
2021-11-02,2023-12-18,2023-12-19T22:00:00+00:00,114.2997,dbd5a8c4f5808900
2021-11-03,2023-12-18,2023-12-19T22:00:00+00:00,114.3754,dbd5a8c4f5808900
2021-11-04,2023-12-18,2023-12-19T22:00:00+00:00,114.3700,dbd5a8c4f5808900
2021-11-05,2023-12-18,2023-12-19T22:00:00+00:00,114.0865,dbd5a8c4f5808900
2021-11-08,2023-12-18,2023-12-19T22:00:00+00:00,113.8391,dbd5a8c4f5808900
2021-11-09,2023-12-18,2023-12-19T22:00:00+00:00,113.7746,dbd5a8c4f5808900
2021-11-10,2023-12-18,2023-12-19T22:00:00+00:00,114.1611,dbd5a8c4f5808900
2021-11-12,2023-12-18,2023-12-19T22:00:00+00:00,114.5263,dbd5a8c4f5808900
2021-11-15,2023-12-18,2023-12-19T22:00:00+00:00,114.6003,dbd5a8c4f5808900
2021-11-16,2023-12-18,2023-12-19T22:00:00+00:00,115.1490,dbd5a8c4f5808900
2021-11-17,2023-12-18,2023-12-19T22:00:00+00:00,115.0390,dbd5a8c4f5808900
2021-11-18,2023-12-18,2023-12-19T22:00:00+00:00,115.0811,dbd5a8c4f5808900
2021-11-19,2023-12-18,2023-12-19T22:00:00+00:00,115.2318,dbd5a8c4f5808900
2021-11-22,2023-12-18,2023-12-19T22:00:00+00:00,115.6615,dbd5a8c4f5808900
2021-11-23,2023-12-18,2023-12-19T22:00:00+00:00,116.0260,dbd5a8c4f5808900
2021-11-24,2023-12-18,2023-12-19T22:00:00+00:00,116.2855,dbd5a8c4f5808900
2021-11-26,2023-12-18,2023-12-19T22:00:00+00:00,116.5259,dbd5a8c4f5808900
2021-11-29,2023-12-18,2023-12-19T22:00:00+00:00,116.5960,dbd5a8c4f5808900
2021-11-30,2023-12-18,2023-12-19T22:00:00+00:00,116.2206,dbd5a8c4f5808900
2021-12-01,2023-12-18,2023-12-19T22:00:00+00:00,115.9026,dbd5a8c4f5808900
2021-12-02,2023-12-18,2023-12-19T22:00:00+00:00,116.0313,dbd5a8c4f5808900
2021-12-03,2023-12-18,2023-12-19T22:00:00+00:00,116.2511,dbd5a8c4f5808900
2021-12-06,2023-12-18,2023-12-19T22:00:00+00:00,116.1663,dbd5a8c4f5808900
2021-12-07,2023-12-18,2023-12-19T22:00:00+00:00,115.8676,dbd5a8c4f5808900
2021-12-08,2023-12-18,2023-12-19T22:00:00+00:00,115.4541,dbd5a8c4f5808900
2021-12-09,2023-12-18,2023-12-19T22:00:00+00:00,115.7904,dbd5a8c4f5808900
2021-12-10,2023-12-18,2023-12-19T22:00:00+00:00,115.5852,dbd5a8c4f5808900
2021-12-13,2023-12-18,2023-12-19T22:00:00+00:00,115.8538,dbd5a8c4f5808900
2021-12-14,2023-12-18,2023-12-19T22:00:00+00:00,116.2520,dbd5a8c4f5808900
2021-12-15,2023-12-18,2023-12-19T22:00:00+00:00,116.4342,dbd5a8c4f5808900
2021-12-16,2023-12-18,2023-12-19T22:00:00+00:00,115.7267,dbd5a8c4f5808900
2021-12-17,2023-12-18,2023-12-19T22:00:00+00:00,115.8022,dbd5a8c4f5808900
2021-12-20,2023-12-18,2023-12-19T22:00:00+00:00,116.0206,dbd5a8c4f5808900
2021-12-21,2023-12-18,2023-12-19T22:00:00+00:00,116.1208,dbd5a8c4f5808900
2021-12-22,2023-12-18,2023-12-19T22:00:00+00:00,115.7612,dbd5a8c4f5808900
2021-12-23,2023-12-18,2023-12-19T22:00:00+00:00,115.5469,dbd5a8c4f5808900
2021-12-27,2023-12-18,2023-12-19T22:00:00+00:00,115.4821,dbd5a8c4f5808900
2021-12-28,2023-12-18,2023-12-19T22:00:00+00:00,115.4327,dbd5a8c4f5808900
2021-12-29,2023-12-18,2023-12-19T22:00:00+00:00,115.3819,dbd5a8c4f5808900
2021-12-30,2023-12-18,2023-12-19T22:00:00+00:00,115.2969,dbd5a8c4f5808900
2022-01-03,2023-12-18,2023-12-19T22:00:00+00:00,115.4243,dbd5a8c4f5808900
2022-01-04,2023-12-18,2023-12-19T22:00:00+00:00,115.3263,dbd5a8c4f5808900
2022-01-05,2023-12-18,2023-12-19T22:00:00+00:00,115.1524,dbd5a8c4f5808900
2022-01-06,2023-12-18,2023-12-19T22:00:00+00:00,115.4189,dbd5a8c4f5808900
2022-01-07,2023-12-18,2023-12-19T22:00:00+00:00,115.0596,dbd5a8c4f5808900
2022-01-10,2023-12-18,2023-12-19T22:00:00+00:00,115.2350,dbd5a8c4f5808900
2022-01-11,2023-12-18,2023-12-19T22:00:00+00:00,114.8467,dbd5a8c4f5808900
2022-01-12,2023-12-18,2023-12-19T22:00:00+00:00,114.3713,dbd5a8c4f5808900
2022-01-13,2023-12-18,2023-12-19T22:00:00+00:00,114.1934,dbd5a8c4f5808900
2022-01-14,2023-12-18,2023-12-19T22:00:00+00:00,114.3968,dbd5a8c4f5808900
2022-01-18,2023-12-18,2023-12-19T22:00:00+00:00,114.7513,dbd5a8c4f5808900
2022-01-19,2023-12-18,2023-12-19T22:00:00+00:00,114.6254,dbd5a8c4f5808900
2022-01-20,2023-12-18,2023-12-19T22:00:00+00:00,114.4779,dbd5a8c4f5808900
2022-01-21,2023-12-18,2023-12-19T22:00:00+00:00,114.6261,dbd5a8c4f5808900
2022-01-24,2023-12-18,2023-12-19T22:00:00+00:00,115.2165,dbd5a8c4f5808900
2022-01-25,2023-12-18,2023-12-19T22:00:00+00:00,115.1779,dbd5a8c4f5808900
2022-01-26,2023-12-18,2023-12-19T22:00:00+00:00,115.1044,dbd5a8c4f5808900
2022-01-27,2023-12-18,2023-12-19T22:00:00+00:00,115.9874,dbd5a8c4f5808900
2022-01-28,2023-12-18,2023-12-19T22:00:00+00:00,116.0490,dbd5a8c4f5808900
2022-01-31,2023-12-18,2023-12-19T22:00:00+00:00,115.5742,dbd5a8c4f5808900
2022-02-01,2023-12-18,2023-12-19T22:00:00+00:00,115.3775,dbd5a8c4f5808900
2022-02-02,2023-12-18,2023-12-19T22:00:00+00:00,115.1643,dbd5a8c4f5808900
2022-02-03,2023-12-18,2023-12-19T22:00:00+00:00,114.9175,dbd5a8c4f5808900
2022-02-04,2023-12-18,2023-12-19T22:00:00+00:00,115.1473,dbd5a8c4f5808900
2022-02-07,2023-12-18,2023-12-19T22:00:00+00:00,115.0209,dbd5a8c4f5808900
2022-02-08,2023-12-18,2023-12-19T22:00:00+00:00,115.0999,dbd5a8c4f5808900
2022-02-09,2023-12-18,2023-12-19T22:00:00+00:00,114.8329,dbd5a8c4f5808900
2022-02-10,2023-12-18,2023-12-19T22:00:00+00:00,114.5618,dbd5a8c4f5808900
2022-02-11,2023-12-18,2023-12-19T22:00:00+00:00,114.8489,dbd5a8c4f5808900
2022-02-14,2023-12-18,2023-12-19T22:00:00+00:00,115.2008,dbd5a8c4f5808900
2022-02-15,2023-12-18,2023-12-19T22:00:00+00:00,114.9357,dbd5a8c4f5808900
2022-02-16,2023-12-18,2023-12-19T22:00:00+00:00,114.6954,dbd5a8c4f5808900
2022-02-17,2023-12-18,2023-12-19T22:00:00+00:00,114.6820,dbd5a8c4f5808900
2022-02-18,2023-12-18,2023-12-19T22:00:00+00:00,114.8036,dbd5a8c4f5808900
2022-02-22,2023-12-18,2023-12-19T22:00:00+00:00,114.7054,dbd5a8c4f5808900
2022-02-23,2023-12-18,2023-12-19T22:00:00+00:00,114.6718,dbd5a8c4f5808900
2022-02-24,2023-12-18,2023-12-19T22:00:00+00:00,115.9478,dbd5a8c4f5808900
2022-02-25,2023-12-18,2023-12-19T22:00:00+00:00,115.2633,dbd5a8c4f5808900
2022-02-28,2023-12-18,2023-12-19T22:00:00+00:00,115.2317,dbd5a8c4f5808900
2022-03-01,2023-12-18,2023-12-19T22:00:00+00:00,115.8062,dbd5a8c4f5808900
2022-03-02,2023-12-18,2023-12-19T22:00:00+00:00,115.7727,dbd5a8c4f5808900
2022-03-03,2023-12-18,2023-12-19T22:00:00+00:00,115.9592,dbd5a8c4f5808900
2022-03-04,2023-12-18,2023-12-19T22:00:00+00:00,116.6610,dbd5a8c4f5808900
2022-03-07,2023-12-18,2023-12-19T22:00:00+00:00,117.3406,dbd5a8c4f5808900
2022-03-08,2023-12-18,2023-12-19T22:00:00+00:00,117.6281,dbd5a8c4f5808900
2022-03-09,2023-12-18,2023-12-19T22:00:00+00:00,116.6057,dbd5a8c4f5808900
2022-03-10,2023-12-18,2023-12-19T22:00:00+00:00,116.7500,dbd5a8c4f5808900
2022-03-11,2023-12-18,2023-12-19T22:00:00+00:00,117.0294,dbd5a8c4f5808900
2022-03-14,2023-12-18,2023-12-19T22:00:00+00:00,117.1594,dbd5a8c4f5808900
2022-03-15,2023-12-18,2023-12-19T22:00:00+00:00,117.2533,dbd5a8c4f5808900
2022-03-16,2023-12-18,2023-12-19T22:00:00+00:00,116.8135,dbd5a8c4f5808900
2022-03-17,2023-12-18,2023-12-19T22:00:00+00:00,116.0544,dbd5a8c4f5808900
2022-03-18,2023-12-18,2023-12-19T22:00:00+00:00,116.1447,dbd5a8c4f5808900
2022-03-21,2023-12-18,2023-12-19T22:00:00+00:00,115.9467,dbd5a8c4f5808900
2022-03-22,2023-12-18,2023-12-19T22:00:00+00:00,116.0888,dbd5a8c4f5808900
2022-03-23,2023-12-18,2023-12-19T22:00:00+00:00,116.0101,dbd5a8c4f5808900
2022-03-24,2023-12-18,2023-12-19T22:00:00+00:00,115.9651,dbd5a8c4f5808900
2022-03-25,2023-12-18,2023-12-19T22:00:00+00:00,115.7953,dbd5a8c4f5808900
2022-03-28,2023-12-18,2023-12-19T22:00:00+00:00,116.1953,dbd5a8c4f5808900
2022-03-29,2023-12-18,2023-12-19T22:00:00+00:00,115.5720,dbd5a8c4f5808900
2022-03-30,2023-12-18,2023-12-19T22:00:00+00:00,115.0857,dbd5a8c4f5808900
2022-03-31,2023-12-18,2023-12-19T22:00:00+00:00,115.2254,dbd5a8c4f5808900
2022-04-01,2023-12-18,2023-12-19T22:00:00+00:00,115.4835,dbd5a8c4f5808900
2022-04-04,2023-12-18,2023-12-19T22:00:00+00:00,115.4121,dbd5a8c4f5808900
2022-04-05,2023-12-18,2023-12-19T22:00:00+00:00,115.7328,dbd5a8c4f5808900
2022-04-06,2023-12-18,2023-12-19T22:00:00+00:00,116.0020,dbd5a8c4f5808900
2022-04-07,2023-12-18,2023-12-19T22:00:00+00:00,116.3541,dbd5a8c4f5808900
2022-04-08,2023-12-18,2023-12-19T22:00:00+00:00,116.4200,dbd5a8c4f5808900
2022-04-11,2023-12-18,2023-12-19T22:00:00+00:00,116.5423,dbd5a8c4f5808900
2022-04-12,2023-12-18,2023-12-19T22:00:00+00:00,116.3870,dbd5a8c4f5808900
2022-04-13,2023-12-18,2023-12-19T22:00:00+00:00,116.2793,dbd5a8c4f5808900
2022-04-14,2023-12-18,2023-12-19T22:00:00+00:00,116.7552,dbd5a8c4f5808900
2022-04-15,2023-12-18,2023-12-19T22:00:00+00:00,116.7011,dbd5a8c4f5808900
2022-04-18,2023-12-18,2023-12-19T22:00:00+00:00,116.8427,dbd5a8c4f5808900
2022-04-19,2023-12-18,2023-12-19T22:00:00+00:00,117.1322,dbd5a8c4f5808900
2022-04-20,2023-12-18,2023-12-19T22:00:00+00:00,116.7325,dbd5a8c4f5808900
2022-04-21,2023-12-18,2023-12-19T22:00:00+00:00,117.1454,dbd5a8c4f5808900
2022-04-22,2023-12-18,2023-12-19T22:00:00+00:00,118.0205,dbd5a8c4f5808900
2022-04-25,2023-12-18,2023-12-19T22:00:00+00:00,118.6298,dbd5a8c4f5808900
2022-04-26,2023-12-18,2023-12-19T22:00:00+00:00,118.9658,dbd5a8c4f5808900
2022-04-27,2023-12-18,2023-12-19T22:00:00+00:00,119.4720,dbd5a8c4f5808900
2022-04-28,2023-12-18,2023-12-19T22:00:00+00:00,120.0703,dbd5a8c4f5808900
2022-04-29,2023-12-18,2023-12-19T22:00:00+00:00,119.4936,dbd5a8c4f5808900
2022-05-02,2023-12-18,2023-12-19T22:00:00+00:00,119.8827,dbd5a8c4f5808900
2022-05-03,2023-12-18,2023-12-19T22:00:00+00:00,119.7037,dbd5a8c4f5808900
2022-05-04,2023-12-18,2023-12-19T22:00:00+00:00,119.5567,dbd5a8c4f5808900
2022-05-05,2023-12-18,2023-12-19T22:00:00+00:00,120.0043,dbd5a8c4f5808900
2022-05-06,2023-12-18,2023-12-19T22:00:00+00:00,119.8544,dbd5a8c4f5808900
2022-05-09,2023-12-18,2023-12-19T22:00:00+00:00,120.4949,dbd5a8c4f5808900
2022-05-10,2023-12-18,2023-12-19T22:00:00+00:00,120.7716,dbd5a8c4f5808900
2022-05-11,2023-12-18,2023-12-19T22:00:00+00:00,120.3896,dbd5a8c4f5808900
2022-05-12,2023-12-18,2023-12-19T22:00:00+00:00,121.2730,dbd5a8c4f5808900
2022-05-13,2023-12-18,2023-12-19T22:00:00+00:00,120.8379,dbd5a8c4f5808900
2022-05-16,2023-12-18,2023-12-19T22:00:00+00:00,120.6812,dbd5a8c4f5808900
2022-05-17,2023-12-18,2023-12-19T22:00:00+00:00,119.8816,dbd5a8c4f5808900
2022-05-18,2023-12-18,2023-12-19T22:00:00+00:00,120.0220,dbd5a8c4f5808900
2022-05-19,2023-12-18,2023-12-19T22:00:00+00:00,119.4244,dbd5a8c4f5808900
2022-05-20,2023-12-18,2023-12-19T22:00:00+00:00,119.3617,dbd5a8c4f5808900
2022-05-23,2023-12-18,2023-12-19T22:00:00+00:00,118.7120,dbd5a8c4f5808900
2022-05-24,2023-12-18,2023-12-19T22:00:00+00:00,118.6208,dbd5a8c4f5808900
2022-05-25,2023-12-18,2023-12-19T22:00:00+00:00,118.9561,dbd5a8c4f5808900
2022-05-26,2023-12-18,2023-12-19T22:00:00+00:00,118.7671,dbd5a8c4f5808900
2022-05-27,2023-12-18,2023-12-19T22:00:00+00:00,118.2796,dbd5a8c4f5808900
2022-05-31,2023-12-18,2023-12-19T22:00:00+00:00,118.0689,dbd5a8c4f5808900
2022-06-01,2023-12-18,2023-12-19T22:00:00+00:00,118.6936,dbd5a8c4f5808900
2022-06-02,2023-12-18,2023-12-19T22:00:00+00:00,118.0642,dbd5a8c4f5808900
2022-06-03,2023-12-18,2023-12-19T22:00:00+00:00,118.2138,dbd5a8c4f5808900
2022-06-06,2023-12-18,2023-12-19T22:00:00+00:00,118.3053,dbd5a8c4f5808900
2022-06-07,2023-12-18,2023-12-19T22:00:00+00:00,118.4401,dbd5a8c4f5808900
2022-06-08,2023-12-18,2023-12-19T22:00:00+00:00,118.3944,dbd5a8c4f5808900
2022-06-09,2023-12-18,2023-12-19T22:00:00+00:00,118.9193,dbd5a8c4f5808900
2022-06-10,2023-12-18,2023-12-19T22:00:00+00:00,119.9942,dbd5a8c4f5808900
2022-06-13,2023-12-18,2023-12-19T22:00:00+00:00,121.1517,dbd5a8c4f5808900
2022-06-14,2023-12-18,2023-12-19T22:00:00+00:00,121.6668,dbd5a8c4f5808900
2022-06-15,2023-12-18,2023-12-19T22:00:00+00:00,121.6382,dbd5a8c4f5808900
2022-06-16,2023-12-18,2023-12-19T22:00:00+00:00,120.6755,dbd5a8c4f5808900
2022-06-17,2023-12-18,2023-12-19T22:00:00+00:00,121.2389,dbd5a8c4f5808900
2022-06-21,2023-12-18,2023-12-19T22:00:00+00:00,120.6460,dbd5a8c4f5808900
2022-06-22,2023-12-18,2023-12-19T22:00:00+00:00,120.5232,dbd5a8c4f5808900
2022-06-23,2023-12-18,2023-12-19T22:00:00+00:00,120.7646,dbd5a8c4f5808900
2022-06-24,2023-12-18,2023-12-19T22:00:00+00:00,120.4897,dbd5a8c4f5808900
2022-06-27,2023-12-18,2023-12-19T22:00:00+00:00,120.1789,dbd5a8c4f5808900
2022-06-28,2023-12-18,2023-12-19T22:00:00+00:00,120.6254,dbd5a8c4f5808900
2022-06-29,2023-12-18,2023-12-19T22:00:00+00:00,120.9689,dbd5a8c4f5808900
2022-06-30,2023-12-18,2023-12-19T22:00:00+00:00,120.9718,dbd5a8c4f5808900
2022-07-01,2023-12-18,2023-12-19T22:00:00+00:00,121.5123,dbd5a8c4f5808900
2022-07-05,2023-12-18,2023-12-19T22:00:00+00:00,122.6276,dbd5a8c4f5808900
2022-07-06,2023-12-18,2023-12-19T22:00:00+00:00,123.0165,dbd5a8c4f5808900
2022-07-07,2023-12-18,2023-12-19T22:00:00+00:00,122.7336,dbd5a8c4f5808900
2022-07-08,2023-12-18,2023-12-19T22:00:00+00:00,122.4724,dbd5a8c4f5808900
2022-07-11,2023-12-18,2023-12-19T22:00:00+00:00,123.3062,dbd5a8c4f5808900
2022-07-12,2023-12-18,2023-12-19T22:00:00+00:00,123.4612,dbd5a8c4f5808900
2022-07-13,2023-12-18,2023-12-19T22:00:00+00:00,123.2930,dbd5a8c4f5808900
2022-07-14,2023-12-18,2023-12-19T22:00:00+00:00,124.0717,dbd5a8c4f5808900
2022-07-15,2023-12-18,2023-12-19T22:00:00+00:00,123.4842,dbd5a8c4f5808900
2022-07-18,2023-12-18,2023-12-19T22:00:00+00:00,122.7800,dbd5a8c4f5808900
2022-07-19,2023-12-18,2023-12-19T22:00:00+00:00,122.4922,dbd5a8c4f5808900
2022-07-20,2023-12-18,2023-12-19T22:00:00+00:00,122.6096,dbd5a8c4f5808900
2022-07-21,2023-12-18,2023-12-19T22:00:00+00:00,122.9169,dbd5a8c4f5808900
2022-07-22,2023-12-18,2023-12-19T22:00:00+00:00,122.4643,dbd5a8c4f5808900
2022-07-25,2023-12-18,2023-12-19T22:00:00+00:00,122.4721,dbd5a8c4f5808900
2022-07-26,2023-12-18,2023-12-19T22:00:00+00:00,122.7698,dbd5a8c4f5808900
2022-07-27,2023-12-18,2023-12-19T22:00:00+00:00,122.8281,dbd5a8c4f5808900
2022-07-28,2023-12-18,2023-12-19T22:00:00+00:00,122.1267,dbd5a8c4f5808900
2022-07-29,2023-12-18,2023-12-19T22:00:00+00:00,121.7793,dbd5a8c4f5808900
2022-08-01,2023-12-18,2023-12-19T22:00:00+00:00,121.4218,dbd5a8c4f5808900
2022-08-02,2023-12-18,2023-12-19T22:00:00+00:00,121.9609,dbd5a8c4f5808900
2022-08-03,2023-12-18,2023-12-19T22:00:00+00:00,122.4002,dbd5a8c4f5808900
2022-08-04,2023-12-18,2023-12-19T22:00:00+00:00,121.8436,dbd5a8c4f5808900
2022-08-05,2023-12-18,2023-12-19T22:00:00+00:00,122.3300,dbd5a8c4f5808900
2022-08-08,2023-12-18,2023-12-19T22:00:00+00:00,121.8887,dbd5a8c4f5808900
2022-08-09,2023-12-18,2023-12-19T22:00:00+00:00,121.8719,dbd5a8c4f5808900
2022-08-10,2023-12-18,2023-12-19T22:00:00+00:00,120.7648,dbd5a8c4f5808900
2022-08-11,2023-12-18,2023-12-19T22:00:00+00:00,120.7281,dbd5a8c4f5808900
2022-08-12,2023-12-18,2023-12-19T22:00:00+00:00,121.0272,dbd5a8c4f5808900
2022-08-15,2023-12-18,2023-12-19T22:00:00+00:00,121.4382,dbd5a8c4f5808900
2022-08-16,2023-12-18,2023-12-19T22:00:00+00:00,121.6889,dbd5a8c4f5808900
2022-08-17,2023-12-18,2023-12-19T22:00:00+00:00,122.0802,dbd5a8c4f5808900
2022-08-18,2023-12-18,2023-12-19T22:00:00+00:00,122.3722,dbd5a8c4f5808900
2022-08-19,2023-12-18,2023-12-19T22:00:00+00:00,123.0596,dbd5a8c4f5808900
2022-08-22,2023-12-18,2023-12-19T22:00:00+00:00,123.6123,dbd5a8c4f5808900
2022-08-23,2023-12-18,2023-12-19T22:00:00+00:00,123.0617,dbd5a8c4f5808900
2022-08-24,2023-12-18,2023-12-19T22:00:00+00:00,123.1136,dbd5a8c4f5808900
2022-08-25,2023-12-18,2023-12-19T22:00:00+00:00,123.0645,dbd5a8c4f5808900
2022-08-26,2023-12-18,2023-12-19T22:00:00+00:00,123.0709,dbd5a8c4f5808900
2022-08-29,2023-12-18,2023-12-19T22:00:00+00:00,123.4739,dbd5a8c4f5808900
2022-08-30,2023-12-18,2023-12-19T22:00:00+00:00,123.6893,dbd5a8c4f5808900
2022-08-31,2023-12-18,2023-12-19T22:00:00+00:00,123.5407,dbd5a8c4f5808900
2022-09-01,2023-12-18,2023-12-19T22:00:00+00:00,124.4045,dbd5a8c4f5808900
2022-09-02,2023-12-18,2023-12-19T22:00:00+00:00,123.7771,dbd5a8c4f5808900
2022-09-06,2023-12-18,2023-12-19T22:00:00+00:00,124.7719,dbd5a8c4f5808900
2022-09-07,2023-12-18,2023-12-19T22:00:00+00:00,124.8457,dbd5a8c4f5808900
2022-09-08,2023-12-18,2023-12-19T22:00:00+00:00,124.5840,dbd5a8c4f5808900
2022-09-09,2023-12-18,2023-12-19T22:00:00+00:00,123.7954,dbd5a8c4f5808900
2022-09-12,2023-12-18,2023-12-19T22:00:00+00:00,123.3441,dbd5a8c4f5808900
2022-09-13,2023-12-18,2023-12-19T22:00:00+00:00,124.4342,dbd5a8c4f5808900
2022-09-14,2023-12-18,2023-12-19T22:00:00+00:00,124.4593,dbd5a8c4f5808900
2022-09-15,2023-12-18,2023-12-19T22:00:00+00:00,124.8944,dbd5a8c4f5808900
2022-09-16,2023-12-18,2023-12-19T22:00:00+00:00,124.8879,dbd5a8c4f5808900
2022-09-19,2023-12-18,2023-12-19T22:00:00+00:00,125.0177,dbd5a8c4f5808900
2022-09-20,2023-12-18,2023-12-19T22:00:00+00:00,125.1324,dbd5a8c4f5808900
2022-09-21,2023-12-18,2023-12-19T22:00:00+00:00,125.7464,dbd5a8c4f5808900
2022-09-22,2023-12-18,2023-12-19T22:00:00+00:00,126.1668,dbd5a8c4f5808900
2022-09-23,2023-12-18,2023-12-19T22:00:00+00:00,127.2867,dbd5a8c4f5808900
2022-09-26,2023-12-18,2023-12-19T22:00:00+00:00,128.4544,dbd5a8c4f5808900
2022-09-27,2023-12-18,2023-12-19T22:00:00+00:00,128.4399,dbd5a8c4f5808900
2022-09-28,2023-12-18,2023-12-19T22:00:00+00:00,128.0937,dbd5a8c4f5808900
2022-09-29,2023-12-18,2023-12-19T22:00:00+00:00,127.5463,dbd5a8c4f5808900
2022-09-30,2023-12-18,2023-12-19T22:00:00+00:00,127.5159,dbd5a8c4f5808900
2022-10-03,2023-12-18,2023-12-19T22:00:00+00:00,127.0793,dbd5a8c4f5808900
2022-10-04,2023-12-18,2023-12-19T22:00:00+00:00,126.1840,dbd5a8c4f5808900
2022-10-05,2023-12-18,2023-12-19T22:00:00+00:00,126.8630,dbd5a8c4f5808900
2022-10-06,2023-12-18,2023-12-19T22:00:00+00:00,127.2481,dbd5a8c4f5808900
2022-10-07,2023-12-18,2023-12-19T22:00:00+00:00,127.3093,dbd5a8c4f5808900
2022-10-11,2023-12-18,2023-12-19T22:00:00+00:00,127.6614,dbd5a8c4f5808900
2022-10-12,2023-12-18,2023-12-19T22:00:00+00:00,128.1456,dbd5a8c4f5808900
2022-10-13,2023-12-18,2023-12-19T22:00:00+00:00,127.7276,dbd5a8c4f5808900
2022-10-14,2023-12-18,2023-12-19T22:00:00+00:00,128.3303,dbd5a8c4f5808900
2022-10-17,2023-12-18,2023-12-19T22:00:00+00:00,127.6478,dbd5a8c4f5808900
2022-10-18,2023-12-18,2023-12-19T22:00:00+00:00,127.9184,dbd5a8c4f5808900
2022-10-19,2023-12-18,2023-12-19T22:00:00+00:00,128.3992,dbd5a8c4f5808900
2022-10-20,2023-12-18,2023-12-19T22:00:00+00:00,128.0084,dbd5a8c4f5808900
2022-10-21,2023-12-18,2023-12-19T22:00:00+00:00,127.6758,dbd5a8c4f5808900
2022-10-24,2023-12-18,2023-12-19T22:00:00+00:00,128.0351,dbd5a8c4f5808900
2022-10-25,2023-12-18,2023-12-19T22:00:00+00:00,127.3840,dbd5a8c4f5808900
2022-10-26,2023-12-18,2023-12-19T22:00:00+00:00,126.4810,dbd5a8c4f5808900
2022-10-27,2023-12-18,2023-12-19T22:00:00+00:00,126.7102,dbd5a8c4f5808900
2022-10-28,2023-12-18,2023-12-19T22:00:00+00:00,127.2196,dbd5a8c4f5808900
2022-10-31,2023-12-18,2023-12-19T22:00:00+00:00,127.6272,dbd5a8c4f5808900
2022-11-01,2023-12-18,2023-12-19T22:00:00+00:00,127.4011,dbd5a8c4f5808900
2022-11-02,2023-12-18,2023-12-19T22:00:00+00:00,127.3138,dbd5a8c4f5808900
2022-11-03,2023-12-18,2023-12-19T22:00:00+00:00,128.1712,dbd5a8c4f5808900
2022-11-04,2023-12-18,2023-12-19T22:00:00+00:00,127.1490,dbd5a8c4f5808900
2022-11-07,2023-12-18,2023-12-19T22:00:00+00:00,126.3098,dbd5a8c4f5808900
2022-11-08,2023-12-18,2023-12-19T22:00:00+00:00,125.6400,dbd5a8c4f5808900
2022-11-09,2023-12-18,2023-12-19T22:00:00+00:00,125.9926,dbd5a8c4f5808900
2022-11-10,2023-12-18,2023-12-19T22:00:00+00:00,124.7142,dbd5a8c4f5808900
2022-11-14,2023-12-18,2023-12-19T22:00:00+00:00,123.4425,dbd5a8c4f5808900
2022-11-15,2023-12-18,2023-12-19T22:00:00+00:00,123.0534,dbd5a8c4f5808900
2022-11-16,2023-12-18,2023-12-19T22:00:00+00:00,123.2964,dbd5a8c4f5808900
2022-11-17,2023-12-18,2023-12-19T22:00:00+00:00,123.9929,dbd5a8c4f5808900
2022-11-18,2023-12-18,2023-12-19T22:00:00+00:00,123.8678,dbd5a8c4f5808900
2022-11-21,2023-12-18,2023-12-19T22:00:00+00:00,124.7143,dbd5a8c4f5808900
2022-11-22,2023-12-18,2023-12-19T22:00:00+00:00,124.2510,dbd5a8c4f5808900
2022-11-23,2023-12-18,2023-12-19T22:00:00+00:00,123.7739,dbd5a8c4f5808900
2022-11-25,2023-12-18,2023-12-19T22:00:00+00:00,123.3547,dbd5a8c4f5808900
2022-11-28,2023-12-18,2023-12-19T22:00:00+00:00,123.6181,dbd5a8c4f5808900
2022-11-29,2023-12-18,2023-12-19T22:00:00+00:00,123.6703,dbd5a8c4f5808900
2022-11-30,2023-12-18,2023-12-19T22:00:00+00:00,123.5276,dbd5a8c4f5808900
2022-12-01,2023-12-18,2023-12-19T22:00:00+00:00,122.0147,dbd5a8c4f5808900
2022-12-02,2023-12-18,2023-12-19T22:00:00+00:00,122.0218,dbd5a8c4f5808900
2022-12-05,2023-12-18,2023-12-19T22:00:00+00:00,122.6511,dbd5a8c4f5808900
2022-12-06,2023-12-18,2023-12-19T22:00:00+00:00,123.0319,dbd5a8c4f5808900
2022-12-07,2023-12-18,2023-12-19T22:00:00+00:00,122.7716,dbd5a8c4f5808900
2022-12-08,2023-12-18,2023-12-19T22:00:00+00:00,122.4275,dbd5a8c4f5808900
2022-12-09,2023-12-18,2023-12-19T22:00:00+00:00,122.4343,dbd5a8c4f5808900
2022-12-12,2023-12-18,2023-12-19T22:00:00+00:00,122.7861,dbd5a8c4f5808900
2022-12-13,2023-12-18,2023-12-19T22:00:00+00:00,121.8644,dbd5a8c4f5808900
2022-12-14,2023-12-18,2023-12-19T22:00:00+00:00,121.8391,dbd5a8c4f5808900
2022-12-15,2023-12-18,2023-12-19T22:00:00+00:00,122.5684,dbd5a8c4f5808900
2022-12-16,2023-12-18,2023-12-19T22:00:00+00:00,122.6647,dbd5a8c4f5808900
2022-12-19,2023-12-18,2023-12-19T22:00:00+00:00,122.5438,dbd5a8c4f5808900
2022-12-20,2023-12-18,2023-12-19T22:00:00+00:00,122.1502,dbd5a8c4f5808900
2022-12-21,2023-12-18,2023-12-19T22:00:00+00:00,122.2965,dbd5a8c4f5808900
2022-12-22,2023-12-18,2023-12-19T22:00:00+00:00,122.2525,dbd5a8c4f5808900
2022-12-23,2023-12-18,2023-12-19T22:00:00+00:00,121.9843,dbd5a8c4f5808900
2022-12-27,2023-12-18,2023-12-19T22:00:00+00:00,121.7670,dbd5a8c4f5808900
2022-12-28,2023-12-18,2023-12-19T22:00:00+00:00,122.0200,dbd5a8c4f5808900
2022-12-29,2023-12-18,2023-12-19T22:00:00+00:00,121.6713,dbd5a8c4f5808900
2022-12-30,2023-12-18,2023-12-19T22:00:00+00:00,121.4392,dbd5a8c4f5808900
2023-01-03,2023-12-18,2023-12-19T22:00:00+00:00,122.0844,dbd5a8c4f5808900
2023-01-04,2023-12-18,2023-12-19T22:00:00+00:00,121.5108,dbd5a8c4f5808900
2023-01-05,2023-12-18,2023-12-19T22:00:00+00:00,122.0786,dbd5a8c4f5808900
2023-01-06,2023-12-18,2023-12-19T22:00:00+00:00,121.0814,dbd5a8c4f5808900
2023-01-09,2023-12-18,2023-12-19T22:00:00+00:00,120.1403,dbd5a8c4f5808900
2023-01-10,2023-12-18,2023-12-19T22:00:00+00:00,120.2340,dbd5a8c4f5808900
2023-01-11,2023-12-18,2023-12-19T22:00:00+00:00,120.1445,dbd5a8c4f5808900
2023-01-12,2023-12-18,2023-12-19T22:00:00+00:00,119.4108,dbd5a8c4f5808900
2023-01-13,2023-12-18,2023-12-19T22:00:00+00:00,119.1422,dbd5a8c4f5808900
2023-01-17,2023-12-18,2023-12-19T22:00:00+00:00,119.2186,dbd5a8c4f5808900
2023-01-18,2023-12-18,2023-12-19T22:00:00+00:00,119.0800,dbd5a8c4f5808900
2023-01-19,2023-12-18,2023-12-19T22:00:00+00:00,119.6033,dbd5a8c4f5808900
2023-01-20,2023-12-18,2023-12-19T22:00:00+00:00,119.3588,dbd5a8c4f5808900
2023-01-23,2023-12-18,2023-12-19T22:00:00+00:00,119.1671,dbd5a8c4f5808900
2023-01-24,2023-12-18,2023-12-19T22:00:00+00:00,119.1174,dbd5a8c4f5808900
2023-01-25,2023-12-18,2023-12-19T22:00:00+00:00,118.9950,dbd5a8c4f5808900
2023-01-26,2023-12-18,2023-12-19T22:00:00+00:00,119.0472,dbd5a8c4f5808900
2023-01-27,2023-12-18,2023-12-19T22:00:00+00:00,118.9521,dbd5a8c4f5808900
2023-01-30,2023-12-18,2023-12-19T22:00:00+00:00,118.9079,dbd5a8c4f5808900
2023-01-31,2023-12-18,2023-12-19T22:00:00+00:00,118.9910,dbd5a8c4f5808900
2023-02-01,2023-12-18,2023-12-19T22:00:00+00:00,118.6396,dbd5a8c4f5808900
2023-02-02,2023-12-18,2023-12-19T22:00:00+00:00,118.3490,dbd5a8c4f5808900
2023-02-03,2023-12-18,2023-12-19T22:00:00+00:00,119.5014,dbd5a8c4f5808900
2023-02-06,2023-12-18,2023-12-19T22:00:00+00:00,120.5116,dbd5a8c4f5808900
2023-02-07,2023-12-18,2023-12-19T22:00:00+00:00,120.3298,dbd5a8c4f5808900
2023-02-08,2023-12-18,2023-12-19T22:00:00+00:00,120.1390,dbd5a8c4f5808900
2023-02-09,2023-12-18,2023-12-19T22:00:00+00:00,119.9785,dbd5a8c4f5808900
2023-02-10,2023-12-18,2023-12-19T22:00:00+00:00,120.1531,dbd5a8c4f5808900
2023-02-13,2023-12-18,2023-12-19T22:00:00+00:00,120.0145,dbd5a8c4f5808900
2023-02-14,2023-12-18,2023-12-19T22:00:00+00:00,119.9601,dbd5a8c4f5808900
2023-02-15,2023-12-18,2023-12-19T22:00:00+00:00,120.4926,dbd5a8c4f5808900
2023-02-16,2023-12-18,2023-12-19T22:00:00+00:00,120.5069,dbd5a8c4f5808900
2023-02-17,2023-12-18,2023-12-19T22:00:00+00:00,120.6023,dbd5a8c4f5808900
2023-02-21,2023-12-18,2023-12-19T22:00:00+00:00,120.6780,dbd5a8c4f5808900
2023-02-22,2023-12-18,2023-12-19T22:00:00+00:00,120.8969,dbd5a8c4f5808900
2023-02-23,2023-12-18,2023-12-19T22:00:00+00:00,121.1410,dbd5a8c4f5808900
2023-02-24,2023-12-18,2023-12-19T22:00:00+00:00,121.6297,dbd5a8c4f5808900
2023-02-27,2023-12-18,2023-12-19T22:00:00+00:00,121.4656,dbd5a8c4f5808900
2023-02-28,2023-12-18,2023-12-19T22:00:00+00:00,121.4062,dbd5a8c4f5808900
2023-03-01,2023-12-18,2023-12-19T22:00:00+00:00,120.6971,dbd5a8c4f5808900
2023-03-02,2023-12-18,2023-12-19T22:00:00+00:00,121.1949,dbd5a8c4f5808900
2023-03-03,2023-12-18,2023-12-19T22:00:00+00:00,120.8468,dbd5a8c4f5808900
2023-03-06,2023-12-18,2023-12-19T22:00:00+00:00,120.5776,dbd5a8c4f5808900
2023-03-07,2023-12-18,2023-12-19T22:00:00+00:00,121.5310,dbd5a8c4f5808900
2023-03-08,2023-12-18,2023-12-19T22:00:00+00:00,121.5222,dbd5a8c4f5808900
2023-03-09,2023-12-18,2023-12-19T22:00:00+00:00,121.5225,dbd5a8c4f5808900
2023-03-10,2023-12-18,2023-12-19T22:00:00+00:00,121.2963,dbd5a8c4f5808900
2023-03-13,2023-12-18,2023-12-19T22:00:00+00:00,120.9157,dbd5a8c4f5808900
2023-03-14,2023-12-18,2023-12-19T22:00:00+00:00,121.0520,dbd5a8c4f5808900
2023-03-15,2023-12-18,2023-12-19T22:00:00+00:00,122.1149,dbd5a8c4f5808900
2023-03-16,2023-12-18,2023-12-19T22:00:00+00:00,121.7510,dbd5a8c4f5808900
2023-03-17,2023-12-18,2023-12-19T22:00:00+00:00,121.5923,dbd5a8c4f5808900
2023-03-20,2023-12-18,2023-12-19T22:00:00+00:00,121.0637,dbd5a8c4f5808900
2023-03-21,2023-12-18,2023-12-19T22:00:00+00:00,120.9535,dbd5a8c4f5808900
2023-03-22,2023-12-18,2023-12-19T22:00:00+00:00,120.6883,dbd5a8c4f5808900
2023-03-23,2023-12-18,2023-12-19T22:00:00+00:00,119.8174,dbd5a8c4f5808900
2023-03-24,2023-12-18,2023-12-19T22:00:00+00:00,120.5106,dbd5a8c4f5808900
2023-03-27,2023-12-18,2023-12-19T22:00:00+00:00,120.3239,dbd5a8c4f5808900
2023-03-28,2023-12-18,2023-12-19T22:00:00+00:00,119.7987,dbd5a8c4f5808900
2023-03-29,2023-12-18,2023-12-19T22:00:00+00:00,119.8223,dbd5a8c4f5808900
2023-03-30,2023-12-18,2023-12-19T22:00:00+00:00,119.5103,dbd5a8c4f5808900
2023-03-31,2023-12-18,2023-12-19T22:00:00+00:00,119.4611,dbd5a8c4f5808900
2023-04-03,2023-12-18,2023-12-19T22:00:00+00:00,119.4342,dbd5a8c4f5808900
2023-04-04,2023-12-18,2023-12-19T22:00:00+00:00,119.2641,dbd5a8c4f5808900
2023-04-05,2023-12-18,2023-12-19T22:00:00+00:00,119.4068,dbd5a8c4f5808900
2023-04-06,2023-12-18,2023-12-19T22:00:00+00:00,119.4229,dbd5a8c4f5808900
2023-04-07,2023-12-18,2023-12-19T22:00:00+00:00,119.4673,dbd5a8c4f5808900
2023-04-10,2023-12-18,2023-12-19T22:00:00+00:00,119.8962,dbd5a8c4f5808900
2023-04-11,2023-12-18,2023-12-19T22:00:00+00:00,119.6409,dbd5a8c4f5808900
2023-04-12,2023-12-18,2023-12-19T22:00:00+00:00,119.1341,dbd5a8c4f5808900
2023-04-13,2023-12-18,2023-12-19T22:00:00+00:00,118.5376,dbd5a8c4f5808900
2023-04-14,2023-12-18,2023-12-19T22:00:00+00:00,118.9830,dbd5a8c4f5808900
2023-04-17,2023-12-18,2023-12-19T22:00:00+00:00,119.3981,dbd5a8c4f5808900
2023-04-18,2023-12-18,2023-12-19T22:00:00+00:00,119.2345,dbd5a8c4f5808900
2023-04-19,2023-12-18,2023-12-19T22:00:00+00:00,119.4377,dbd5a8c4f5808900
2023-04-20,2023-12-18,2023-12-19T22:00:00+00:00,119.2525,dbd5a8c4f5808900
2023-04-21,2023-12-18,2023-12-19T22:00:00+00:00,119.4472,dbd5a8c4f5808900
2023-04-24,2023-12-18,2023-12-19T22:00:00+00:00,119.3486,dbd5a8c4f5808900
2023-04-25,2023-12-18,2023-12-19T22:00:00+00:00,119.7551,dbd5a8c4f5808900
2023-04-26,2023-12-18,2023-12-19T22:00:00+00:00,119.4758,dbd5a8c4f5808900
2023-04-27,2023-12-18,2023-12-19T22:00:00+00:00,119.5754,dbd5a8c4f5808900
2023-04-28,2023-12-18,2023-12-19T22:00:00+00:00,119.3760,dbd5a8c4f5808900
2023-05-01,2023-12-18,2023-12-19T22:00:00+00:00,119.5845,dbd5a8c4f5808900
2023-05-02,2023-12-18,2023-12-19T22:00:00+00:00,119.7514,dbd5a8c4f5808900
2023-05-03,2023-12-18,2023-12-19T22:00:00+00:00,119.2773,dbd5a8c4f5808900
2023-05-04,2023-12-18,2023-12-19T22:00:00+00:00,119.1900,dbd5a8c4f5808900
2023-05-05,2023-12-18,2023-12-19T22:00:00+00:00,118.7184,dbd5a8c4f5808900
2023-05-08,2023-12-18,2023-12-19T22:00:00+00:00,118.7415,dbd5a8c4f5808900
2023-05-09,2023-12-18,2023-12-19T22:00:00+00:00,118.9840,dbd5a8c4f5808900
2023-05-10,2023-12-18,2023-12-19T22:00:00+00:00,118.7561,dbd5a8c4f5808900
2023-05-11,2023-12-18,2023-12-19T22:00:00+00:00,119.1902,dbd5a8c4f5808900
2023-05-12,2023-12-18,2023-12-19T22:00:00+00:00,119.5206,dbd5a8c4f5808900
2023-05-15,2023-12-18,2023-12-19T22:00:00+00:00,119.3288,dbd5a8c4f5808900
2023-05-16,2023-12-18,2023-12-19T22:00:00+00:00,119.3567,dbd5a8c4f5808900
2023-05-17,2023-12-18,2023-12-19T22:00:00+00:00,119.7849,dbd5a8c4f5808900
2023-05-18,2023-12-18,2023-12-19T22:00:00+00:00,120.2642,dbd5a8c4f5808900
2023-05-19,2023-12-18,2023-12-19T22:00:00+00:00,119.9479,dbd5a8c4f5808900
2023-05-22,2023-12-18,2023-12-19T22:00:00+00:00,120.2609,dbd5a8c4f5808900
2023-05-23,2023-12-18,2023-12-19T22:00:00+00:00,120.4913,dbd5a8c4f5808900
2023-05-24,2023-12-18,2023-12-19T22:00:00+00:00,120.6481,dbd5a8c4f5808900
2023-05-25,2023-12-18,2023-12-19T22:00:00+00:00,121.0126,dbd5a8c4f5808900
2023-05-26,2023-12-18,2023-12-19T22:00:00+00:00,120.8022,dbd5a8c4f5808900
2023-05-30,2023-12-18,2023-12-19T22:00:00+00:00,120.7387,dbd5a8c4f5808900
2023-05-31,2023-12-18,2023-12-19T22:00:00+00:00,121.1527,dbd5a8c4f5808900
2023-06-01,2023-12-18,2023-12-19T22:00:00+00:00,120.2628,dbd5a8c4f5808900
2023-06-02,2023-12-18,2023-12-19T22:00:00+00:00,120.2102,dbd5a8c4f5808900
2023-06-05,2023-12-18,2023-12-19T22:00:00+00:00,120.2175,dbd5a8c4f5808900
2023-06-06,2023-12-18,2023-12-19T22:00:00+00:00,120.1906,dbd5a8c4f5808900
2023-06-07,2023-12-18,2023-12-19T22:00:00+00:00,120.0893,dbd5a8c4f5808900
2023-06-08,2023-12-18,2023-12-19T22:00:00+00:00,119.8069,dbd5a8c4f5808900
2023-06-09,2023-12-18,2023-12-19T22:00:00+00:00,119.6781,dbd5a8c4f5808900
2023-06-12,2023-12-18,2023-12-19T22:00:00+00:00,119.8890,dbd5a8c4f5808900
2023-06-13,2023-12-18,2023-12-19T22:00:00+00:00,119.4641,dbd5a8c4f5808900
2023-06-14,2023-12-18,2023-12-19T22:00:00+00:00,119.0646,dbd5a8c4f5808900
2023-06-15,2023-12-18,2023-12-19T22:00:00+00:00,118.8447,dbd5a8c4f5808900
2023-06-16,2023-12-18,2023-12-19T22:00:00+00:00,118.7168,dbd5a8c4f5808900
2023-06-20,2023-12-18,2023-12-19T22:00:00+00:00,119.2458,dbd5a8c4f5808900
2023-06-21,2023-12-18,2023-12-19T22:00:00+00:00,119.0438,dbd5a8c4f5808900
2023-06-22,2023-12-18,2023-12-19T22:00:00+00:00,119.0740,dbd5a8c4f5808900
2023-06-23,2023-12-18,2023-12-19T22:00:00+00:00,119.4584,dbd5a8c4f5808900
2023-06-26,2023-12-18,2023-12-19T22:00:00+00:00,119.4123,dbd5a8c4f5808900
2023-06-27,2023-12-18,2023-12-19T22:00:00+00:00,119.2350,dbd5a8c4f5808900
2023-06-28,2023-12-18,2023-12-19T22:00:00+00:00,119.6759,dbd5a8c4f5808900
2023-06-29,2023-12-18,2023-12-19T22:00:00+00:00,119.8659,dbd5a8c4f5808900
2023-06-30,2023-12-18,2023-12-19T22:00:00+00:00,119.7118,dbd5a8c4f5808900
2023-07-03,2023-12-18,2023-12-19T22:00:00+00:00,119.5618,dbd5a8c4f5808900
2023-07-05,2023-12-18,2023-12-19T22:00:00+00:00,119.6971,dbd5a8c4f5808900
2023-07-06,2023-12-18,2023-12-19T22:00:00+00:00,120.1579,dbd5a8c4f5808900
2023-07-07,2023-12-18,2023-12-19T22:00:00+00:00,119.4293,dbd5a8c4f5808900
2023-07-10,2023-12-18,2023-12-19T22:00:00+00:00,119.3179,dbd5a8c4f5808900
2023-07-11,2023-12-18,2023-12-19T22:00:00+00:00,119.0891,dbd5a8c4f5808900
2023-07-12,2023-12-18,2023-12-19T22:00:00+00:00,118.0104,dbd5a8c4f5808900
2023-07-13,2023-12-18,2023-12-19T22:00:00+00:00,117.5569,dbd5a8c4f5808900
2023-07-14,2023-12-18,2023-12-19T22:00:00+00:00,117.4209,dbd5a8c4f5808900
2023-07-17,2023-12-18,2023-12-19T22:00:00+00:00,117.5139,dbd5a8c4f5808900
2023-07-18,2023-12-18,2023-12-19T22:00:00+00:00,117.4145,dbd5a8c4f5808900
2023-07-19,2023-12-18,2023-12-19T22:00:00+00:00,117.7450,dbd5a8c4f5808900
2023-07-20,2023-12-18,2023-12-19T22:00:00+00:00,117.9615,dbd5a8c4f5808900
2023-07-21,2023-12-18,2023-12-19T22:00:00+00:00,118.3072,dbd5a8c4f5808900
2023-07-24,2023-12-18,2023-12-19T22:00:00+00:00,118.1812,dbd5a8c4f5808900
2023-07-25,2023-12-18,2023-12-19T22:00:00+00:00,118.1978,dbd5a8c4f5808900
2023-07-26,2023-12-18,2023-12-19T22:00:00+00:00,118.1097,dbd5a8c4f5808900
2023-07-27,2023-12-18,2023-12-19T22:00:00+00:00,118.2497,dbd5a8c4f5808900
2023-07-28,2023-12-18,2023-12-19T22:00:00+00:00,118.1429,dbd5a8c4f5808900
2023-07-31,2023-12-18,2023-12-19T22:00:00+00:00,118.1738,dbd5a8c4f5808900
2023-08-01,2023-12-18,2023-12-19T22:00:00+00:00,118.9156,dbd5a8c4f5808900
2023-08-02,2023-12-18,2023-12-19T22:00:00+00:00,119.4622,dbd5a8c4f5808900
2023-08-03,2023-12-18,2023-12-19T22:00:00+00:00,119.7123,dbd5a8c4f5808900
2023-08-04,2023-12-18,2023-12-19T22:00:00+00:00,119.1684,dbd5a8c4f5808900
2023-08-07,2023-12-18,2023-12-19T22:00:00+00:00,119.4297,dbd5a8c4f5808900
2023-08-08,2023-12-18,2023-12-19T22:00:00+00:00,119.9870,dbd5a8c4f5808900
2023-08-09,2023-12-18,2023-12-19T22:00:00+00:00,119.8273,dbd5a8c4f5808900
2023-08-10,2023-12-18,2023-12-19T22:00:00+00:00,119.5248,dbd5a8c4f5808900
2023-08-11,2023-12-18,2023-12-19T22:00:00+00:00,119.9929,dbd5a8c4f5808900
2023-08-14,2023-12-18,2023-12-19T22:00:00+00:00,120.4451,dbd5a8c4f5808900
2023-08-15,2023-12-18,2023-12-19T22:00:00+00:00,120.5927,dbd5a8c4f5808900
2023-08-16,2023-12-18,2023-12-19T22:00:00+00:00,120.7308,dbd5a8c4f5808900
2023-08-17,2023-12-18,2023-12-19T22:00:00+00:00,120.8924,dbd5a8c4f5808900
2023-08-18,2023-12-18,2023-12-19T22:00:00+00:00,120.7937,dbd5a8c4f5808900
2023-08-21,2023-12-18,2023-12-19T22:00:00+00:00,120.8271,dbd5a8c4f5808900
2023-08-22,2023-12-18,2023-12-19T22:00:00+00:00,120.7274,dbd5a8c4f5808900
2023-08-23,2023-12-18,2023-12-19T22:00:00+00:00,120.4036,dbd5a8c4f5808900
2023-08-24,2023-12-18,2023-12-19T22:00:00+00:00,120.5987,dbd5a8c4f5808900
2023-08-25,2023-12-18,2023-12-19T22:00:00+00:00,120.8752,dbd5a8c4f5808900
2023-08-28,2023-12-18,2023-12-19T22:00:00+00:00,120.6870,dbd5a8c4f5808900
2023-08-29,2023-12-18,2023-12-19T22:00:00+00:00,120.6383,dbd5a8c4f5808900
2023-08-30,2023-12-18,2023-12-19T22:00:00+00:00,120.1870,dbd5a8c4f5808900
2023-08-31,2023-12-18,2023-12-19T22:00:00+00:00,120.5882,dbd5a8c4f5808900
2023-09-01,2023-12-18,2023-12-19T22:00:00+00:00,121.1011,dbd5a8c4f5808900
2023-09-05,2023-12-18,2023-12-19T22:00:00+00:00,121.7785,dbd5a8c4f5808900
2023-09-06,2023-12-18,2023-12-19T22:00:00+00:00,122.2029,dbd5a8c4f5808900
2023-09-07,2023-12-18,2023-12-19T22:00:00+00:00,122.2903,dbd5a8c4f5808900
2023-09-08,2023-12-18,2023-12-19T22:00:00+00:00,122.2933,dbd5a8c4f5808900
2023-09-11,2023-12-18,2023-12-19T22:00:00+00:00,121.6757,dbd5a8c4f5808900
2023-09-12,2023-12-18,2023-12-19T22:00:00+00:00,121.6301,dbd5a8c4f5808900
2023-09-13,2023-12-18,2023-12-19T22:00:00+00:00,121.3981,dbd5a8c4f5808900
2023-09-14,2023-12-18,2023-12-19T22:00:00+00:00,121.5744,dbd5a8c4f5808900
2023-09-15,2023-12-18,2023-12-19T22:00:00+00:00,121.5361,dbd5a8c4f5808900
2023-09-18,2023-12-18,2023-12-19T22:00:00+00:00,121.5414,dbd5a8c4f5808900
2023-09-19,2023-12-18,2023-12-19T22:00:00+00:00,121.5175,dbd5a8c4f5808900
2023-09-20,2023-12-18,2023-12-19T22:00:00+00:00,121.3200,dbd5a8c4f5808900
2023-09-21,2023-12-18,2023-12-19T22:00:00+00:00,121.8972,dbd5a8c4f5808900
2023-09-22,2023-12-18,2023-12-19T22:00:00+00:00,121.8735,dbd5a8c4f5808900
2023-09-25,2023-12-18,2023-12-19T22:00:00+00:00,122.4445,dbd5a8c4f5808900
2023-09-26,2023-12-18,2023-12-19T22:00:00+00:00,122.7950,dbd5a8c4f5808900
2023-09-27,2023-12-18,2023-12-19T22:00:00+00:00,123.2947,dbd5a8c4f5808900
2023-09-28,2023-12-18,2023-12-19T22:00:00+00:00,122.8562,dbd5a8c4f5808900
2023-09-29,2023-12-18,2023-12-19T22:00:00+00:00,122.6332,dbd5a8c4f5808900
2023-10-02,2023-12-18,2023-12-19T22:00:00+00:00,123.3573,dbd5a8c4f5808900
2023-10-03,2023-12-18,2023-12-19T22:00:00+00:00,124.0624,dbd5a8c4f5808900
2023-10-04,2023-12-18,2023-12-19T22:00:00+00:00,123.8848,dbd5a8c4f5808900
2023-10-05,2023-12-18,2023-12-19T22:00:00+00:00,124.1752,dbd5a8c4f5808900
2023-10-06,2023-12-18,2023-12-19T22:00:00+00:00,123.6561,dbd5a8c4f5808900
2023-10-10,2023-12-18,2023-12-19T22:00:00+00:00,123.2437,dbd5a8c4f5808900
2023-10-11,2023-12-18,2023-12-19T22:00:00+00:00,123.0920,dbd5a8c4f5808900
2023-10-12,2023-12-18,2023-12-19T22:00:00+00:00,123.5087,dbd5a8c4f5808900
2023-10-13,2023-12-18,2023-12-19T22:00:00+00:00,123.8788,dbd5a8c4f5808900
2023-10-16,2023-12-18,2023-12-19T22:00:00+00:00,123.6210,dbd5a8c4f5808900
2023-10-17,2023-12-18,2023-12-19T22:00:00+00:00,123.4334,dbd5a8c4f5808900
2023-10-18,2023-12-18,2023-12-19T22:00:00+00:00,124.1001,dbd5a8c4f5808900
2023-10-19,2023-12-18,2023-12-19T22:00:00+00:00,124.0861,dbd5a8c4f5808900
2023-10-20,2023-12-18,2023-12-19T22:00:00+00:00,123.9049,dbd5a8c4f5808900
2023-10-23,2023-12-18,2023-12-19T22:00:00+00:00,123.5935,dbd5a8c4f5808900
2023-10-24,2023-12-18,2023-12-19T22:00:00+00:00,123.9249,dbd5a8c4f5808900
2023-10-25,2023-12-18,2023-12-19T22:00:00+00:00,124.0690,dbd5a8c4f5808900
2023-10-26,2023-12-18,2023-12-19T22:00:00+00:00,124.2850,dbd5a8c4f5808900
2023-10-27,2023-12-18,2023-12-19T22:00:00+00:00,123.9145,dbd5a8c4f5808900
2023-10-30,2023-12-18,2023-12-19T22:00:00+00:00,123.7044,dbd5a8c4f5808900
2023-10-31,2023-12-18,2023-12-19T22:00:00+00:00,124.1229,dbd5a8c4f5808900
2023-11-01,2023-12-18,2023-12-19T22:00:00+00:00,124.0801,dbd5a8c4f5808900
2023-11-02,2023-12-18,2023-12-19T22:00:00+00:00,123.1995,dbd5a8c4f5808900
2023-11-03,2023-12-18,2023-12-19T22:00:00+00:00,122.1006,dbd5a8c4f5808900
2023-11-06,2023-12-18,2023-12-19T22:00:00+00:00,121.9692,dbd5a8c4f5808900
2023-11-07,2023-12-18,2023-12-19T22:00:00+00:00,122.3882,dbd5a8c4f5808900
2023-11-08,2023-12-18,2023-12-19T22:00:00+00:00,122.4055,dbd5a8c4f5808900
2023-11-09,2023-12-18,2023-12-19T22:00:00+00:00,122.4434,dbd5a8c4f5808900
2023-11-13,2023-12-18,2023-12-19T22:00:00+00:00,122.7389,dbd5a8c4f5808900
2023-11-14,2023-12-18,2023-12-19T22:00:00+00:00,121.6865,dbd5a8c4f5808900
2023-11-15,2023-12-18,2023-12-19T22:00:00+00:00,121.4035,dbd5a8c4f5808900
2023-11-16,2023-12-18,2023-12-19T22:00:00+00:00,121.4953,dbd5a8c4f5808900
2023-11-17,2023-12-18,2023-12-19T22:00:00+00:00,121.1657,dbd5a8c4f5808900
2023-11-20,2023-12-18,2023-12-19T22:00:00+00:00,120.5653,dbd5a8c4f5808900
2023-11-21,2023-12-18,2023-12-19T22:00:00+00:00,120.5182,dbd5a8c4f5808900
2023-11-22,2023-12-18,2023-12-19T22:00:00+00:00,120.9757,dbd5a8c4f5808900
2023-11-24,2023-12-18,2023-12-19T22:00:00+00:00,120.5285,dbd5a8c4f5808900
2023-11-27,2023-12-18,2023-12-19T22:00:00+00:00,120.4893,dbd5a8c4f5808900
2023-11-28,2023-12-18,2023-12-19T22:00:00+00:00,119.9174,dbd5a8c4f5808900
2023-11-29,2023-12-18,2023-12-19T22:00:00+00:00,120.1246,dbd5a8c4f5808900
2023-11-30,2023-12-18,2023-12-19T22:00:00+00:00,120.5421,dbd5a8c4f5808900
2023-12-01,2023-12-18,2023-12-19T22:00:00+00:00,120.2542,dbd5a8c4f5808900
2023-12-04,2023-12-18,2023-12-19T22:00:00+00:00,120.7669,dbd5a8c4f5808900
2023-12-05,2023-12-18,2023-12-19T22:00:00+00:00,121.0731,dbd5a8c4f5808900
2023-12-06,2023-12-18,2023-12-19T22:00:00+00:00,120.8348,dbd5a8c4f5808900
2023-12-07,2023-12-18,2023-12-19T22:00:00+00:00,120.8938,dbd5a8c4f5808900
2023-12-08,2023-12-18,2023-12-19T22:00:00+00:00,121.0499,dbd5a8c4f5808900
2023-12-11,2023-12-18,2023-12-19T22:00:00+00:00,121.2212,dbd5a8c4f5808900
2023-12-12,2023-12-18,2023-12-19T22:00:00+00:00,120.9825,dbd5a8c4f5808900
2023-12-13,2023-12-18,2023-12-19T22:00:00+00:00,121.4667,dbd5a8c4f5808900
2023-12-14,2023-12-18,2023-12-19T22:00:00+00:00,119.8952,dbd5a8c4f5808900
2023-12-15,2023-12-18,2023-12-19T22:00:00+00:00,120.0620,dbd5a8c4f5808900
2023-12-18,2023-12-26,2023-12-27T22:00:00+00:00,120.2386,4ad2930e2725357b
2023-12-19,2023-12-26,2023-12-27T22:00:00+00:00,119.8116,4ad2930e2725357b
2023-12-20,2023-12-26,2023-12-27T22:00:00+00:00,119.8872,4ad2930e2725357b
2023-12-21,2023-12-26,2023-12-27T22:00:00+00:00,119.6721,4ad2930e2725357b
2023-12-22,2023-12-26,2023-12-27T22:00:00+00:00,119.4214,4ad2930e2725357b
2023-12-26,2024-01-02,2024-01-03T22:00:00+00:00,119.2551,9365ae25aa07f270
2023-12-27,2024-01-02,2024-01-03T22:00:00+00:00,118.8525,9365ae25aa07f270
2023-12-28,2024-01-02,2024-01-03T22:00:00+00:00,118.7620,9365ae25aa07f270
2023-12-29,2024-01-02,2024-01-03T22:00:00+00:00,118.7686,9365ae25aa07f270
2024-01-02,2024-01-08,2024-01-09T22:00:00+00:00,119.6165,01ff0a868a5a01fc
2024-01-03,2024-01-08,2024-01-09T22:00:00+00:00,120.0407,01ff0a868a5a01fc
2024-01-04,2024-01-08,2024-01-09T22:00:00+00:00,119.9775,01ff0a868a5a01fc
2024-01-05,2024-01-08,2024-01-09T22:00:00+00:00,119.7474,01ff0a868a5a01fc
2024-01-08,2024-01-16,2024-01-17T22:00:00+00:00,119.6237,43a62a20f49b5e1f
2024-01-09,2024-01-16,2024-01-17T22:00:00+00:00,120.0296,43a62a20f49b5e1f
2024-01-10,2024-01-16,2024-01-17T22:00:00+00:00,120.1258,43a62a20f49b5e1f
2024-01-11,2024-01-16,2024-01-17T22:00:00+00:00,120.2516,43a62a20f49b5e1f
2024-01-12,2024-01-16,2024-01-17T22:00:00+00:00,119.9009,43a62a20f49b5e1f
2024-01-16,2024-01-22,2024-01-23T22:00:00+00:00,120.9213,26289b8864f282cd
2024-01-17,2024-01-22,2024-01-23T22:00:00+00:00,121.3823,26289b8864f282cd
2024-01-18,2024-01-22,2024-01-23T22:00:00+00:00,121.2366,26289b8864f282cd
2024-01-19,2024-01-22,2024-01-23T22:00:00+00:00,120.9947,26289b8864f282cd
2024-01-22,2024-01-29,2024-01-30T22:00:00+00:00,120.9687,d1e8fc3c74392aab
2024-01-23,2024-01-29,2024-01-30T22:00:00+00:00,121.4244,d1e8fc3c74392aab
2024-01-24,2024-01-29,2024-01-30T22:00:00+00:00,120.8336,d1e8fc3c74392aab
2024-01-25,2024-01-29,2024-01-30T22:00:00+00:00,121.1670,d1e8fc3c74392aab
2024-01-26,2024-01-29,2024-01-30T22:00:00+00:00,120.9665,d1e8fc3c74392aab
2024-01-29,2024-02-05,2024-02-06T22:00:00+00:00,121.1888,502cf571dff7246a
2024-01-30,2024-02-05,2024-02-06T22:00:00+00:00,120.9442,502cf571dff7246a
2024-01-31,2024-02-05,2024-02-06T22:00:00+00:00,120.7727,502cf571dff7246a
2024-02-01,2024-02-05,2024-02-06T22:00:00+00:00,120.6832,502cf571dff7246a
2024-02-02,2024-02-05,2024-02-06T22:00:00+00:00,121.2438,502cf571dff7246a
2024-02-05,2024-02-12,2024-02-13T22:00:00+00:00,121.6831,ae5aeb7e123ff5ac
2024-02-06,2024-02-12,2024-02-13T22:00:00+00:00,121.3021,ae5aeb7e123ff5ac
2024-02-07,2024-02-12,2024-02-13T22:00:00+00:00,121.2518,ae5aeb7e123ff5ac
2024-02-08,2024-02-12,2024-02-13T22:00:00+00:00,121.4226,ae5aeb7e123ff5ac
2024-02-09,2024-02-12,2024-02-13T22:00:00+00:00,121.3851,ae5aeb7e123ff5ac
2024-02-12,2024-02-20,2024-02-21T22:00:00+00:00,121.2839,d5f4bdfe374da2fe
2024-02-13,2024-02-20,2024-02-21T22:00:00+00:00,121.8558,d5f4bdfe374da2fe
2024-02-14,2024-02-20,2024-02-21T22:00:00+00:00,121.7411,d5f4bdfe374da2fe
2024-02-15,2024-02-20,2024-02-21T22:00:00+00:00,121.5567,d5f4bdfe374da2fe
2024-02-16,2024-02-20,2024-02-21T22:00:00+00:00,121.4984,d5f4bdfe374da2fe
2024-02-20,2024-02-26,2024-02-27T22:00:00+00:00,121.3769,69d05fcb69f09d8c
2024-02-21,2024-02-26,2024-02-27T22:00:00+00:00,121.3918,69d05fcb69f09d8c
2024-02-22,2024-02-26,2024-02-27T22:00:00+00:00,121.4589,69d05fcb69f09d8c
2024-02-23,2024-02-26,2024-02-27T22:00:00+00:00,121.3991,69d05fcb69f09d8c
2024-02-26,2024-03-04,2024-03-05T22:00:00+00:00,121.4197,61b189019eedcaf3
2024-02-27,2024-03-04,2024-03-05T22:00:00+00:00,121.3297,61b189019eedcaf3
2024-02-28,2024-03-04,2024-03-05T22:00:00+00:00,121.4886,61b189019eedcaf3
2024-02-29,2024-03-04,2024-03-05T22:00:00+00:00,121.5385,61b189019eedcaf3
2024-03-01,2024-03-04,2024-03-05T22:00:00+00:00,121.3741,61b189019eedcaf3
2024-03-04,2024-03-11,2024-03-12T22:00:00+00:00,121.2454,883c058a9de76f1d
2024-03-05,2024-03-11,2024-03-12T22:00:00+00:00,121.2575,883c058a9de76f1d
2024-03-06,2024-03-11,2024-03-12T22:00:00+00:00,120.8481,883c058a9de76f1d
2024-03-07,2024-03-11,2024-03-12T22:00:00+00:00,120.5744,883c058a9de76f1d
2024-03-08,2024-03-11,2024-03-12T22:00:00+00:00,120.3612,883c058a9de76f1d
2024-03-11,2024-03-18,2024-03-19T22:00:00+00:00,120.4205,522c1bc77ec83fb7
2024-03-12,2024-03-18,2024-03-19T22:00:00+00:00,120.5468,522c1bc77ec83fb7
2024-03-13,2024-03-18,2024-03-19T22:00:00+00:00,120.3533,522c1bc77ec83fb7
2024-03-14,2024-03-18,2024-03-19T22:00:00+00:00,120.6272,522c1bc77ec83fb7
2024-03-15,2024-03-18,2024-03-19T22:00:00+00:00,120.7884,522c1bc77ec83fb7
2024-03-18,2024-03-25,2024-03-26T22:00:00+00:00,120.9572,db2037af2badecc5
2024-03-19,2024-03-25,2024-03-26T22:00:00+00:00,121.3111,db2037af2badecc5
2024-03-20,2024-03-25,2024-03-26T22:00:00+00:00,121.3092,db2037af2badecc5
2024-03-21,2024-03-25,2024-03-26T22:00:00+00:00,121.1869,db2037af2badecc5
2024-03-22,2024-03-25,2024-03-26T22:00:00+00:00,121.5694,db2037af2badecc5
2024-03-25,2024-04-01,2024-04-02T22:00:00+00:00,121.4143,aef4d6f87a3922bc
2024-03-26,2024-04-01,2024-04-02T22:00:00+00:00,121.4613,aef4d6f87a3922bc
2024-03-27,2024-04-01,2024-04-02T22:00:00+00:00,121.4048,aef4d6f87a3922bc
2024-03-28,2024-04-01,2024-04-02T22:00:00+00:00,121.4498,aef4d6f87a3922bc
2024-03-29,2024-04-01,2024-04-02T22:00:00+00:00,121.4062,aef4d6f87a3922bc
2024-04-01,2024-04-08,2024-04-09T22:00:00+00:00,121.8884,526cae9db3e86c57
2024-04-02,2024-04-08,2024-04-09T22:00:00+00:00,121.6881,526cae9db3e86c57
2024-04-03,2024-04-08,2024-04-09T22:00:00+00:00,121.4129,526cae9db3e86c57
2024-04-04,2024-04-08,2024-04-09T22:00:00+00:00,121.1646,526cae9db3e86c57
2024-04-05,2024-04-08,2024-04-09T22:00:00+00:00,121.3671,526cae9db3e86c57
2024-04-08,2024-04-15,2024-04-16T22:00:00+00:00,121.1487,b9734fe281a4d015
2024-04-09,2024-04-15,2024-04-16T22:00:00+00:00,121.1215,b9734fe281a4d015
2024-04-10,2024-04-15,2024-04-16T22:00:00+00:00,121.9628,b9734fe281a4d015
2024-04-11,2024-04-15,2024-04-16T22:00:00+00:00,122.0030,b9734fe281a4d015
2024-04-12,2024-04-15,2024-04-16T22:00:00+00:00,122.6566,b9734fe281a4d015
2024-04-15,2024-04-22,2024-04-23T22:00:00+00:00,122.7932,2dfebf64d595cbe9
2024-04-16,2024-04-22,2024-04-23T22:00:00+00:00,123.4732,2dfebf64d595cbe9
2024-04-17,2024-04-22,2024-04-23T22:00:00+00:00,123.3750,2dfebf64d595cbe9
2024-04-18,2024-04-22,2024-04-23T22:00:00+00:00,123.3481,2dfebf64d595cbe9
2024-04-19,2024-04-22,2024-04-23T22:00:00+00:00,123.4459,2dfebf64d595cbe9
2024-04-22,2024-04-29,2024-04-30T22:00:00+00:00,123.4011,179253befb6dcf5e
2024-04-23,2024-04-29,2024-04-30T22:00:00+00:00,123.0779,179253befb6dcf5e
2024-04-24,2024-04-29,2024-04-30T22:00:00+00:00,123.2398,179253befb6dcf5e
2024-04-25,2024-04-29,2024-04-30T22:00:00+00:00,123.1916,179253befb6dcf5e
2024-04-26,2024-04-29,2024-04-30T22:00:00+00:00,123.3004,179253befb6dcf5e
2024-04-29,2024-05-06,2024-05-07T22:00:00+00:00,122.9074,5f9810f0b36ae852
2024-04-30,2024-05-06,2024-05-07T22:00:00+00:00,123.3446,5f9810f0b36ae852
2024-05-01,2024-05-06,2024-05-07T22:00:00+00:00,123.3776,5f9810f0b36ae852
2024-05-02,2024-05-06,2024-05-07T22:00:00+00:00,122.8047,5f9810f0b36ae852
2024-05-03,2024-05-06,2024-05-07T22:00:00+00:00,122.5056,5f9810f0b36ae852
2024-05-06,2024-05-13,2024-05-14T22:00:00+00:00,122.2529,9b7f1f66bd402b5b
2024-05-07,2024-05-13,2024-05-14T22:00:00+00:00,122.4588,9b7f1f66bd402b5b
2024-05-08,2024-05-13,2024-05-14T22:00:00+00:00,122.5562,9b7f1f66bd402b5b
2024-05-09,2024-05-13,2024-05-14T22:00:00+00:00,122.5322,9b7f1f66bd402b5b
2024-05-10,2024-05-13,2024-05-14T22:00:00+00:00,122.3898,9b7f1f66bd402b5b
2024-05-13,2024-05-20,2024-05-21T22:00:00+00:00,122.4068,c7523fb59dca1587
2024-05-14,2024-05-20,2024-05-21T22:00:00+00:00,122.3094,c7523fb59dca1587
2024-05-15,2024-05-20,2024-05-21T22:00:00+00:00,121.7471,c7523fb59dca1587
2024-05-16,2024-05-20,2024-05-21T22:00:00+00:00,121.6189,c7523fb59dca1587
2024-05-17,2024-05-20,2024-05-21T22:00:00+00:00,121.6380,c7523fb59dca1587
2024-05-20,2024-05-28,2024-05-29T22:00:00+00:00,121.6377,27d00fbd1e1c6eb0
2024-05-21,2024-05-28,2024-05-29T22:00:00+00:00,121.7864,27d00fbd1e1c6eb0
2024-05-22,2024-05-28,2024-05-29T22:00:00+00:00,121.9514,27d00fbd1e1c6eb0
2024-05-23,2024-05-28,2024-05-29T22:00:00+00:00,122.1493,27d00fbd1e1c6eb0
2024-05-24,2024-05-28,2024-05-29T22:00:00+00:00,122.0215,27d00fbd1e1c6eb0
2024-05-28,2024-06-03,2024-06-04T22:00:00+00:00,121.8382,d3719c814a731201
2024-05-29,2024-06-03,2024-06-04T22:00:00+00:00,122.5535,d3719c814a731201
2024-05-30,2024-06-03,2024-06-04T22:00:00+00:00,122.3560,d3719c814a731201
2024-05-31,2024-06-03,2024-06-04T22:00:00+00:00,122.4845,d3719c814a731201
2024-06-03,2024-06-10,2024-06-11T22:00:00+00:00,122.7156,a5375e7b064c1249
2024-06-04,2024-06-10,2024-06-11T22:00:00+00:00,123.0715,a5375e7b064c1249
2024-06-05,2024-06-10,2024-06-11T22:00:00+00:00,122.9014,a5375e7b064c1249
2024-06-06,2024-06-10,2024-06-11T22:00:00+00:00,122.7416,a5375e7b064c1249
2024-06-07,2024-06-10,2024-06-11T22:00:00+00:00,123.8707,a5375e7b064c1249
2024-06-10,2024-06-17,2024-06-18T22:00:00+00:00,124.2232,a3798f1af3f081d0
2024-06-11,2024-06-17,2024-06-18T22:00:00+00:00,124.3450,a3798f1af3f081d0
2024-06-12,2024-06-17,2024-06-18T22:00:00+00:00,124.1411,a3798f1af3f081d0
2024-06-13,2024-06-17,2024-06-18T22:00:00+00:00,124.3287,a3798f1af3f081d0
2024-06-14,2024-06-17,2024-06-18T22:00:00+00:00,124.4755,a3798f1af3f081d0
2024-06-17,2024-06-24,2024-06-25T22:00:00+00:00,124.5427,53b2e1a13ffe9747
2024-06-18,2024-06-24,2024-06-25T22:00:00+00:00,124.2835,53b2e1a13ffe9747
2024-06-20,2024-06-24,2024-06-25T22:00:00+00:00,124.4960,53b2e1a13ffe9747
2024-06-21,2024-06-24,2024-06-25T22:00:00+00:00,124.4247,53b2e1a13ffe9747
2024-06-24,2024-07-01,2024-07-02T22:00:00+00:00,124.0379,c9d0779728a6bfba
2024-06-25,2024-07-01,2024-07-02T22:00:00+00:00,124.2600,c9d0779728a6bfba
2024-06-26,2024-07-01,2024-07-02T22:00:00+00:00,124.5696,c9d0779728a6bfba
2024-06-27,2024-07-01,2024-07-02T22:00:00+00:00,124.6406,c9d0779728a6bfba
2024-06-28,2024-07-01,2024-07-02T22:00:00+00:00,124.5172,c9d0779728a6bfba
2024-07-01,2024-07-08,2024-07-09T22:00:00+00:00,124.7723,c9e6ce7180681d4a
2024-07-02,2024-07-08,2024-07-09T22:00:00+00:00,124.6080,c9e6ce7180681d4a
2024-07-03,2024-07-08,2024-07-09T22:00:00+00:00,124.1096,c9e6ce7180681d4a
2024-07-05,2024-07-08,2024-07-09T22:00:00+00:00,123.8192,c9e6ce7180681d4a
2024-07-08,2024-07-15,2024-07-16T22:00:00+00:00,123.7060,c8e449e4f38ea3df
2024-07-09,2024-07-15,2024-07-16T22:00:00+00:00,123.7559,c8e449e4f38ea3df
2024-07-10,2024-07-15,2024-07-16T22:00:00+00:00,123.5508,c8e449e4f38ea3df
2024-07-11,2024-07-15,2024-07-16T22:00:00+00:00,123.1267,c8e449e4f38ea3df
2024-07-12,2024-07-15,2024-07-16T22:00:00+00:00,122.8093,c8e449e4f38ea3df
2024-07-15,2024-07-22,2024-07-23T22:00:00+00:00,123.0059,707c4aafe22ee59b
2024-07-16,2024-07-22,2024-07-23T22:00:00+00:00,123.1024,707c4aafe22ee59b
2024-07-17,2024-07-22,2024-07-23T22:00:00+00:00,122.8920,707c4aafe22ee59b
2024-07-18,2024-07-22,2024-07-23T22:00:00+00:00,123.1548,707c4aafe22ee59b
2024-07-19,2024-07-22,2024-07-23T22:00:00+00:00,123.5033,707c4aafe22ee59b
2024-07-22,2024-07-29,2024-07-30T22:00:00+00:00,123.5735,b39b89119e0cdcd3
2024-07-23,2024-07-29,2024-07-30T22:00:00+00:00,123.7296,b39b89119e0cdcd3
2024-07-24,2024-07-29,2024-07-30T22:00:00+00:00,123.8784,b39b89119e0cdcd3
2024-07-25,2024-07-29,2024-07-30T22:00:00+00:00,123.8341,b39b89119e0cdcd3
2024-07-26,2024-07-29,2024-07-30T22:00:00+00:00,123.9862,b39b89119e0cdcd3
2024-07-29,2024-08-05,2024-08-06T22:00:00+00:00,124.4412,1bfda9fa2bd2eb3e
2024-07-30,2024-08-05,2024-08-06T22:00:00+00:00,124.5760,1bfda9fa2bd2eb3e
2024-07-31,2024-08-05,2024-08-06T22:00:00+00:00,123.9223,1bfda9fa2bd2eb3e
2024-08-01,2024-08-05,2024-08-06T22:00:00+00:00,124.1551,1bfda9fa2bd2eb3e
2024-08-02,2024-08-05,2024-08-06T22:00:00+00:00,123.7169,1bfda9fa2bd2eb3e
2024-08-05,2024-08-12,2024-08-13T22:00:00+00:00,123.7919,73c9a1e2a7cd50e2
2024-08-06,2024-08-12,2024-08-13T22:00:00+00:00,123.8794,73c9a1e2a7cd50e2
2024-08-07,2024-08-12,2024-08-13T22:00:00+00:00,123.8126,73c9a1e2a7cd50e2
2024-08-08,2024-08-12,2024-08-13T22:00:00+00:00,123.6961,73c9a1e2a7cd50e2
2024-08-09,2024-08-12,2024-08-13T22:00:00+00:00,123.1964,73c9a1e2a7cd50e2
2024-08-12,2024-08-19,2024-08-20T22:00:00+00:00,123.4942,aac56675512dc234
2024-08-13,2024-08-19,2024-08-20T22:00:00+00:00,123.2819,aac56675512dc234
2024-08-14,2024-08-19,2024-08-20T22:00:00+00:00,122.7057,aac56675512dc234
2024-08-15,2024-08-19,2024-08-20T22:00:00+00:00,122.8791,aac56675512dc234
2024-08-16,2024-08-19,2024-08-20T22:00:00+00:00,122.6944,aac56675512dc234
2024-08-19,2024-08-26,2024-08-27T22:00:00+00:00,122.1762,646841c5535abcb8
2024-08-20,2024-08-26,2024-08-27T22:00:00+00:00,122.0677,646841c5535abcb8
2024-08-21,2024-08-26,2024-08-27T22:00:00+00:00,122.1407,646841c5535abcb8
2024-08-22,2024-08-26,2024-08-27T22:00:00+00:00,122.6371,646841c5535abcb8
2024-08-23,2024-08-26,2024-08-27T22:00:00+00:00,121.7525,646841c5535abcb8
2024-08-26,2024-09-03,2024-09-04T22:00:00+00:00,121.9678,3ea04c264b1ae05c
2024-08-27,2024-09-03,2024-09-04T22:00:00+00:00,122.1318,3ea04c264b1ae05c
2024-08-28,2024-09-03,2024-09-04T22:00:00+00:00,122.1586,3ea04c264b1ae05c
2024-08-29,2024-09-03,2024-09-04T22:00:00+00:00,122.4706,3ea04c264b1ae05c
2024-08-30,2024-09-03,2024-09-04T22:00:00+00:00,122.5582,3ea04c264b1ae05c
2024-09-03,2024-09-09,2024-09-10T22:00:00+00:00,123.0052,155b883556f7acbd
2024-09-04,2024-09-09,2024-09-10T22:00:00+00:00,122.7434,155b883556f7acbd
2024-09-05,2024-09-09,2024-09-10T22:00:00+00:00,122.6747,155b883556f7acbd
2024-09-06,2024-09-09,2024-09-10T22:00:00+00:00,122.7145,155b883556f7acbd
2024-09-09,2024-09-16,2024-09-17T22:00:00+00:00,122.9408,5f066cb12d3dea19
2024-09-10,2024-09-16,2024-09-17T22:00:00+00:00,123.2266,5f066cb12d3dea19
2024-09-11,2024-09-16,2024-09-17T22:00:00+00:00,123.0007,5f066cb12d3dea19
2024-09-12,2024-09-16,2024-09-17T22:00:00+00:00,122.6840,5f066cb12d3dea19
2024-09-13,2024-09-16,2024-09-17T22:00:00+00:00,121.9128,5f066cb12d3dea19
2024-09-16,2024-09-23,2024-09-24T22:00:00+00:00,121.7684,0e95ff0546e72f28
2024-09-17,2024-09-23,2024-09-24T22:00:00+00:00,121.8724,0e95ff0546e72f28
2024-09-18,2024-09-23,2024-09-24T22:00:00+00:00,121.8295,0e95ff0546e72f28
2024-09-19,2024-09-23,2024-09-24T22:00:00+00:00,121.5773,0e95ff0546e72f28
2024-09-20,2024-09-23,2024-09-24T22:00:00+00:00,121.6673,0e95ff0546e72f28
2024-09-23,2024-09-30,2024-10-01T22:00:00+00:00,121.6870,1b2c75b04c28063e
2024-09-24,2024-09-30,2024-10-01T22:00:00+00:00,121.3868,1b2c75b04c28063e
2024-09-25,2024-09-30,2024-10-01T22:00:00+00:00,121.6868,1b2c75b04c28063e
2024-09-26,2024-09-30,2024-10-01T22:00:00+00:00,121.3274,1b2c75b04c28063e
2024-09-27,2024-09-30,2024-10-01T22:00:00+00:00,121.3560,1b2c75b04c28063e
2024-09-30,2024-10-07,2024-10-08T22:00:00+00:00,121.5298,2092729cfab0a61b
2024-10-01,2024-10-07,2024-10-08T22:00:00+00:00,121.9152,2092729cfab0a61b
2024-10-02,2024-10-07,2024-10-08T22:00:00+00:00,121.8154,2092729cfab0a61b
2024-10-03,2024-10-07,2024-10-08T22:00:00+00:00,122.3469,2092729cfab0a61b
2024-10-04,2024-10-07,2024-10-08T22:00:00+00:00,122.4533,2092729cfab0a61b
2024-10-07,2024-10-15,2024-10-16T22:00:00+00:00,122.6545,530c6126159e15cf
2024-10-08,2024-10-15,2024-10-16T22:00:00+00:00,122.9111,530c6126159e15cf
2024-10-09,2024-10-15,2024-10-16T22:00:00+00:00,123.1373,530c6126159e15cf
2024-10-10,2024-10-15,2024-10-16T22:00:00+00:00,123.3431,530c6126159e15cf
2024-10-11,2024-10-15,2024-10-16T22:00:00+00:00,123.2275,530c6126159e15cf
2024-10-15,2024-10-21,2024-10-22T22:00:00+00:00,123.7730,08e3a86a784dd421
2024-10-16,2024-10-21,2024-10-22T22:00:00+00:00,124.1606,08e3a86a784dd421
2024-10-17,2024-10-21,2024-10-22T22:00:00+00:00,124.3466,08e3a86a784dd421
2024-10-18,2024-10-21,2024-10-22T22:00:00+00:00,124.1511,08e3a86a784dd421
2024-10-21,2024-10-28,2024-10-29T22:00:00+00:00,124.7004,06a82db113c02185
2024-10-22,2024-10-28,2024-10-29T22:00:00+00:00,124.6396,06a82db113c02185
2024-10-23,2024-10-28,2024-10-29T22:00:00+00:00,124.9181,06a82db113c02185
2024-10-24,2024-10-28,2024-10-29T22:00:00+00:00,124.7430,06a82db113c02185
2024-10-25,2024-10-28,2024-10-29T22:00:00+00:00,124.8418,06a82db113c02185
2024-10-28,2024-11-04,2024-11-05T22:00:00+00:00,125.0385,7385e30003c9f81e
2024-10-29,2024-11-04,2024-11-05T22:00:00+00:00,125.0952,7385e30003c9f81e
2024-10-30,2024-11-04,2024-11-05T22:00:00+00:00,125.0444,7385e30003c9f81e
2024-10-31,2024-11-04,2024-11-05T22:00:00+00:00,125.0247,7385e30003c9f81e
2024-11-01,2024-11-04,2024-11-05T22:00:00+00:00,125.0403,7385e30003c9f81e
2024-11-04,2024-11-12,2024-11-13T22:00:00+00:00,124.8168,233ea3999d4041c5
2024-11-05,2024-11-12,2024-11-13T22:00:00+00:00,124.7803,233ea3999d4041c5
2024-11-06,2024-11-12,2024-11-13T22:00:00+00:00,125.9311,233ea3999d4041c5
2024-11-07,2024-11-12,2024-11-13T22:00:00+00:00,125.0160,233ea3999d4041c5
2024-11-08,2024-11-12,2024-11-13T22:00:00+00:00,125.8066,233ea3999d4041c5
2024-11-12,2024-11-18,2024-11-19T22:00:00+00:00,126.9870,64af8e6089527dc7
2024-11-13,2024-11-18,2024-11-19T22:00:00+00:00,127.1591,64af8e6089527dc7
2024-11-14,2024-11-18,2024-11-19T22:00:00+00:00,127.2123,64af8e6089527dc7
2024-11-15,2024-11-18,2024-11-19T22:00:00+00:00,127.1021,64af8e6089527dc7
2024-11-18,2024-11-25,2024-11-26T22:00:00+00:00,126.8336,a930581d255da54a
2024-11-19,2024-11-25,2024-11-26T22:00:00+00:00,126.6361,a930581d255da54a
2024-11-20,2024-11-25,2024-11-26T22:00:00+00:00,127.1023,a930581d255da54a
2024-11-21,2024-11-25,2024-11-26T22:00:00+00:00,127.3063,a930581d255da54a
2024-11-22,2024-11-25,2024-11-26T22:00:00+00:00,127.6683,a930581d255da54a
2024-11-25,2024-12-02,2024-12-03T22:00:00+00:00,127.2110,1ebc1196e13064c6
2024-11-26,2024-12-02,2024-12-03T22:00:00+00:00,127.6435,1ebc1196e13064c6
2024-11-27,2024-12-02,2024-12-03T22:00:00+00:00,127.0601,1ebc1196e13064c6
2024-11-29,2024-12-02,2024-12-03T22:00:00+00:00,126.8114,1ebc1196e13064c6
2024-12-02,2024-12-09,2024-12-10T22:00:00+00:00,127.3499,202c8c8f9224840a
2024-12-03,2024-12-09,2024-12-10T22:00:00+00:00,127.1983,202c8c8f9224840a
2024-12-04,2024-12-09,2024-12-10T22:00:00+00:00,126.9956,202c8c8f9224840a
2024-12-05,2024-12-09,2024-12-10T22:00:00+00:00,126.6638,202c8c8f9224840a
2024-12-06,2024-12-09,2024-12-10T22:00:00+00:00,126.9271,202c8c8f9224840a
2024-12-09,2024-12-16,2024-12-17T22:00:00+00:00,126.8394,3a10534b2f5fc8a8
2024-12-10,2024-12-16,2024-12-17T22:00:00+00:00,127.1884,3a10534b2f5fc8a8
2024-12-11,2024-12-16,2024-12-17T22:00:00+00:00,127.0950,3a10534b2f5fc8a8
2024-12-12,2024-12-16,2024-12-17T22:00:00+00:00,127.2039,3a10534b2f5fc8a8
2024-12-13,2024-12-16,2024-12-17T22:00:00+00:00,127.5569,3a10534b2f5fc8a8
2024-12-16,2024-12-23,2024-12-24T22:00:00+00:00,127.5235,4bb66619f0ea6550
2024-12-17,2024-12-23,2024-12-24T22:00:00+00:00,127.7565,4bb66619f0ea6550
2024-12-18,2024-12-23,2024-12-24T22:00:00+00:00,127.8936,4bb66619f0ea6550
2024-12-19,2024-12-23,2024-12-24T22:00:00+00:00,128.8598,4bb66619f0ea6550
2024-12-20,2024-12-23,2024-12-24T22:00:00+00:00,128.1411,4bb66619f0ea6550
2024-12-23,2024-12-30,2024-12-31T22:00:00+00:00,128.5356,550f8c171910ae4a
2024-12-24,2024-12-30,2024-12-31T22:00:00+00:00,128.5651,550f8c171910ae4a
2024-12-26,2024-12-30,2024-12-31T22:00:00+00:00,128.5679,550f8c171910ae4a
2024-12-27,2024-12-30,2024-12-31T22:00:00+00:00,128.6972,550f8c171910ae4a
